[0.000000] (-) TimerEvent: {}
[0.001209] (hello_moveit_ur) JobQueued: {'identifier': 'hello_moveit_ur', 'dependencies': OrderedDict()}
[0.001343] (ira_laser_tools) JobQueued: {'identifier': 'ira_laser_tools', 'dependencies': OrderedDict()}
[0.001469] (mir_description) JobQueued: {'identifier': 'mir_description', 'dependencies': OrderedDict()}
[0.001494] (mir_msgs) JobQueued: {'identifier': 'mir_msgs', 'dependencies': OrderedDict()}
[0.001537] (mir_restapi) JobQueued: {'identifier': 'mir_restapi', 'dependencies': OrderedDict()}
[0.001557] (point_cloud_functions) JobQueued: {'identifier': 'point_cloud_functions', 'dependencies': OrderedDict()}
[0.001576] (realsense2_description) JobQueued: {'identifier': 'realsense2_description', 'dependencies': OrderedDict()}
[0.001595] (realsense_gazebo_plugin) JobQueued: {'identifier': 'realsense_gazebo_plugin', 'dependencies': OrderedDict()}
[0.001614] (robotiq_description) JobQueued: {'identifier': 'robotiq_description', 'dependencies': OrderedDict()}
[0.001632] (ros2_aruco_interfaces) JobQueued: {'identifier': 'ros2_aruco_interfaces', 'dependencies': OrderedDict()}
[0.001650] (twist_stamper) JobQueued: {'identifier': 'twist_stamper', 'dependencies': OrderedDict()}
[0.001669] (ur_description) JobQueued: {'identifier': 'ur_description', 'dependencies': OrderedDict()}
[0.001701] (mir_driver) JobQueued: {'identifier': 'mir_driver', 'dependencies': OrderedDict([('ira_laser_tools', '/home/rahul/Mir_robot/install/ira_laser_tools'), ('mir_description', '/home/rahul/Mir_robot/install/mir_description'), ('mir_msgs', '/home/rahul/Mir_robot/install/mir_msgs'), ('twist_stamper', '/home/rahul/Mir_robot/install/twist_stamper')])}
[0.001731] (mir_gazebo) JobQueued: {'identifier': 'mir_gazebo', 'dependencies': OrderedDict([('ira_laser_tools', '/home/rahul/Mir_robot/install/ira_laser_tools'), ('mir_description', '/home/rahul/Mir_robot/install/mir_description')])}
[0.001754] (ros2_aruco) JobQueued: {'identifier': 'ros2_aruco', 'dependencies': OrderedDict([('ros2_aruco_interfaces', '/home/rahul/Mir_robot/install/ros2_aruco_interfaces')])}
[0.001775] (mir_navigation) JobQueued: {'identifier': 'mir_navigation', 'dependencies': OrderedDict([('ira_laser_tools', '/home/rahul/Mir_robot/install/ira_laser_tools'), ('mir_description', '/home/rahul/Mir_robot/install/mir_description'), ('mir_msgs', '/home/rahul/Mir_robot/install/mir_msgs'), ('twist_stamper', '/home/rahul/Mir_robot/install/twist_stamper'), ('mir_driver', '/home/rahul/Mir_robot/install/mir_driver')])}
[0.001801] (mir_robot) JobQueued: {'identifier': 'mir_robot', 'dependencies': OrderedDict([('ira_laser_tools', '/home/rahul/Mir_robot/install/ira_laser_tools'), ('mir_description', '/home/rahul/Mir_robot/install/mir_description'), ('mir_gazebo', '/home/rahul/Mir_robot/install/mir_gazebo')])}
[0.001825] (ira_laser_tools) JobStarted: {'identifier': 'ira_laser_tools'}
[0.011254] (mir_description) JobStarted: {'identifier': 'mir_description'}
[0.017618] (mir_msgs) JobStarted: {'identifier': 'mir_msgs'}
[0.023748] (twist_stamper) JobStarted: {'identifier': 'twist_stamper'}
[0.032736] (ira_laser_tools) JobProgress: {'identifier': 'ira_laser_tools', 'progress': 'cmake'}
[0.033713] (ira_laser_tools) Command: {'cmd': ['/usr/bin/cmake', '/home/rahul/Mir_robot/src/ira_laser_tools/src/ira_laser_tools', '-DAMENT_CMAKE_SYMLINK_INSTALL=1', '-DCMAKE_INSTALL_PREFIX=/home/rahul/Mir_robot/install/ira_laser_tools'], 'cwd': '/home/rahul/Mir_robot/build/ira_laser_tools', 'env': OrderedDict([('LESSOPEN', '| /usr/bin/lesspipe %s'), ('USER', 'rahul'), ('LC_TIME', 'de_DE.UTF-8'), ('XDG_SESSION_TYPE', 'wayland'), ('SHLVL', '1'), ('LD_LIBRARY_PATH', '/usr/lib/x86_64-linux-gnu/gazebo-11/plugins:/opt/ros/humble/opt/rviz_ogre_vendor/lib:/opt/ros/humble/lib/x86_64-linux-gnu:/opt/ros/humble/lib'), ('HOME', '/home/rahul'), ('OLDPWD', '/home/rahul'), ('DESKTOP_SESSION', 'ubuntu'), ('ROS_PYTHON_VERSION', '3'), ('GNOME_SHELL_SESSION_MODE', 'ubuntu'), ('GTK_MODULES', 'gail:atk-bridge'), ('LC_MONETARY', 'de_DE.UTF-8'), ('SYSTEMD_EXEC_PID', '6479'), ('DBUS_SESSION_BUS_ADDRESS', 'unix:path=/run/user/1000/bus'), ('COLORTERM', 'truecolor'), ('IM_CONFIG_PHASE', '1'), ('WAYLAND_DISPLAY', 'wayland-0'), ('ROS_DISTRO', 'humble'), ('LOGNAME', 'rahul'), ('_', '/usr/bin/colcon'), ('ROS_VERSION', '2'), ('XDG_SESSION_CLASS', 'user'), ('USERNAME', 'rahul'), ('TERM', 'xterm-256color'), ('GNOME_DESKTOP_SESSION_ID', 'this-is-deprecated'), ('ROS_LOCALHOST_ONLY', '0'), ('PATH', '/opt/ros/humble/bin:/home/rahul/.local/bin:/usr/local/sbin:/usr/local/bin:/usr/sbin:/usr/bin:/sbin:/bin:/usr/games:/usr/local/games:/snap/bin:/snap/bin'), ('SESSION_MANAGER', 'local/rahul-Inspiron-5559:@/tmp/.ICE-unix/2054,unix/rahul-Inspiron-5559:/tmp/.ICE-unix/2054'), ('XDG_MENU_PREFIX', 'gnome-'), ('LC_ADDRESS', 'de_DE.UTF-8'), ('GNOME_TERMINAL_SCREEN', '/org/gnome/Terminal/screen/351eedeb_30dc_418d_b420_34c5a0c83961'), ('GNOME_SETUP_DISPLAY', ':1'), ('XDG_RUNTIME_DIR', '/run/user/1000'), ('DISPLAY', ':0'), ('LANG', 'en_US.UTF-8'), ('XDG_CURRENT_DESKTOP', 'ubuntu:GNOME'), ('LC_TELEPHONE', 'de_DE.UTF-8'), ('XMODIFIERS', '@im=ibus'), ('XDG_SESSION_DESKTOP', 'ubuntu'), ('XAUTHORITY', '/run/user/1000/.mutter-Xwaylandauth.VYRET3'), ('LS_COLORS', 'rs=0:di=01;34:ln=01;36:mh=00:pi=40;33:so=01;35:do=01;35:bd=40;33;01:cd=40;33;01:or=40;31;01:mi=00:su=37;41:sg=30;43:ca=30;41:tw=30;42:ow=34;42:st=37;44:ex=01;32:*.tar=01;31:*.tgz=01;31:*.arc=01;31:*.arj=01;31:*.taz=01;31:*.lha=01;31:*.lz4=01;31:*.lzh=01;31:*.lzma=01;31:*.tlz=01;31:*.txz=01;31:*.tzo=01;31:*.t7z=01;31:*.zip=01;31:*.z=01;31:*.dz=01;31:*.gz=01;31:*.lrz=01;31:*.lz=01;31:*.lzo=01;31:*.xz=01;31:*.zst=01;31:*.tzst=01;31:*.bz2=01;31:*.bz=01;31:*.tbz=01;31:*.tbz2=01;31:*.tz=01;31:*.deb=01;31:*.rpm=01;31:*.jar=01;31:*.war=01;31:*.ear=01;31:*.sar=01;31:*.rar=01;31:*.alz=01;31:*.ace=01;31:*.zoo=01;31:*.cpio=01;31:*.7z=01;31:*.rz=01;31:*.cab=01;31:*.wim=01;31:*.swm=01;31:*.dwm=01;31:*.esd=01;31:*.jpg=01;35:*.jpeg=01;35:*.mjpg=01;35:*.mjpeg=01;35:*.gif=01;35:*.bmp=01;35:*.pbm=01;35:*.pgm=01;35:*.ppm=01;35:*.tga=01;35:*.xbm=01;35:*.xpm=01;35:*.tif=01;35:*.tiff=01;35:*.png=01;35:*.svg=01;35:*.svgz=01;35:*.mng=01;35:*.pcx=01;35:*.mov=01;35:*.mpg=01;35:*.mpeg=01;35:*.m2v=01;35:*.mkv=01;35:*.webm=01;35:*.webp=01;35:*.ogm=01;35:*.mp4=01;35:*.m4v=01;35:*.mp4v=01;35:*.vob=01;35:*.qt=01;35:*.nuv=01;35:*.wmv=01;35:*.asf=01;35:*.rm=01;35:*.rmvb=01;35:*.flc=01;35:*.avi=01;35:*.fli=01;35:*.flv=01;35:*.gl=01;35:*.dl=01;35:*.xcf=01;35:*.xwd=01;35:*.yuv=01;35:*.cgm=01;35:*.emf=01;35:*.ogv=01;35:*.ogx=01;35:*.aac=00;36:*.au=00;36:*.flac=00;36:*.m4a=00;36:*.mid=00;36:*.midi=00;36:*.mka=00;36:*.mp3=00;36:*.mpc=00;36:*.ogg=00;36:*.ra=00;36:*.wav=00;36:*.oga=00;36:*.opus=00;36:*.spx=00;36:*.xspf=00;36:'), ('GNOME_TERMINAL_SERVICE', ':1.120'), ('SSH_AGENT_LAUNCHER', 'gnome-keyring'), ('SSH_AUTH_SOCK', '/run/user/1000/keyring/ssh'), ('AMENT_PREFIX_PATH', '/opt/ros/humble'), ('SHELL', '/bin/bash'), ('LC_NAME', 'de_DE.UTF-8'), ('QT_ACCESSIBILITY', '1'), ('GDMSESSION', 'ubuntu'), ('LESSCLOSE', '/usr/bin/lesspipe %s %s'), ('LC_MEASUREMENT', 'de_DE.UTF-8'), ('LC_IDENTIFICATION', 'de_DE.UTF-8'), ('QT_IM_MODULE', 'ibus'), ('PWD', '/home/rahul/Mir_robot/build/ira_laser_tools'), ('XDG_CONFIG_DIRS', '/etc/xdg/xdg-ubuntu:/etc/xdg'), ('XDG_DATA_DIRS', '/usr/share/ubuntu:/usr/local/share/:/usr/share/:/var/lib/snapd/desktop'), ('PYTHONPATH', '/opt/ros/humble/lib/python3.10/site-packages:/opt/ros/humble/local/lib/python3.10/dist-packages'), ('LC_NUMERIC', 'de_DE.UTF-8'), ('LC_PAPER', 'de_DE.UTF-8'), ('COLCON', '1'), ('VTE_VERSION', '6800'), ('CMAKE_PREFIX_PATH', '/opt/ros/humble')]), 'shell': False}
[0.036911] (mir_description) JobProgress: {'identifier': 'mir_description', 'progress': 'cmake'}
[0.037478] (mir_description) Command: {'cmd': ['/usr/bin/cmake', '/home/rahul/Mir_robot/src/mir_robot/mir_robot/mir_description', '-DAMENT_CMAKE_SYMLINK_INSTALL=1', '-DCMAKE_INSTALL_PREFIX=/home/rahul/Mir_robot/install/mir_description'], 'cwd': '/home/rahul/Mir_robot/build/mir_description', 'env': OrderedDict([('LESSOPEN', '| /usr/bin/lesspipe %s'), ('USER', 'rahul'), ('LC_TIME', 'de_DE.UTF-8'), ('XDG_SESSION_TYPE', 'wayland'), ('SHLVL', '1'), ('LD_LIBRARY_PATH', '/usr/lib/x86_64-linux-gnu/gazebo-11/plugins:/opt/ros/humble/opt/rviz_ogre_vendor/lib:/opt/ros/humble/lib/x86_64-linux-gnu:/opt/ros/humble/lib'), ('HOME', '/home/rahul'), ('OLDPWD', '/home/rahul'), ('DESKTOP_SESSION', 'ubuntu'), ('ROS_PYTHON_VERSION', '3'), ('GNOME_SHELL_SESSION_MODE', 'ubuntu'), ('GTK_MODULES', 'gail:atk-bridge'), ('LC_MONETARY', 'de_DE.UTF-8'), ('SYSTEMD_EXEC_PID', '6479'), ('DBUS_SESSION_BUS_ADDRESS', 'unix:path=/run/user/1000/bus'), ('COLORTERM', 'truecolor'), ('IM_CONFIG_PHASE', '1'), ('WAYLAND_DISPLAY', 'wayland-0'), ('ROS_DISTRO', 'humble'), ('LOGNAME', 'rahul'), ('_', '/usr/bin/colcon'), ('ROS_VERSION', '2'), ('XDG_SESSION_CLASS', 'user'), ('USERNAME', 'rahul'), ('TERM', 'xterm-256color'), ('GNOME_DESKTOP_SESSION_ID', 'this-is-deprecated'), ('ROS_LOCALHOST_ONLY', '0'), ('PATH', '/opt/ros/humble/bin:/home/rahul/.local/bin:/usr/local/sbin:/usr/local/bin:/usr/sbin:/usr/bin:/sbin:/bin:/usr/games:/usr/local/games:/snap/bin:/snap/bin'), ('SESSION_MANAGER', 'local/rahul-Inspiron-5559:@/tmp/.ICE-unix/2054,unix/rahul-Inspiron-5559:/tmp/.ICE-unix/2054'), ('XDG_MENU_PREFIX', 'gnome-'), ('LC_ADDRESS', 'de_DE.UTF-8'), ('GNOME_TERMINAL_SCREEN', '/org/gnome/Terminal/screen/351eedeb_30dc_418d_b420_34c5a0c83961'), ('GNOME_SETUP_DISPLAY', ':1'), ('XDG_RUNTIME_DIR', '/run/user/1000'), ('DISPLAY', ':0'), ('LANG', 'en_US.UTF-8'), ('XDG_CURRENT_DESKTOP', 'ubuntu:GNOME'), ('LC_TELEPHONE', 'de_DE.UTF-8'), ('XMODIFIERS', '@im=ibus'), ('XDG_SESSION_DESKTOP', 'ubuntu'), ('XAUTHORITY', '/run/user/1000/.mutter-Xwaylandauth.VYRET3'), ('LS_COLORS', 'rs=0:di=01;34:ln=01;36:mh=00:pi=40;33:so=01;35:do=01;35:bd=40;33;01:cd=40;33;01:or=40;31;01:mi=00:su=37;41:sg=30;43:ca=30;41:tw=30;42:ow=34;42:st=37;44:ex=01;32:*.tar=01;31:*.tgz=01;31:*.arc=01;31:*.arj=01;31:*.taz=01;31:*.lha=01;31:*.lz4=01;31:*.lzh=01;31:*.lzma=01;31:*.tlz=01;31:*.txz=01;31:*.tzo=01;31:*.t7z=01;31:*.zip=01;31:*.z=01;31:*.dz=01;31:*.gz=01;31:*.lrz=01;31:*.lz=01;31:*.lzo=01;31:*.xz=01;31:*.zst=01;31:*.tzst=01;31:*.bz2=01;31:*.bz=01;31:*.tbz=01;31:*.tbz2=01;31:*.tz=01;31:*.deb=01;31:*.rpm=01;31:*.jar=01;31:*.war=01;31:*.ear=01;31:*.sar=01;31:*.rar=01;31:*.alz=01;31:*.ace=01;31:*.zoo=01;31:*.cpio=01;31:*.7z=01;31:*.rz=01;31:*.cab=01;31:*.wim=01;31:*.swm=01;31:*.dwm=01;31:*.esd=01;31:*.jpg=01;35:*.jpeg=01;35:*.mjpg=01;35:*.mjpeg=01;35:*.gif=01;35:*.bmp=01;35:*.pbm=01;35:*.pgm=01;35:*.ppm=01;35:*.tga=01;35:*.xbm=01;35:*.xpm=01;35:*.tif=01;35:*.tiff=01;35:*.png=01;35:*.svg=01;35:*.svgz=01;35:*.mng=01;35:*.pcx=01;35:*.mov=01;35:*.mpg=01;35:*.mpeg=01;35:*.m2v=01;35:*.mkv=01;35:*.webm=01;35:*.webp=01;35:*.ogm=01;35:*.mp4=01;35:*.m4v=01;35:*.mp4v=01;35:*.vob=01;35:*.qt=01;35:*.nuv=01;35:*.wmv=01;35:*.asf=01;35:*.rm=01;35:*.rmvb=01;35:*.flc=01;35:*.avi=01;35:*.fli=01;35:*.flv=01;35:*.gl=01;35:*.dl=01;35:*.xcf=01;35:*.xwd=01;35:*.yuv=01;35:*.cgm=01;35:*.emf=01;35:*.ogv=01;35:*.ogx=01;35:*.aac=00;36:*.au=00;36:*.flac=00;36:*.m4a=00;36:*.mid=00;36:*.midi=00;36:*.mka=00;36:*.mp3=00;36:*.mpc=00;36:*.ogg=00;36:*.ra=00;36:*.wav=00;36:*.oga=00;36:*.opus=00;36:*.spx=00;36:*.xspf=00;36:'), ('GNOME_TERMINAL_SERVICE', ':1.120'), ('SSH_AGENT_LAUNCHER', 'gnome-keyring'), ('SSH_AUTH_SOCK', '/run/user/1000/keyring/ssh'), ('AMENT_PREFIX_PATH', '/opt/ros/humble'), ('SHELL', '/bin/bash'), ('LC_NAME', 'de_DE.UTF-8'), ('QT_ACCESSIBILITY', '1'), ('GDMSESSION', 'ubuntu'), ('LESSCLOSE', '/usr/bin/lesspipe %s %s'), ('LC_MEASUREMENT', 'de_DE.UTF-8'), ('LC_IDENTIFICATION', 'de_DE.UTF-8'), ('QT_IM_MODULE', 'ibus'), ('PWD', '/home/rahul/Mir_robot/build/mir_description'), ('XDG_CONFIG_DIRS', '/etc/xdg/xdg-ubuntu:/etc/xdg'), ('XDG_DATA_DIRS', '/usr/share/ubuntu:/usr/local/share/:/usr/share/:/var/lib/snapd/desktop'), ('PYTHONPATH', '/opt/ros/humble/lib/python3.10/site-packages:/opt/ros/humble/local/lib/python3.10/dist-packages'), ('LC_NUMERIC', 'de_DE.UTF-8'), ('LC_PAPER', 'de_DE.UTF-8'), ('COLCON', '1'), ('VTE_VERSION', '6800'), ('CMAKE_PREFIX_PATH', '/opt/ros/humble')]), 'shell': False}
[0.040212] (mir_msgs) JobProgress: {'identifier': 'mir_msgs', 'progress': 'cmake'}
[0.041016] (mir_msgs) Command: {'cmd': ['/usr/bin/cmake', '/home/rahul/Mir_robot/src/mir_robot/mir_robot/mir_msgs', '-DAMENT_CMAKE_SYMLINK_INSTALL=1', '-DCMAKE_INSTALL_PREFIX=/home/rahul/Mir_robot/install/mir_msgs'], 'cwd': '/home/rahul/Mir_robot/build/mir_msgs', 'env': OrderedDict([('LESSOPEN', '| /usr/bin/lesspipe %s'), ('USER', 'rahul'), ('LC_TIME', 'de_DE.UTF-8'), ('XDG_SESSION_TYPE', 'wayland'), ('SHLVL', '1'), ('LD_LIBRARY_PATH', '/usr/lib/x86_64-linux-gnu/gazebo-11/plugins:/opt/ros/humble/opt/rviz_ogre_vendor/lib:/opt/ros/humble/lib/x86_64-linux-gnu:/opt/ros/humble/lib'), ('HOME', '/home/rahul'), ('OLDPWD', '/home/rahul'), ('DESKTOP_SESSION', 'ubuntu'), ('ROS_PYTHON_VERSION', '3'), ('GNOME_SHELL_SESSION_MODE', 'ubuntu'), ('GTK_MODULES', 'gail:atk-bridge'), ('LC_MONETARY', 'de_DE.UTF-8'), ('SYSTEMD_EXEC_PID', '6479'), ('DBUS_SESSION_BUS_ADDRESS', 'unix:path=/run/user/1000/bus'), ('COLORTERM', 'truecolor'), ('IM_CONFIG_PHASE', '1'), ('WAYLAND_DISPLAY', 'wayland-0'), ('ROS_DISTRO', 'humble'), ('LOGNAME', 'rahul'), ('_', '/usr/bin/colcon'), ('ROS_VERSION', '2'), ('XDG_SESSION_CLASS', 'user'), ('USERNAME', 'rahul'), ('TERM', 'xterm-256color'), ('GNOME_DESKTOP_SESSION_ID', 'this-is-deprecated'), ('ROS_LOCALHOST_ONLY', '0'), ('PATH', '/opt/ros/humble/bin:/home/rahul/.local/bin:/usr/local/sbin:/usr/local/bin:/usr/sbin:/usr/bin:/sbin:/bin:/usr/games:/usr/local/games:/snap/bin:/snap/bin'), ('SESSION_MANAGER', 'local/rahul-Inspiron-5559:@/tmp/.ICE-unix/2054,unix/rahul-Inspiron-5559:/tmp/.ICE-unix/2054'), ('XDG_MENU_PREFIX', 'gnome-'), ('LC_ADDRESS', 'de_DE.UTF-8'), ('GNOME_TERMINAL_SCREEN', '/org/gnome/Terminal/screen/351eedeb_30dc_418d_b420_34c5a0c83961'), ('GNOME_SETUP_DISPLAY', ':1'), ('XDG_RUNTIME_DIR', '/run/user/1000'), ('DISPLAY', ':0'), ('LANG', 'en_US.UTF-8'), ('XDG_CURRENT_DESKTOP', 'ubuntu:GNOME'), ('LC_TELEPHONE', 'de_DE.UTF-8'), ('XMODIFIERS', '@im=ibus'), ('XDG_SESSION_DESKTOP', 'ubuntu'), ('XAUTHORITY', '/run/user/1000/.mutter-Xwaylandauth.VYRET3'), ('LS_COLORS', 'rs=0:di=01;34:ln=01;36:mh=00:pi=40;33:so=01;35:do=01;35:bd=40;33;01:cd=40;33;01:or=40;31;01:mi=00:su=37;41:sg=30;43:ca=30;41:tw=30;42:ow=34;42:st=37;44:ex=01;32:*.tar=01;31:*.tgz=01;31:*.arc=01;31:*.arj=01;31:*.taz=01;31:*.lha=01;31:*.lz4=01;31:*.lzh=01;31:*.lzma=01;31:*.tlz=01;31:*.txz=01;31:*.tzo=01;31:*.t7z=01;31:*.zip=01;31:*.z=01;31:*.dz=01;31:*.gz=01;31:*.lrz=01;31:*.lz=01;31:*.lzo=01;31:*.xz=01;31:*.zst=01;31:*.tzst=01;31:*.bz2=01;31:*.bz=01;31:*.tbz=01;31:*.tbz2=01;31:*.tz=01;31:*.deb=01;31:*.rpm=01;31:*.jar=01;31:*.war=01;31:*.ear=01;31:*.sar=01;31:*.rar=01;31:*.alz=01;31:*.ace=01;31:*.zoo=01;31:*.cpio=01;31:*.7z=01;31:*.rz=01;31:*.cab=01;31:*.wim=01;31:*.swm=01;31:*.dwm=01;31:*.esd=01;31:*.jpg=01;35:*.jpeg=01;35:*.mjpg=01;35:*.mjpeg=01;35:*.gif=01;35:*.bmp=01;35:*.pbm=01;35:*.pgm=01;35:*.ppm=01;35:*.tga=01;35:*.xbm=01;35:*.xpm=01;35:*.tif=01;35:*.tiff=01;35:*.png=01;35:*.svg=01;35:*.svgz=01;35:*.mng=01;35:*.pcx=01;35:*.mov=01;35:*.mpg=01;35:*.mpeg=01;35:*.m2v=01;35:*.mkv=01;35:*.webm=01;35:*.webp=01;35:*.ogm=01;35:*.mp4=01;35:*.m4v=01;35:*.mp4v=01;35:*.vob=01;35:*.qt=01;35:*.nuv=01;35:*.wmv=01;35:*.asf=01;35:*.rm=01;35:*.rmvb=01;35:*.flc=01;35:*.avi=01;35:*.fli=01;35:*.flv=01;35:*.gl=01;35:*.dl=01;35:*.xcf=01;35:*.xwd=01;35:*.yuv=01;35:*.cgm=01;35:*.emf=01;35:*.ogv=01;35:*.ogx=01;35:*.aac=00;36:*.au=00;36:*.flac=00;36:*.m4a=00;36:*.mid=00;36:*.midi=00;36:*.mka=00;36:*.mp3=00;36:*.mpc=00;36:*.ogg=00;36:*.ra=00;36:*.wav=00;36:*.oga=00;36:*.opus=00;36:*.spx=00;36:*.xspf=00;36:'), ('GNOME_TERMINAL_SERVICE', ':1.120'), ('SSH_AGENT_LAUNCHER', 'gnome-keyring'), ('SSH_AUTH_SOCK', '/run/user/1000/keyring/ssh'), ('AMENT_PREFIX_PATH', '/opt/ros/humble'), ('SHELL', '/bin/bash'), ('LC_NAME', 'de_DE.UTF-8'), ('QT_ACCESSIBILITY', '1'), ('GDMSESSION', 'ubuntu'), ('LESSCLOSE', '/usr/bin/lesspipe %s %s'), ('LC_MEASUREMENT', 'de_DE.UTF-8'), ('LC_IDENTIFICATION', 'de_DE.UTF-8'), ('QT_IM_MODULE', 'ibus'), ('PWD', '/home/rahul/Mir_robot/build/mir_msgs'), ('XDG_CONFIG_DIRS', '/etc/xdg/xdg-ubuntu:/etc/xdg'), ('XDG_DATA_DIRS', '/usr/share/ubuntu:/usr/local/share/:/usr/share/:/var/lib/snapd/desktop'), ('PYTHONPATH', '/opt/ros/humble/lib/python3.10/site-packages:/opt/ros/humble/local/lib/python3.10/dist-packages'), ('LC_NUMERIC', 'de_DE.UTF-8'), ('LC_PAPER', 'de_DE.UTF-8'), ('COLCON', '1'), ('VTE_VERSION', '6800'), ('CMAKE_PREFIX_PATH', '/opt/ros/humble')]), 'shell': False}
[0.101109] (-) TimerEvent: {}
[0.147739] (ira_laser_tools) StdoutLine: {'line': b'-- The C compiler identification is GNU 11.4.0\n'}
[0.157722] (mir_description) StdoutLine: {'line': b'-- The C compiler identification is GNU 11.4.0\n'}
[0.179180] (mir_msgs) StdoutLine: {'line': b'-- The C compiler identification is GNU 11.4.0\n'}
[0.201209] (-) TimerEvent: {}
[0.269468] (ira_laser_tools) StdoutLine: {'line': b'-- The CXX compiler identification is GNU 11.4.0\n'}
[0.284240] (ira_laser_tools) StdoutLine: {'line': b'-- Detecting C compiler ABI info\n'}
[0.289336] (mir_description) StdoutLine: {'line': b'-- The CXX compiler identification is GNU 11.4.0\n'}
[0.299052] (mir_msgs) StdoutLine: {'line': b'-- The CXX compiler identification is GNU 11.4.0\n'}
[0.301789] (-) TimerEvent: {}
[0.303271] (mir_description) StdoutLine: {'line': b'-- Detecting C compiler ABI info\n'}
[0.317138] (mir_msgs) StdoutLine: {'line': b'-- Detecting C compiler ABI info\n'}
[0.401914] (-) TimerEvent: {}
[0.422335] (ira_laser_tools) StdoutLine: {'line': b'-- Detecting C compiler ABI info - done\n'}
[0.440620] (ira_laser_tools) StdoutLine: {'line': b'-- Check for working C compiler: /usr/bin/cc - skipped\n'}
[0.440964] (ira_laser_tools) StdoutLine: {'line': b'-- Detecting C compile features\n'}
[0.442061] (ira_laser_tools) StdoutLine: {'line': b'-- Detecting C compile features - done\n'}
[0.442728] (mir_description) StdoutLine: {'line': b'-- Detecting C compiler ABI info - done\n'}
[0.447782] (ira_laser_tools) StdoutLine: {'line': b'-- Detecting CXX compiler ABI info\n'}
[0.464477] (mir_description) StdoutLine: {'line': b'-- Check for working C compiler: /usr/bin/cc - skipped\n'}
[0.464806] (mir_description) StdoutLine: {'line': b'-- Detecting C compile features\n'}
[0.466413] (mir_description) StdoutLine: {'line': b'-- Detecting C compile features - done\n'}
[0.473505] (mir_description) StdoutLine: {'line': b'-- Detecting CXX compiler ABI info\n'}
[0.500090] (mir_msgs) StdoutLine: {'line': b'-- Detecting C compiler ABI info - done\n'}
[0.502026] (-) TimerEvent: {}
[0.523004] (mir_msgs) StdoutLine: {'line': b'-- Check for working C compiler: /usr/bin/cc - skipped\n'}
[0.523849] (mir_msgs) StdoutLine: {'line': b'-- Detecting C compile features\n'}
[0.524990] (mir_msgs) StdoutLine: {'line': b'-- Detecting C compile features - done\n'}
[0.533820] (mir_msgs) StdoutLine: {'line': b'-- Detecting CXX compiler ABI info\n'}
[0.602109] (-) TimerEvent: {}
[0.658015] (ira_laser_tools) StdoutLine: {'line': b'-- Detecting CXX compiler ABI info - done\n'}
[0.691254] (ira_laser_tools) StdoutLine: {'line': b'-- Check for working CXX compiler: /usr/bin/c++ - skipped\n'}
[0.691764] (ira_laser_tools) StdoutLine: {'line': b'-- Detecting CXX compile features\n'}
[0.694119] (ira_laser_tools) StdoutLine: {'line': b'-- Detecting CXX compile features - done\n'}
[0.697124] (mir_description) StdoutLine: {'line': b'-- Detecting CXX compiler ABI info - done\n'}
[0.699471] (ira_laser_tools) StdoutLine: {'line': b'-- Found ament_cmake: 1.3.14 (/opt/ros/humble/share/ament_cmake/cmake)\n'}
[0.702225] (-) TimerEvent: {}
[0.708894] (mir_msgs) StdoutLine: {'line': b'-- Detecting CXX compiler ABI info - done\n'}
[0.727850] (mir_msgs) StdoutLine: {'line': b'-- Check for working CXX compiler: /usr/bin/c++ - skipped\n'}
[0.728811] (mir_msgs) StdoutLine: {'line': b'-- Detecting CXX compile features\n'}
[0.732200] (mir_msgs) StdoutLine: {'line': b'-- Detecting CXX compile features - done\n'}
[0.732502] (mir_description) StdoutLine: {'line': b'-- Check for working CXX compiler: /usr/bin/c++ - skipped\n'}
[0.734600] (mir_description) StdoutLine: {'line': b'-- Detecting CXX compile features\n'}
[0.735771] (mir_description) StdoutLine: {'line': b'-- Detecting CXX compile features - done\n'}
[0.738217] (mir_msgs) StdoutLine: {'line': b'-- Found ament_cmake: 1.3.14 (/opt/ros/humble/share/ament_cmake/cmake)\n'}
[0.747345] (mir_description) StdoutLine: {'line': b'-- Found ament_cmake: 1.3.14 (/opt/ros/humble/share/ament_cmake/cmake)\n'}
[0.802324] (-) TimerEvent: {}
[0.902686] (-) TimerEvent: {}
[1.002986] (ira_laser_tools) StdoutLine: {'line': b'-- Found Python3: /usr/bin/python3 (found version "3.10.12") found components: Interpreter \n'}
[1.003230] (-) TimerEvent: {}
[1.048450] (mir_msgs) StdoutLine: {'line': b'-- Found Python3: /usr/bin/python3 (found version "3.10.12") found components: Interpreter \n'}
[1.089595] (mir_description) StdoutLine: {'line': b'-- Found Python3: /usr/bin/python3 (found version "3.10.12") found components: Interpreter \n'}
[1.103347] (-) TimerEvent: {}
[1.135320] (ira_laser_tools) StdoutLine: {'line': b'-- Override CMake install command with custom implementation using symlinks instead of copying resources\n'}
[1.174283] (mir_msgs) StdoutLine: {'line': b'-- Override CMake install command with custom implementation using symlinks instead of copying resources\n'}
[1.199125] (ira_laser_tools) StdoutLine: {'line': b'-- Found laser_geometry: 2.4.1 (/opt/ros/humble/share/laser_geometry/cmake)\n'}
[1.206109] (-) TimerEvent: {}
[1.233585] (mir_description) StdoutLine: {'line': b'-- Override CMake install command with custom implementation using symlinks instead of copying resources\n'}
[1.239469] (mir_msgs) StdoutLine: {'line': b'-- Found builtin_interfaces: 1.2.3 (/opt/ros/humble/share/builtin_interfaces/cmake)\n'}
[1.306426] (-) TimerEvent: {}
[1.315667] (mir_msgs) StdoutLine: {'line': b'-- Found rosidl_generator_c: 3.1.9 (/opt/ros/humble/share/rosidl_generator_c/cmake)\n'}
[1.321048] (mir_description) StdoutLine: {'line': b'-- Found xacro: 2.1.1 (/opt/ros/humble/share/xacro/cmake)\n'}
[1.325570] (ira_laser_tools) StdoutLine: {'line': b'-- Found rosidl_generator_c: 3.1.9 (/opt/ros/humble/share/rosidl_generator_c/cmake)\n'}
[1.329484] (mir_description) StdoutLine: {'line': b'-- Found robot_state_publisher: 3.0.3 (/opt/ros/humble/share/robot_state_publisher/cmake)\n'}
[1.330353] (mir_msgs) StdoutLine: {'line': b'-- Found rosidl_adapter: 3.1.9 (/opt/ros/humble/share/rosidl_adapter/cmake)\n'}
[1.338080] (ira_laser_tools) StdoutLine: {'line': b'-- Found rosidl_adapter: 3.1.9 (/opt/ros/humble/share/rosidl_adapter/cmake)\n'}
[1.354417] (mir_msgs) StdoutLine: {'line': b'-- Found rosidl_generator_cpp: 3.1.9 (/opt/ros/humble/share/rosidl_generator_cpp/cmake)\n'}
[1.358354] (ira_laser_tools) StdoutLine: {'line': b'-- Found rosidl_generator_cpp: 3.1.9 (/opt/ros/humble/share/rosidl_generator_cpp/cmake)\n'}
[1.383197] (mir_msgs) StdoutLine: {'line': b'-- Using all available rosidl_typesupport_c: rosidl_typesupport_fastrtps_c;rosidl_typesupport_introspection_c\n'}
[1.387900] (ira_laser_tools) StdoutLine: {'line': b'-- Using all available rosidl_typesupport_c: rosidl_typesupport_fastrtps_c;rosidl_typesupport_introspection_c\n'}
[1.406532] (-) TimerEvent: {}
[1.425195] (mir_msgs) StdoutLine: {'line': b'-- Using all available rosidl_typesupport_cpp: rosidl_typesupport_fastrtps_cpp;rosidl_typesupport_introspection_cpp\n'}
[1.434747] (ira_laser_tools) StdoutLine: {'line': b'-- Using all available rosidl_typesupport_cpp: rosidl_typesupport_fastrtps_cpp;rosidl_typesupport_introspection_cpp\n'}
[1.451114] (mir_description) StdoutLine: {'line': b'-- Found rosidl_generator_c: 3.1.9 (/opt/ros/humble/share/rosidl_generator_c/cmake)\n'}
[1.467274] (mir_description) StdoutLine: {'line': b'-- Found rosidl_adapter: 3.1.9 (/opt/ros/humble/share/rosidl_adapter/cmake)\n'}
[1.491163] (mir_description) StdoutLine: {'line': b'-- Found rosidl_generator_cpp: 3.1.9 (/opt/ros/humble/share/rosidl_generator_cpp/cmake)\n'}
[1.500175] (mir_msgs) StdoutLine: {'line': b'-- Found rosidl_default_generators: 1.2.1 (/opt/ros/humble/share/rosidl_default_generators/cmake)\n'}
[1.506646] (-) TimerEvent: {}
[1.521151] (mir_description) StdoutLine: {'line': b'-- Using all available rosidl_typesupport_c: rosidl_typesupport_fastrtps_c;rosidl_typesupport_introspection_c\n'}
[1.528254] (mir_msgs) StdoutLine: {'line': b'-- Found geometry_msgs: 4.9.1 (/opt/ros/humble/share/geometry_msgs/cmake)\n'}
[1.558143] (ira_laser_tools) StdoutLine: {'line': b'-- Found rmw_implementation_cmake: 6.1.2 (/opt/ros/humble/share/rmw_implementation_cmake/cmake)\n'}
[1.564209] (ira_laser_tools) StdoutLine: {'line': b'-- Found rmw_fastrtps_cpp: 6.2.10 (/opt/ros/humble/share/rmw_fastrtps_cpp/cmake)\n'}
[1.568023] (mir_description) StdoutLine: {'line': b'-- Using all available rosidl_typesupport_cpp: rosidl_typesupport_fastrtps_cpp;rosidl_typesupport_introspection_cpp\n'}
[1.606740] (-) TimerEvent: {}
[1.705742] (mir_description) StdoutLine: {'line': b'-- Found eigen3_cmake_module: 0.1.1 (/opt/ros/humble/share/eigen3_cmake_module/cmake)\n'}
[1.706822] (-) TimerEvent: {}
[1.708222] (mir_description) StdoutLine: {'line': b'-- Found Eigen3: TRUE (found version "3.4.0") \n'}
[1.709076] (mir_description) StdoutLine: {'line': b'-- Ensuring Eigen3 include directory is part of orocos-kdl CMake target\n'}
[1.758291] (ira_laser_tools) StdoutLine: {'line': b'-- Found OpenSSL: /usr/lib/x86_64-linux-gnu/libcrypto.so (found version "3.0.2")  \n'}
[1.807950] (-) TimerEvent: {}
[1.808388] (mir_description) StdoutLine: {'line': b'-- Found rmw_implementation_cmake: 6.1.2 (/opt/ros/humble/share/rmw_implementation_cmake/cmake)\n'}
[1.813829] (mir_description) StdoutLine: {'line': b'-- Found rmw_fastrtps_cpp: 6.2.10 (/opt/ros/humble/share/rmw_fastrtps_cpp/cmake)\n'}
[1.824102] (ira_laser_tools) StdoutLine: {'line': b'-- Found FastRTPS: /opt/ros/humble/include  \n'}
[1.908061] (-) TimerEvent: {}
[1.916718] (ira_laser_tools) StdoutLine: {'line': b"-- Using RMW implementation 'rmw_fastrtps_cpp' as default\n"}
[1.945069] (ira_laser_tools) StdoutLine: {'line': b'-- Looking for pthread.h\n'}
[2.008149] (-) TimerEvent: {}
[2.027224] (mir_description) StdoutLine: {'line': b'-- Found OpenSSL: /usr/lib/x86_64-linux-gnu/libcrypto.so (found version "3.0.2")  \n'}
[2.087019] (mir_description) StdoutLine: {'line': b'-- Found FastRTPS: /opt/ros/humble/include  \n'}
[2.110157] (ira_laser_tools) StdoutLine: {'line': b'-- Looking for pthread.h - found\n'}
[2.110379] (-) TimerEvent: {}
[2.110690] (ira_laser_tools) StdoutLine: {'line': b'-- Performing Test CMAKE_HAVE_LIBC_PTHREAD\n'}
[2.178388] (mir_description) StdoutLine: {'line': b"-- Using RMW implementation 'rmw_fastrtps_cpp' as default\n"}
[2.195799] (mir_description) StdoutLine: {'line': b'-- Looking for pthread.h\n'}
[2.211132] (-) TimerEvent: {}
[2.246997] (twist_stamper) Command: {'cmd': ['/usr/bin/python3', '-W', 'ignore:setup.py install is deprecated', '-W', 'ignore:easy_install command is deprecated', 'setup.py', 'develop', '--editable', '--build-directory', '/home/rahul/Mir_robot/build/twist_stamper/build', '--no-deps', 'symlink_data'], 'cwd': '/home/rahul/Mir_robot/build/twist_stamper', 'env': {'LESSOPEN': '| /usr/bin/lesspipe %s', 'USER': 'rahul', 'LC_TIME': 'de_DE.UTF-8', 'XDG_SESSION_TYPE': 'wayland', 'SHLVL': '1', 'LD_LIBRARY_PATH': '/usr/lib/x86_64-linux-gnu/gazebo-11/plugins:/opt/ros/humble/opt/rviz_ogre_vendor/lib:/opt/ros/humble/lib/x86_64-linux-gnu:/opt/ros/humble/lib', 'HOME': '/home/rahul', 'OLDPWD': '/home/rahul', 'DESKTOP_SESSION': 'ubuntu', 'ROS_PYTHON_VERSION': '3', 'GNOME_SHELL_SESSION_MODE': 'ubuntu', 'GTK_MODULES': 'gail:atk-bridge', 'LC_MONETARY': 'de_DE.UTF-8', 'SYSTEMD_EXEC_PID': '6479', 'DBUS_SESSION_BUS_ADDRESS': 'unix:path=/run/user/1000/bus', 'COLORTERM': 'truecolor', 'IM_CONFIG_PHASE': '1', 'WAYLAND_DISPLAY': 'wayland-0', 'ROS_DISTRO': 'humble', 'LOGNAME': 'rahul', '_': '/usr/bin/colcon', 'ROS_VERSION': '2', 'XDG_SESSION_CLASS': 'user', 'USERNAME': 'rahul', 'TERM': 'xterm-256color', 'GNOME_DESKTOP_SESSION_ID': 'this-is-deprecated', 'ROS_LOCALHOST_ONLY': '0', 'PATH': '/opt/ros/humble/bin:/home/rahul/.local/bin:/usr/local/sbin:/usr/local/bin:/usr/sbin:/usr/bin:/sbin:/bin:/usr/games:/usr/local/games:/snap/bin:/snap/bin', 'SESSION_MANAGER': 'local/rahul-Inspiron-5559:@/tmp/.ICE-unix/2054,unix/rahul-Inspiron-5559:/tmp/.ICE-unix/2054', 'XDG_MENU_PREFIX': 'gnome-', 'LC_ADDRESS': 'de_DE.UTF-8', 'GNOME_TERMINAL_SCREEN': '/org/gnome/Terminal/screen/351eedeb_30dc_418d_b420_34c5a0c83961', 'GNOME_SETUP_DISPLAY': ':1', 'XDG_RUNTIME_DIR': '/run/user/1000', 'DISPLAY': ':0', 'LANG': 'en_US.UTF-8', 'XDG_CURRENT_DESKTOP': 'ubuntu:GNOME', 'LC_TELEPHONE': 'de_DE.UTF-8', 'XMODIFIERS': '@im=ibus', 'XDG_SESSION_DESKTOP': 'ubuntu', 'XAUTHORITY': '/run/user/1000/.mutter-Xwaylandauth.VYRET3', 'LS_COLORS': 'rs=0:di=01;34:ln=01;36:mh=00:pi=40;33:so=01;35:do=01;35:bd=40;33;01:cd=40;33;01:or=40;31;01:mi=00:su=37;41:sg=30;43:ca=30;41:tw=30;42:ow=34;42:st=37;44:ex=01;32:*.tar=01;31:*.tgz=01;31:*.arc=01;31:*.arj=01;31:*.taz=01;31:*.lha=01;31:*.lz4=01;31:*.lzh=01;31:*.lzma=01;31:*.tlz=01;31:*.txz=01;31:*.tzo=01;31:*.t7z=01;31:*.zip=01;31:*.z=01;31:*.dz=01;31:*.gz=01;31:*.lrz=01;31:*.lz=01;31:*.lzo=01;31:*.xz=01;31:*.zst=01;31:*.tzst=01;31:*.bz2=01;31:*.bz=01;31:*.tbz=01;31:*.tbz2=01;31:*.tz=01;31:*.deb=01;31:*.rpm=01;31:*.jar=01;31:*.war=01;31:*.ear=01;31:*.sar=01;31:*.rar=01;31:*.alz=01;31:*.ace=01;31:*.zoo=01;31:*.cpio=01;31:*.7z=01;31:*.rz=01;31:*.cab=01;31:*.wim=01;31:*.swm=01;31:*.dwm=01;31:*.esd=01;31:*.jpg=01;35:*.jpeg=01;35:*.mjpg=01;35:*.mjpeg=01;35:*.gif=01;35:*.bmp=01;35:*.pbm=01;35:*.pgm=01;35:*.ppm=01;35:*.tga=01;35:*.xbm=01;35:*.xpm=01;35:*.tif=01;35:*.tiff=01;35:*.png=01;35:*.svg=01;35:*.svgz=01;35:*.mng=01;35:*.pcx=01;35:*.mov=01;35:*.mpg=01;35:*.mpeg=01;35:*.m2v=01;35:*.mkv=01;35:*.webm=01;35:*.webp=01;35:*.ogm=01;35:*.mp4=01;35:*.m4v=01;35:*.mp4v=01;35:*.vob=01;35:*.qt=01;35:*.nuv=01;35:*.wmv=01;35:*.asf=01;35:*.rm=01;35:*.rmvb=01;35:*.flc=01;35:*.avi=01;35:*.fli=01;35:*.flv=01;35:*.gl=01;35:*.dl=01;35:*.xcf=01;35:*.xwd=01;35:*.yuv=01;35:*.cgm=01;35:*.emf=01;35:*.ogv=01;35:*.ogx=01;35:*.aac=00;36:*.au=00;36:*.flac=00;36:*.m4a=00;36:*.mid=00;36:*.midi=00;36:*.mka=00;36:*.mp3=00;36:*.mpc=00;36:*.ogg=00;36:*.ra=00;36:*.wav=00;36:*.oga=00;36:*.opus=00;36:*.spx=00;36:*.xspf=00;36:', 'GNOME_TERMINAL_SERVICE': ':1.120', 'SSH_AGENT_LAUNCHER': 'gnome-keyring', 'SSH_AUTH_SOCK': '/run/user/1000/keyring/ssh', 'AMENT_PREFIX_PATH': '/opt/ros/humble', 'SHELL': '/bin/bash', 'LC_NAME': 'de_DE.UTF-8', 'QT_ACCESSIBILITY': '1', 'GDMSESSION': 'ubuntu', 'LESSCLOSE': '/usr/bin/lesspipe %s %s', 'LC_MEASUREMENT': 'de_DE.UTF-8', 'LC_IDENTIFICATION': 'de_DE.UTF-8', 'QT_IM_MODULE': 'ibus', 'PWD': '/home/rahul/Mir_robot/build/twist_stamper', 'XDG_CONFIG_DIRS': '/etc/xdg/xdg-ubuntu:/etc/xdg', 'XDG_DATA_DIRS': '/usr/share/ubuntu:/usr/local/share/:/usr/share/:/var/lib/snapd/desktop', 'PYTHONPATH': '/home/rahul/Mir_robot/build/twist_stamper/prefix_override:/usr/lib/python3/dist-packages/colcon_core/task/python/colcon_distutils_commands:/home/rahul/Mir_robot/install/twist_stamper/lib/python3.10/site-packages:/opt/ros/humble/lib/python3.10/site-packages:/opt/ros/humble/local/lib/python3.10/dist-packages', 'LC_NUMERIC': 'de_DE.UTF-8', 'LC_PAPER': 'de_DE.UTF-8', 'COLCON': '1', 'VTE_VERSION': '6800'}, 'shell': False}
[2.265423] (mir_msgs) StdoutLine: {'line': b'-- Found ament_cmake_ros: 0.10.0 (/opt/ros/humble/share/ament_cmake_ros/cmake)\n'}
[2.278187] (ira_laser_tools) StdoutLine: {'line': b'-- Performing Test CMAKE_HAVE_LIBC_PTHREAD - Success\n'}
[2.280472] (ira_laser_tools) StdoutLine: {'line': b'-- Found Threads: TRUE  \n'}
[2.311227] (-) TimerEvent: {}
[2.342372] (mir_description) StdoutLine: {'line': b'-- Looking for pthread.h - found\n'}
[2.344115] (mir_description) StdoutLine: {'line': b'-- Performing Test CMAKE_HAVE_LIBC_PTHREAD\n'}
[2.411336] (-) TimerEvent: {}
[2.490084] (mir_description) StdoutLine: {'line': b'-- Performing Test CMAKE_HAVE_LIBC_PTHREAD - Success\n'}
[2.494125] (mir_description) StdoutLine: {'line': b'-- Found Threads: TRUE  \n'}
[2.511435] (-) TimerEvent: {}
[2.518855] (ira_laser_tools) StdoutLine: {'line': b'-- Found tf2_ros: 0.25.20 (/opt/ros/humble/share/tf2_ros/cmake)\n'}
[2.611561] (-) TimerEvent: {}
[2.711965] (-) TimerEvent: {}
[2.731621] (ira_laser_tools) StdoutLine: {'line': b'-- Found pcl_conversions: 2.4.5 (/opt/ros/humble/share/pcl_conversions/cmake)\n'}
[2.811904] (ira_laser_tools) StdoutLine: {'line': b"-- Checking for module 'eigen3'\n"}
[2.812142] (-) TimerEvent: {}
[2.845106] (ira_laser_tools) StdoutLine: {'line': b'--   Found eigen3, version 3.4.0\n'}
[2.904875] (twist_stamper) StdoutLine: {'line': b'running develop\n'}
[2.911752] (ira_laser_tools) StdoutLine: {'line': b'-- Found Eigen: /usr/include/eigen3 (Required is at least version "3.1") \n'}
[2.911984] (ira_laser_tools) StdoutLine: {'line': b'-- Eigen found (include: /usr/include/eigen3, version: 3.4.0)\n'}
[2.913086] (-) TimerEvent: {}
[2.979480] (mir_description) StdoutLine: {'line': b'-- Found gazebo_ros: 3.9.0 (/opt/ros/humble/share/gazebo_ros/cmake)\n'}
[2.988193] (ira_laser_tools) StdoutLine: {'line': b"-- Checking for module 'flann'\n"}
[3.003398] (mir_description) StdoutLine: {'line': b'-- Found PkgConfig: /usr/bin/pkg-config (found version "0.29.2") \n'}
[3.006542] (mir_description) StdoutLine: {'line': b"-- Checking for module 'bullet>=2.82'\n"}
[3.013190] (-) TimerEvent: {}
[3.019587] (ira_laser_tools) StdoutLine: {'line': b'--   Found flann, version 1.9.1\n'}
[3.034947] (mir_description) StdoutLine: {'line': b'--   Found bullet, version 3.05\n'}
[3.112373] (ira_laser_tools) StdoutLine: {'line': b'-- Found FLANN: /usr/lib/x86_64-linux-gnu/libflann_cpp.so  \n'}
[3.112948] (ira_laser_tools) StdoutLine: {'line': b'-- FLANN found (include: /usr/include, lib: /usr/lib/x86_64-linux-gnu/libflann_cpp.so)\n'}
[3.113258] (-) TimerEvent: {}
[3.213580] (-) TimerEvent: {}
[3.225812] (mir_msgs) StdoutLine: {'line': b'-- Using all available rosidl_typesupport_c: rosidl_typesupport_fastrtps_c;rosidl_typesupport_introspection_c\n'}
[3.268940] (mir_description) StdoutLine: {'line': b'-- Found fcl: /usr/include (found suitable version "0.7.0", minimum required is "0.5.0") \n'}
[3.315334] (-) TimerEvent: {}
[3.387156] (mir_description) StdoutLine: {'line': b'-- Found assimp: /usr/include (found version "5.2.0") \n'}
[3.414968] (twist_stamper) StdoutLine: {'line': b'running egg_info\n'}
[3.415208] (twist_stamper) StdoutLine: {'line': b'creating twist_stamper.egg-info\n'}
[3.415345] (-) TimerEvent: {}
[3.415623] (twist_stamper) StdoutLine: {'line': b'writing twist_stamper.egg-info/PKG-INFO\n'}
[3.415879] (twist_stamper) StdoutLine: {'line': b'writing dependency_links to twist_stamper.egg-info/dependency_links.txt\n'}
[3.416126] (twist_stamper) StdoutLine: {'line': b'writing entry points to twist_stamper.egg-info/entry_points.txt\n'}
[3.416339] (twist_stamper) StdoutLine: {'line': b'writing requirements to twist_stamper.egg-info/requires.txt\n'}
[3.416532] (twist_stamper) StdoutLine: {'line': b'writing top-level names to twist_stamper.egg-info/top_level.txt\n'}
[3.416736] (twist_stamper) StdoutLine: {'line': b"writing manifest file 'twist_stamper.egg-info/SOURCES.txt'\n"}
[3.420716] (twist_stamper) StdoutLine: {'line': b"reading manifest file 'twist_stamper.egg-info/SOURCES.txt'\n"}
[3.422307] (twist_stamper) StdoutLine: {'line': b"writing manifest file 'twist_stamper.egg-info/SOURCES.txt'\n"}
[3.425175] (mir_description) StdoutLine: {'line': b'-- Found DART: /usr/include (Required is at least version "6.6") found components: dart \n'}
[3.425458] (twist_stamper) StdoutLine: {'line': b'running build_ext\n'}
[3.427283] (twist_stamper) StdoutLine: {'line': b'Creating /home/rahul/Mir_robot/install/twist_stamper/lib/python3.10/site-packages/twist-stamper.egg-link (link to .)\n'}
[3.427458] (twist_stamper) StdoutLine: {'line': b'Installing twist_stamper script to /home/rahul/Mir_robot/install/twist_stamper/lib/twist_stamper\n'}
[3.427630] (twist_stamper) StdoutLine: {'line': b'Installing twist_unstamper script to /home/rahul/Mir_robot/install/twist_stamper/lib/twist_stamper\n'}
[3.427828] (twist_stamper) StdoutLine: {'line': b'\n'}
[3.427974] (twist_stamper) StdoutLine: {'line': b'Installed /home/rahul/Mir_robot/build/twist_stamper\n'}
[3.428130] (twist_stamper) StdoutLine: {'line': b'running symlink_data\n'}
[3.428349] (twist_stamper) StdoutLine: {'line': b'creating /home/rahul/Mir_robot/install/twist_stamper/share/ament_index\n'}
[3.428479] (twist_stamper) StdoutLine: {'line': b'creating /home/rahul/Mir_robot/install/twist_stamper/share/ament_index/resource_index\n'}
[3.428610] (twist_stamper) StdoutLine: {'line': b'creating /home/rahul/Mir_robot/install/twist_stamper/share/ament_index/resource_index/packages\n'}
[3.428728] (twist_stamper) StdoutLine: {'line': b'symbolically linking /home/rahul/Mir_robot/build/twist_stamper/resource/twist_stamper -> /home/rahul/Mir_robot/install/twist_stamper/share/ament_index/resource_index/packages\n'}
[3.428847] (twist_stamper) StdoutLine: {'line': b'symbolically linking /home/rahul/Mir_robot/build/twist_stamper/package.xml -> /home/rahul/Mir_robot/install/twist_stamper/share/twist_stamper\n'}
[3.489438] (twist_stamper) CommandEnded: {'returncode': 0}
[3.493186] (mir_description) StdoutLine: {'line': b'-- Found Boost: /usr/lib/x86_64-linux-gnu/cmake/Boost-1.74.0/BoostConfig.cmake (found suitable version "1.74.0", minimum required is "1.40.0") found components: thread system filesystem program_options regex iostreams date_time \n'}
[3.518679] (-) TimerEvent: {}
[3.526338] (mir_description) StdoutLine: {'line': b'-- Found Protobuf: /usr/lib/x86_64-linux-gnu/libprotobuf.so (found version "3.12.4") \n'}
[3.529027] (twist_stamper) JobEnded: {'identifier': 'twist_stamper', 'rc': 0}
[3.529649] (ros2_aruco_interfaces) JobStarted: {'identifier': 'ros2_aruco_interfaces'}
[3.539802] (mir_description) StdoutLine: {'line': b'-- Looking for ignition-math6 -- found version 6.16.0\n'}
[3.545644] (ros2_aruco_interfaces) JobProgress: {'identifier': 'ros2_aruco_interfaces', 'progress': 'cmake'}
[3.547417] (ros2_aruco_interfaces) Command: {'cmd': ['/usr/bin/cmake', '/home/rahul/Mir_robot/src/mir_robot/ros2_aruco/ros2_aruco_interfaces', '-DAMENT_CMAKE_SYMLINK_INSTALL=1', '-DCMAKE_INSTALL_PREFIX=/home/rahul/Mir_robot/install/ros2_aruco_interfaces'], 'cwd': '/home/rahul/Mir_robot/build/ros2_aruco_interfaces', 'env': OrderedDict([('LESSOPEN', '| /usr/bin/lesspipe %s'), ('USER', 'rahul'), ('LC_TIME', 'de_DE.UTF-8'), ('XDG_SESSION_TYPE', 'wayland'), ('SHLVL', '1'), ('LD_LIBRARY_PATH', '/usr/lib/x86_64-linux-gnu/gazebo-11/plugins:/opt/ros/humble/opt/rviz_ogre_vendor/lib:/opt/ros/humble/lib/x86_64-linux-gnu:/opt/ros/humble/lib'), ('HOME', '/home/rahul'), ('OLDPWD', '/home/rahul'), ('DESKTOP_SESSION', 'ubuntu'), ('ROS_PYTHON_VERSION', '3'), ('GNOME_SHELL_SESSION_MODE', 'ubuntu'), ('GTK_MODULES', 'gail:atk-bridge'), ('LC_MONETARY', 'de_DE.UTF-8'), ('SYSTEMD_EXEC_PID', '6479'), ('DBUS_SESSION_BUS_ADDRESS', 'unix:path=/run/user/1000/bus'), ('COLORTERM', 'truecolor'), ('IM_CONFIG_PHASE', '1'), ('WAYLAND_DISPLAY', 'wayland-0'), ('ROS_DISTRO', 'humble'), ('LOGNAME', 'rahul'), ('_', '/usr/bin/colcon'), ('ROS_VERSION', '2'), ('XDG_SESSION_CLASS', 'user'), ('USERNAME', 'rahul'), ('TERM', 'xterm-256color'), ('GNOME_DESKTOP_SESSION_ID', 'this-is-deprecated'), ('ROS_LOCALHOST_ONLY', '0'), ('PATH', '/opt/ros/humble/bin:/home/rahul/.local/bin:/usr/local/sbin:/usr/local/bin:/usr/sbin:/usr/bin:/sbin:/bin:/usr/games:/usr/local/games:/snap/bin:/snap/bin'), ('SESSION_MANAGER', 'local/rahul-Inspiron-5559:@/tmp/.ICE-unix/2054,unix/rahul-Inspiron-5559:/tmp/.ICE-unix/2054'), ('XDG_MENU_PREFIX', 'gnome-'), ('LC_ADDRESS', 'de_DE.UTF-8'), ('GNOME_TERMINAL_SCREEN', '/org/gnome/Terminal/screen/351eedeb_30dc_418d_b420_34c5a0c83961'), ('GNOME_SETUP_DISPLAY', ':1'), ('XDG_RUNTIME_DIR', '/run/user/1000'), ('DISPLAY', ':0'), ('LANG', 'en_US.UTF-8'), ('XDG_CURRENT_DESKTOP', 'ubuntu:GNOME'), ('LC_TELEPHONE', 'de_DE.UTF-8'), ('XMODIFIERS', '@im=ibus'), ('XDG_SESSION_DESKTOP', 'ubuntu'), ('XAUTHORITY', '/run/user/1000/.mutter-Xwaylandauth.VYRET3'), ('LS_COLORS', 'rs=0:di=01;34:ln=01;36:mh=00:pi=40;33:so=01;35:do=01;35:bd=40;33;01:cd=40;33;01:or=40;31;01:mi=00:su=37;41:sg=30;43:ca=30;41:tw=30;42:ow=34;42:st=37;44:ex=01;32:*.tar=01;31:*.tgz=01;31:*.arc=01;31:*.arj=01;31:*.taz=01;31:*.lha=01;31:*.lz4=01;31:*.lzh=01;31:*.lzma=01;31:*.tlz=01;31:*.txz=01;31:*.tzo=01;31:*.t7z=01;31:*.zip=01;31:*.z=01;31:*.dz=01;31:*.gz=01;31:*.lrz=01;31:*.lz=01;31:*.lzo=01;31:*.xz=01;31:*.zst=01;31:*.tzst=01;31:*.bz2=01;31:*.bz=01;31:*.tbz=01;31:*.tbz2=01;31:*.tz=01;31:*.deb=01;31:*.rpm=01;31:*.jar=01;31:*.war=01;31:*.ear=01;31:*.sar=01;31:*.rar=01;31:*.alz=01;31:*.ace=01;31:*.zoo=01;31:*.cpio=01;31:*.7z=01;31:*.rz=01;31:*.cab=01;31:*.wim=01;31:*.swm=01;31:*.dwm=01;31:*.esd=01;31:*.jpg=01;35:*.jpeg=01;35:*.mjpg=01;35:*.mjpeg=01;35:*.gif=01;35:*.bmp=01;35:*.pbm=01;35:*.pgm=01;35:*.ppm=01;35:*.tga=01;35:*.xbm=01;35:*.xpm=01;35:*.tif=01;35:*.tiff=01;35:*.png=01;35:*.svg=01;35:*.svgz=01;35:*.mng=01;35:*.pcx=01;35:*.mov=01;35:*.mpg=01;35:*.mpeg=01;35:*.m2v=01;35:*.mkv=01;35:*.webm=01;35:*.webp=01;35:*.ogm=01;35:*.mp4=01;35:*.m4v=01;35:*.mp4v=01;35:*.vob=01;35:*.qt=01;35:*.nuv=01;35:*.wmv=01;35:*.asf=01;35:*.rm=01;35:*.rmvb=01;35:*.flc=01;35:*.avi=01;35:*.fli=01;35:*.flv=01;35:*.gl=01;35:*.dl=01;35:*.xcf=01;35:*.xwd=01;35:*.yuv=01;35:*.cgm=01;35:*.emf=01;35:*.ogv=01;35:*.ogx=01;35:*.aac=00;36:*.au=00;36:*.flac=00;36:*.m4a=00;36:*.mid=00;36:*.midi=00;36:*.mka=00;36:*.mp3=00;36:*.mpc=00;36:*.ogg=00;36:*.ra=00;36:*.wav=00;36:*.oga=00;36:*.opus=00;36:*.spx=00;36:*.xspf=00;36:'), ('GNOME_TERMINAL_SERVICE', ':1.120'), ('SSH_AGENT_LAUNCHER', 'gnome-keyring'), ('SSH_AUTH_SOCK', '/run/user/1000/keyring/ssh'), ('AMENT_PREFIX_PATH', '/opt/ros/humble'), ('SHELL', '/bin/bash'), ('LC_NAME', 'de_DE.UTF-8'), ('QT_ACCESSIBILITY', '1'), ('GDMSESSION', 'ubuntu'), ('LESSCLOSE', '/usr/bin/lesspipe %s %s'), ('LC_MEASUREMENT', 'de_DE.UTF-8'), ('LC_IDENTIFICATION', 'de_DE.UTF-8'), ('QT_IM_MODULE', 'ibus'), ('PWD', '/home/rahul/Mir_robot/build/ros2_aruco_interfaces'), ('XDG_CONFIG_DIRS', '/etc/xdg/xdg-ubuntu:/etc/xdg'), ('XDG_DATA_DIRS', '/usr/share/ubuntu:/usr/local/share/:/usr/share/:/var/lib/snapd/desktop'), ('PYTHONPATH', '/opt/ros/humble/lib/python3.10/site-packages:/opt/ros/humble/local/lib/python3.10/dist-packages'), ('LC_NUMERIC', 'de_DE.UTF-8'), ('LC_PAPER', 'de_DE.UTF-8'), ('COLCON', '1'), ('VTE_VERSION', '6800'), ('CMAKE_PREFIX_PATH', '/opt/ros/humble')]), 'shell': False}
[3.552872] (mir_description) StdoutLine: {'line': b'-- Searching for dependencies of ignition-math6\n'}
[3.555744] (mir_description) StdoutLine: {'line': b'-- Looking for OGRE...\n'}
[3.556678] (mir_description) StdoutLine: {'line': b'-- OGRE_PREFIX_WATCH changed.\n'}
[3.567504] (mir_description) StdoutLine: {'line': b"-- Checking for module 'OGRE'\n"}
[3.598962] (mir_description) StdoutLine: {'line': b'--   Found OGRE, version 1.9.0\n'}
[3.606874] (mir_msgs) StdoutLine: {'line': b'-- Using all available rosidl_typesupport_cpp: rosidl_typesupport_fastrtps_cpp;rosidl_typesupport_introspection_cpp\n'}
[3.620112] (-) TimerEvent: {}
[3.656969] (mir_msgs) StdoutLine: {'line': b'-- Found PythonInterp: /usr/bin/python3 (found suitable version "3.10.12", minimum required is "3.6") \n'}
[3.660674] (mir_msgs) StdoutLine: {'line': b'-- Found python_cmake_module: 0.10.0 (/opt/ros/humble/share/python_cmake_module/cmake)\n'}
[3.676117] (mir_description) StdoutLine: {'line': b'-- Found Ogre Ghadamon (1.9.0)\n'}
[3.686119] (ros2_aruco_interfaces) StdoutLine: {'line': b'-- The C compiler identification is GNU 11.4.0\n'}
[3.695562] (mir_description) StdoutLine: {'line': b'-- Found OGRE: optimized;/usr/lib/x86_64-linux-gnu/libOgreMain.so;debug;/usr/lib/x86_64-linux-gnu/libOgreMain.so\n'}
[3.714117] (mir_msgs) StdoutLine: {'line': b'-- Found PythonLibs: /usr/lib/x86_64-linux-gnu/libpython3.10.so (found suitable version "3.10.12", minimum required is "3.5") \n'}
[3.714381] (mir_msgs) StdoutLine: {'line': b'-- Using PYTHON_EXECUTABLE: /usr/bin/python3\n'}
[3.714536] (mir_msgs) StdoutLine: {'line': b'-- Using PYTHON_INCLUDE_DIRS: /usr/include/python3.10\n'}
[3.714678] (mir_msgs) StdoutLine: {'line': b'-- Using PYTHON_LIBRARIES: /usr/lib/x86_64-linux-gnu/libpython3.10.so\n'}
[3.719160] (mir_description) StdoutLine: {'line': b'-- Looking for OGRE_Paging...\n'}
[3.723099] (-) TimerEvent: {}
[3.736894] (mir_description) StdoutLine: {'line': b'-- Found OGRE_Paging: optimized;/usr/lib/x86_64-linux-gnu/libOgrePaging.so;debug;/usr/lib/x86_64-linux-gnu/libOgrePaging.so\n'}
[3.737401] (mir_description) StdoutLine: {'line': b'-- Looking for OGRE_Terrain...\n'}
[3.761243] (mir_description) StdoutLine: {'line': b'-- Found OGRE_Terrain: optimized;/usr/lib/x86_64-linux-gnu/libOgreTerrain.so;debug;/usr/lib/x86_64-linux-gnu/libOgreTerrain.so\n'}
[3.761487] (mir_description) StdoutLine: {'line': b'-- Looking for OGRE_Property...\n'}
[3.761615] (mir_msgs) StdoutLine: {'line': b'-- Found PythonExtra: .so  \n'}
[3.780981] (mir_description) StdoutLine: {'line': b'-- Found OGRE_Property: optimized;/usr/lib/x86_64-linux-gnu/libOgreProperty.so;debug;/usr/lib/x86_64-linux-gnu/libOgreProperty.so\n'}
[3.781461] (mir_description) StdoutLine: {'line': b'-- Looking for OGRE_RTShaderSystem...\n'}
[3.801238] (mir_description) StdoutLine: {'line': b'-- Found OGRE_RTShaderSystem: optimized;/usr/lib/x86_64-linux-gnu/libOgreRTShaderSystem.so;debug;/usr/lib/x86_64-linux-gnu/libOgreRTShaderSystem.so\n'}
[3.801507] (mir_description) StdoutLine: {'line': b'-- Looking for OGRE_Volume...\n'}
[3.814852] (ros2_aruco_interfaces) StdoutLine: {'line': b'-- The CXX compiler identification is GNU 11.4.0\n'}
[3.818509] (mir_description) StdoutLine: {'line': b'-- Found OGRE_Volume: optimized;/usr/lib/x86_64-linux-gnu/libOgreVolume.so;debug;/usr/lib/x86_64-linux-gnu/libOgreVolume.so\n'}
[3.818730] (mir_description) StdoutLine: {'line': b'-- Looking for OGRE_Overlay...\n'}
[3.823213] (-) TimerEvent: {}
[3.833189] (ros2_aruco_interfaces) StdoutLine: {'line': b'-- Detecting C compiler ABI info\n'}
[3.839171] (mir_description) StdoutLine: {'line': b'-- Found OGRE_Overlay: optimized;/usr/lib/x86_64-linux-gnu/libOgreOverlay.so;debug;/usr/lib/x86_64-linux-gnu/libOgreOverlay.so\n'}
[3.923330] (-) TimerEvent: {}
[3.981936] (ros2_aruco_interfaces) StdoutLine: {'line': b'-- Detecting C compiler ABI info - done\n'}
[4.002106] (ros2_aruco_interfaces) StdoutLine: {'line': b'-- Check for working C compiler: /usr/bin/cc - skipped\n'}
[4.002617] (ros2_aruco_interfaces) StdoutLine: {'line': b'-- Detecting C compile features\n'}
[4.003495] (ros2_aruco_interfaces) StdoutLine: {'line': b'-- Detecting C compile features - done\n'}
[4.011138] (ros2_aruco_interfaces) StdoutLine: {'line': b'-- Detecting CXX compiler ABI info\n'}
[4.023995] (-) TimerEvent: {}
[4.124430] (-) TimerEvent: {}
[4.146419] (mir_msgs) StdoutLine: {'line': b'-- Configuring done\n'}
[4.195466] (ros2_aruco_interfaces) StdoutLine: {'line': b'-- Detecting CXX compiler ABI info - done\n'}
[4.199137] (mir_description) StdoutLine: {'line': b'-- Looking for ignition-math6 -- found version 6.16.0\n'}
[4.204331] (mir_description) StdoutLine: {'line': b'-- Looking for ignition-transport8 -- found version 8.2.1\n'}
[4.205914] (mir_description) StdoutLine: {'line': b'-- Searching for dependencies of ignition-transport8\n'}
[4.222302] (ros2_aruco_interfaces) StdoutLine: {'line': b'-- Check for working CXX compiler: /usr/bin/c++ - skipped\n'}
[4.224163] (ros2_aruco_interfaces) StdoutLine: {'line': b'-- Detecting CXX compile features\n'}
[4.224497] (-) TimerEvent: {}
[4.225991] (ros2_aruco_interfaces) StdoutLine: {'line': b'-- Detecting CXX compile features - done\n'}
[4.233715] (ros2_aruco_interfaces) StdoutLine: {'line': b'-- Found ament_cmake: 1.3.14 (/opt/ros/humble/share/ament_cmake/cmake)\n'}
[4.235479] (mir_msgs) StdoutLine: {'line': b'-- Generating done\n'}
[4.244926] (mir_description) StdoutLine: {'line': b'-- Found Protobuf: /usr/lib/x86_64-linux-gnu/libprotobuf.so (found suitable version "3.12.4", minimum required is "3") \n'}
[4.264160] (mir_msgs) StdoutLine: {'line': b'-- Build files have been written to: /home/rahul/Mir_robot/build/mir_msgs\n'}
[4.269958] (mir_description) StdoutLine: {'line': b'-- Config-file not installed for ZeroMQ -- checking for pkg-config\n'}
[4.284466] (mir_description) StdoutLine: {'line': b"-- Checking for module 'libzmq >= 4'\n"}
[4.287431] (mir_msgs) CommandEnded: {'returncode': 0}
[4.288084] (mir_msgs) JobProgress: {'identifier': 'mir_msgs', 'progress': 'build'}
[4.288146] (mir_msgs) Command: {'cmd': ['/usr/bin/cmake', '--build', '/home/rahul/Mir_robot/build/mir_msgs', '--', '-j4', '-l4'], 'cwd': '/home/rahul/Mir_robot/build/mir_msgs', 'env': OrderedDict([('LESSOPEN', '| /usr/bin/lesspipe %s'), ('USER', 'rahul'), ('LC_TIME', 'de_DE.UTF-8'), ('XDG_SESSION_TYPE', 'wayland'), ('SHLVL', '1'), ('LD_LIBRARY_PATH', '/usr/lib/x86_64-linux-gnu/gazebo-11/plugins:/opt/ros/humble/opt/rviz_ogre_vendor/lib:/opt/ros/humble/lib/x86_64-linux-gnu:/opt/ros/humble/lib'), ('HOME', '/home/rahul'), ('OLDPWD', '/home/rahul'), ('DESKTOP_SESSION', 'ubuntu'), ('ROS_PYTHON_VERSION', '3'), ('GNOME_SHELL_SESSION_MODE', 'ubuntu'), ('GTK_MODULES', 'gail:atk-bridge'), ('LC_MONETARY', 'de_DE.UTF-8'), ('SYSTEMD_EXEC_PID', '6479'), ('DBUS_SESSION_BUS_ADDRESS', 'unix:path=/run/user/1000/bus'), ('COLORTERM', 'truecolor'), ('IM_CONFIG_PHASE', '1'), ('WAYLAND_DISPLAY', 'wayland-0'), ('ROS_DISTRO', 'humble'), ('LOGNAME', 'rahul'), ('_', '/usr/bin/colcon'), ('ROS_VERSION', '2'), ('XDG_SESSION_CLASS', 'user'), ('USERNAME', 'rahul'), ('TERM', 'xterm-256color'), ('GNOME_DESKTOP_SESSION_ID', 'this-is-deprecated'), ('ROS_LOCALHOST_ONLY', '0'), ('PATH', '/opt/ros/humble/bin:/home/rahul/.local/bin:/usr/local/sbin:/usr/local/bin:/usr/sbin:/usr/bin:/sbin:/bin:/usr/games:/usr/local/games:/snap/bin:/snap/bin'), ('SESSION_MANAGER', 'local/rahul-Inspiron-5559:@/tmp/.ICE-unix/2054,unix/rahul-Inspiron-5559:/tmp/.ICE-unix/2054'), ('XDG_MENU_PREFIX', 'gnome-'), ('LC_ADDRESS', 'de_DE.UTF-8'), ('GNOME_TERMINAL_SCREEN', '/org/gnome/Terminal/screen/351eedeb_30dc_418d_b420_34c5a0c83961'), ('GNOME_SETUP_DISPLAY', ':1'), ('XDG_RUNTIME_DIR', '/run/user/1000'), ('DISPLAY', ':0'), ('LANG', 'en_US.UTF-8'), ('XDG_CURRENT_DESKTOP', 'ubuntu:GNOME'), ('LC_TELEPHONE', 'de_DE.UTF-8'), ('XMODIFIERS', '@im=ibus'), ('XDG_SESSION_DESKTOP', 'ubuntu'), ('XAUTHORITY', '/run/user/1000/.mutter-Xwaylandauth.VYRET3'), ('LS_COLORS', 'rs=0:di=01;34:ln=01;36:mh=00:pi=40;33:so=01;35:do=01;35:bd=40;33;01:cd=40;33;01:or=40;31;01:mi=00:su=37;41:sg=30;43:ca=30;41:tw=30;42:ow=34;42:st=37;44:ex=01;32:*.tar=01;31:*.tgz=01;31:*.arc=01;31:*.arj=01;31:*.taz=01;31:*.lha=01;31:*.lz4=01;31:*.lzh=01;31:*.lzma=01;31:*.tlz=01;31:*.txz=01;31:*.tzo=01;31:*.t7z=01;31:*.zip=01;31:*.z=01;31:*.dz=01;31:*.gz=01;31:*.lrz=01;31:*.lz=01;31:*.lzo=01;31:*.xz=01;31:*.zst=01;31:*.tzst=01;31:*.bz2=01;31:*.bz=01;31:*.tbz=01;31:*.tbz2=01;31:*.tz=01;31:*.deb=01;31:*.rpm=01;31:*.jar=01;31:*.war=01;31:*.ear=01;31:*.sar=01;31:*.rar=01;31:*.alz=01;31:*.ace=01;31:*.zoo=01;31:*.cpio=01;31:*.7z=01;31:*.rz=01;31:*.cab=01;31:*.wim=01;31:*.swm=01;31:*.dwm=01;31:*.esd=01;31:*.jpg=01;35:*.jpeg=01;35:*.mjpg=01;35:*.mjpeg=01;35:*.gif=01;35:*.bmp=01;35:*.pbm=01;35:*.pgm=01;35:*.ppm=01;35:*.tga=01;35:*.xbm=01;35:*.xpm=01;35:*.tif=01;35:*.tiff=01;35:*.png=01;35:*.svg=01;35:*.svgz=01;35:*.mng=01;35:*.pcx=01;35:*.mov=01;35:*.mpg=01;35:*.mpeg=01;35:*.m2v=01;35:*.mkv=01;35:*.webm=01;35:*.webp=01;35:*.ogm=01;35:*.mp4=01;35:*.m4v=01;35:*.mp4v=01;35:*.vob=01;35:*.qt=01;35:*.nuv=01;35:*.wmv=01;35:*.asf=01;35:*.rm=01;35:*.rmvb=01;35:*.flc=01;35:*.avi=01;35:*.fli=01;35:*.flv=01;35:*.gl=01;35:*.dl=01;35:*.xcf=01;35:*.xwd=01;35:*.yuv=01;35:*.cgm=01;35:*.emf=01;35:*.ogv=01;35:*.ogx=01;35:*.aac=00;36:*.au=00;36:*.flac=00;36:*.m4a=00;36:*.mid=00;36:*.midi=00;36:*.mka=00;36:*.mp3=00;36:*.mpc=00;36:*.ogg=00;36:*.ra=00;36:*.wav=00;36:*.oga=00;36:*.opus=00;36:*.spx=00;36:*.xspf=00;36:'), ('GNOME_TERMINAL_SERVICE', ':1.120'), ('SSH_AGENT_LAUNCHER', 'gnome-keyring'), ('SSH_AUTH_SOCK', '/run/user/1000/keyring/ssh'), ('AMENT_PREFIX_PATH', '/opt/ros/humble'), ('SHELL', '/bin/bash'), ('LC_NAME', 'de_DE.UTF-8'), ('QT_ACCESSIBILITY', '1'), ('GDMSESSION', 'ubuntu'), ('LESSCLOSE', '/usr/bin/lesspipe %s %s'), ('LC_MEASUREMENT', 'de_DE.UTF-8'), ('LC_IDENTIFICATION', 'de_DE.UTF-8'), ('QT_IM_MODULE', 'ibus'), ('PWD', '/home/rahul/Mir_robot/build/mir_msgs'), ('XDG_CONFIG_DIRS', '/etc/xdg/xdg-ubuntu:/etc/xdg'), ('XDG_DATA_DIRS', '/usr/share/ubuntu:/usr/local/share/:/usr/share/:/var/lib/snapd/desktop'), ('PYTHONPATH', '/opt/ros/humble/lib/python3.10/site-packages:/opt/ros/humble/local/lib/python3.10/dist-packages'), ('LC_NUMERIC', 'de_DE.UTF-8'), ('LC_PAPER', 'de_DE.UTF-8'), ('COLCON', '1'), ('VTE_VERSION', '6800'), ('CMAKE_PREFIX_PATH', '/opt/ros/humble')]), 'shell': False}
[4.313615] (mir_description) StdoutLine: {'line': b'--   Found libzmq , version 4.3.4\n'}
[4.325131] (-) TimerEvent: {}
[4.387102] (mir_msgs) StdoutLine: {'line': b'[  2%] \x1b[34m\x1b[1mGenerating C code for ROS interfaces\x1b[0m\n'}
[4.425247] (-) TimerEvent: {}
[4.426157] (mir_description) StdoutLine: {'line': b'-- Found ZeroMQ: TRUE (Required is at least version "4") \n'}
[4.445994] (mir_description) StdoutLine: {'line': b"-- Checking for module 'uuid'\n"}
[4.450012] (mir_msgs) StdoutLine: {'line': b'[  2%] Built target ament_cmake_python_symlink_mir_msgs\n'}
[4.455601] (mir_msgs) StdoutLine: {'line': b'[  4%] \x1b[34m\x1b[1mGenerating Rust code for ROS interfaces\x1b[0m\n'}
[4.468118] (mir_msgs) StdoutLine: {'line': b'[  6%] \x1b[34m\x1b[1mGenerating C++ code for ROS interfaces\x1b[0m\n'}
[4.511186] (mir_description) StdoutLine: {'line': b'--   Found uuid, version 2.37.2\n'}
[4.525342] (-) TimerEvent: {}
[4.628105] (-) TimerEvent: {}
[4.660177] (ros2_aruco_interfaces) StdoutLine: {'line': b'-- Found Python3: /usr/bin/python3 (found version "3.10.12") found components: Interpreter \n'}
[4.674255] (mir_description) StdoutLine: {'line': b'-- Found UUID: TRUE  \n'}
[4.691577] (mir_description) StdoutLine: {'line': b'-- Looking for ignition-msgs5 -- found version 5.8.1\n'}
[4.692636] (mir_description) StdoutLine: {'line': b'-- Searching for dependencies of ignition-msgs5\n'}
[4.728208] (-) TimerEvent: {}
[4.801129] (mir_description) StdoutLine: {'line': b'-- Looking for ignition-math6 -- found version 6.16.0\n'}
[4.828317] (-) TimerEvent: {}
[4.830661] (mir_description) StdoutLine: {'line': b"-- Checking for module 'tinyxml2'\n"}
[4.867102] (ros2_aruco_interfaces) StdoutLine: {'line': b'-- Override CMake install command with custom implementation using symlinks instead of copying resources\n'}
[4.906623] (mir_description) StdoutLine: {'line': b'--   Found tinyxml2, version 9.0.0\n'}
[4.933031] (-) TimerEvent: {}
[5.033425] (-) TimerEvent: {}
[5.039110] (mir_description) StdoutLine: {'line': b'-- Looking for ignition-msgs5 -- found version 5.8.1\n'}
[5.045434] (mir_description) StdoutLine: {'line': b'-- Looking for ignition-common3 -- found version 3.14.0\n'}
[5.047694] (mir_description) StdoutLine: {'line': b'-- Searching for dependencies of ignition-common3\n'}
[5.048022] (mir_description) StdoutLine: {'line': b'-- Looking for dlfcn.h - found\n'}
[5.050556] (mir_description) StdoutLine: {'line': b'-- Looking for libdl - found\n'}
[5.056176] (mir_description) StdoutLine: {'line': b'-- Found DL: TRUE  \n'}
[5.081917] (mir_description) StdoutLine: {'line': b'-- Found tinyobjloader: /usr/lib/x86_64-linux-gnu/cmake/tinyobjloader/tinyobjloader-config.cmake (found version "2.0.0") \n'}
[5.083575] (mir_description) StdoutLine: {'line': b'-- Searching for <ignition-common3> component [graphics]\n'}
[5.088629] (mir_description) StdoutLine: {'line': b'-- Looking for ignition-common3-graphics -- found version 3.14.0\n'}
[5.090127] (mir_description) StdoutLine: {'line': b'-- Searching for dependencies of ignition-common3-graphics\n'}
[5.091315] (mir_description) StdoutLine: {'line': b'-- Looking for ignition-math6 -- found version 6.16.0\n'}
[5.099474] (mir_description) StdoutLine: {'line': b'-- Looking for ignition-fuel_tools4 -- found version 4.4.0\n'}
[5.099816] (mir_description) StdoutLine: {'line': b'-- Searching for dependencies of ignition-fuel_tools4\n'}
[5.128074] (ros2_aruco_interfaces) StdoutLine: {'line': b'-- Found geometry_msgs: 4.9.1 (/opt/ros/humble/share/geometry_msgs/cmake)\n'}
[5.133525] (-) TimerEvent: {}
[5.233997] (-) TimerEvent: {}
[5.334485] (-) TimerEvent: {}
[5.391100] (mir_description) StdoutLine: {'line': b'-- Found CURL: /usr/lib/x86_64-linux-gnu/libcurl.so (found version "7.81.0")  \n'}
[5.424185] (mir_description) StdoutLine: {'line': b"-- Checking for module 'jsoncpp'\n"}
[5.434597] (-) TimerEvent: {}
[5.438797] (ros2_aruco_interfaces) StdoutLine: {'line': b'-- Found rosidl_generator_c: 3.1.9 (/opt/ros/humble/share/rosidl_generator_c/cmake)\n'}
[5.466313] (ros2_aruco_interfaces) StdoutLine: {'line': b'-- Found rosidl_adapter: 3.1.9 (/opt/ros/humble/share/rosidl_adapter/cmake)\n'}
[5.481382] (mir_description) StdoutLine: {'line': b'--   Found jsoncpp, version 1.9.5\n'}
[5.525927] (ros2_aruco_interfaces) StdoutLine: {'line': b'-- Found rosidl_generator_cpp: 3.1.9 (/opt/ros/humble/share/rosidl_generator_cpp/cmake)\n'}
[5.534700] (-) TimerEvent: {}
[5.605222] (ros2_aruco_interfaces) StdoutLine: {'line': b'-- Using all available rosidl_typesupport_c: rosidl_typesupport_fastrtps_c;rosidl_typesupport_introspection_c\n'}
[5.638092] (-) TimerEvent: {}
[5.640489] (mir_description) StdoutLine: {'line': b'-- Found JSONCPP: TRUE  \n'}
[5.664138] (mir_description) StdoutLine: {'line': b"-- Checking for module 'libzip'\n"}
[5.700997] (ros2_aruco_interfaces) StdoutLine: {'line': b'-- Using all available rosidl_typesupport_cpp: rosidl_typesupport_fastrtps_cpp;rosidl_typesupport_introspection_cpp\n'}
[5.722263] (mir_description) StdoutLine: {'line': b'--   Found libzip, version 1.7.3\n'}
[5.741656] (-) TimerEvent: {}
[5.834308] (mir_description) StdoutLine: {'line': b'-- Found ZIP: TRUE  \n'}
[5.834535] (mir_description) StdoutLine: {'line': b'-- Looking for ignition-common3 -- found version 3.14.0\n'}
[5.834658] (mir_description) StdoutLine: {'line': b'-- Looking for ignition-math6 -- found version 6.16.0\n'}
[5.835062] (mir_description) StdoutLine: {'line': b'-- Looking for ignition-msgs5 -- found version 5.8.1\n'}
[5.842529] (-) TimerEvent: {}
[5.842838] (mir_description) StdoutLine: {'line': b'-- Gazebo version: 11.10\n'}
[5.846492] (mir_description) StdoutLine: {'line': b"-- Checking for module 'tbb'\n"}
[5.888110] (mir_description) StdoutLine: {'line': b'--   Found tbb, version 2021.5.0\n'}
[5.942645] (-) TimerEvent: {}
[5.960104] (ira_laser_tools) StdoutLine: {'line': b"-- Checking for module 'libusb-1.0'\n"}
[5.970888] (ros2_aruco_interfaces) StdoutLine: {'line': b'-- Found rosidl_default_generators: 1.2.1 (/opt/ros/humble/share/rosidl_default_generators/cmake)\n'}
[6.001788] (ira_laser_tools) StdoutLine: {'line': b'--   Found libusb-1.0, version 1.0.25\n'}
[6.003060] (mir_description) StdoutLine: {'line': b'-- Found rviz2: 11.2.27 (/opt/ros/humble/share/rviz2/cmake)\n'}
[6.015079] (mir_description) StdoutLine: {'line': b'-- Found ament_lint_auto: 0.12.15 (/opt/ros/humble/share/ament_lint_auto/cmake)\n'}
[6.042744] (-) TimerEvent: {}
[6.129101] (mir_msgs) StdoutLine: {'line': b'running egg_info\n'}
[6.129632] (mir_msgs) StdoutLine: {'line': b'creating mir_msgs.egg-info\n'}
[6.129770] (mir_msgs) StdoutLine: {'line': b'writing mir_msgs.egg-info/PKG-INFO\n'}
[6.129900] (mir_msgs) StdoutLine: {'line': b'writing dependency_links to mir_msgs.egg-info/dependency_links.txt\n'}
[6.133102] (mir_msgs) StdoutLine: {'line': b'writing top-level names to mir_msgs.egg-info/top_level.txt\n'}
[6.133343] (mir_msgs) StdoutLine: {'line': b"writing manifest file 'mir_msgs.egg-info/SOURCES.txt'\n"}
[6.140443] (mir_msgs) StdoutLine: {'line': b"reading manifest file 'mir_msgs.egg-info/SOURCES.txt'\n"}
[6.141102] (ira_laser_tools) StdoutLine: {'line': b'-- Found libusb: /usr/lib/x86_64-linux-gnu/libusb-1.0.so  \n'}
[6.141490] (mir_msgs) StdoutLine: {'line': b"writing manifest file 'mir_msgs.egg-info/SOURCES.txt'\n"}
[6.142850] (-) TimerEvent: {}
[6.144430] (ira_laser_tools) StdoutLine: {'line': b'-- OpenNI found (version: 1.5.4.0, include: /usr/include/ni, lib: /usr/lib/libOpenNI.so;libusb::libusb)\n'}
[6.152518] (mir_msgs) StdoutLine: {'line': b'[  6%] Built target mir_msgs__rs\n'}
[6.209296] (mir_msgs) StdoutLine: {'line': b'[  6%] Built target ament_cmake_python_build_mir_msgs_egg\n'}
[6.242965] (-) TimerEvent: {}
[6.307996] (mir_description) StdoutLine: {'line': b"-- Added test 'copyright' to check source files copyright and LICENSE\n"}
[6.319331] (mir_description) StdoutLine: {'line': b"-- Added test 'flake8' to check Python code syntax and style conventions\n"}
[6.319585] (mir_description) StdoutLine: {'line': b"-- Added test 'lint_cmake' to check CMake code style\n"}
[6.320712] (mir_description) StdoutLine: {'line': b"-- Added test 'pep257' to check Python code against some of the docstring style conventions in PEP 257\n"}
[6.325559] (mir_description) StdoutLine: {'line': b"-- Added test 'xmllint' to check XML markup files\n"}
[6.328372] (mir_description) StdoutLine: {'line': b'-- Configuring done\n'}
[6.336672] (ira_laser_tools) StdoutLine: {'line': b'-- OpenNI2 found (version: 2.2.0.33, include: /usr/include/openni2, lib: /usr/lib/x86_64-linux-gnu/libOpenNI2.so;libusb::libusb)\n'}
[6.341049] (mir_description) StdoutLine: {'line': b'-- Generating done\n'}
[6.343084] (-) TimerEvent: {}
[6.347096] (mir_description) StdoutLine: {'line': b'-- Build files have been written to: /home/rahul/Mir_robot/build/mir_description\n'}
[6.380271] (mir_description) CommandEnded: {'returncode': 0}
[6.391376] (mir_description) JobProgress: {'identifier': 'mir_description', 'progress': 'build'}
[6.391465] (mir_description) Command: {'cmd': ['/usr/bin/cmake', '--build', '/home/rahul/Mir_robot/build/mir_description', '--', '-j4', '-l4'], 'cwd': '/home/rahul/Mir_robot/build/mir_description', 'env': OrderedDict([('LESSOPEN', '| /usr/bin/lesspipe %s'), ('USER', 'rahul'), ('LC_TIME', 'de_DE.UTF-8'), ('XDG_SESSION_TYPE', 'wayland'), ('SHLVL', '1'), ('LD_LIBRARY_PATH', '/usr/lib/x86_64-linux-gnu/gazebo-11/plugins:/opt/ros/humble/opt/rviz_ogre_vendor/lib:/opt/ros/humble/lib/x86_64-linux-gnu:/opt/ros/humble/lib'), ('HOME', '/home/rahul'), ('OLDPWD', '/home/rahul'), ('DESKTOP_SESSION', 'ubuntu'), ('ROS_PYTHON_VERSION', '3'), ('GNOME_SHELL_SESSION_MODE', 'ubuntu'), ('GTK_MODULES', 'gail:atk-bridge'), ('LC_MONETARY', 'de_DE.UTF-8'), ('SYSTEMD_EXEC_PID', '6479'), ('DBUS_SESSION_BUS_ADDRESS', 'unix:path=/run/user/1000/bus'), ('COLORTERM', 'truecolor'), ('IM_CONFIG_PHASE', '1'), ('WAYLAND_DISPLAY', 'wayland-0'), ('ROS_DISTRO', 'humble'), ('LOGNAME', 'rahul'), ('_', '/usr/bin/colcon'), ('ROS_VERSION', '2'), ('XDG_SESSION_CLASS', 'user'), ('USERNAME', 'rahul'), ('TERM', 'xterm-256color'), ('GNOME_DESKTOP_SESSION_ID', 'this-is-deprecated'), ('ROS_LOCALHOST_ONLY', '0'), ('PATH', '/opt/ros/humble/bin:/home/rahul/.local/bin:/usr/local/sbin:/usr/local/bin:/usr/sbin:/usr/bin:/sbin:/bin:/usr/games:/usr/local/games:/snap/bin:/snap/bin'), ('SESSION_MANAGER', 'local/rahul-Inspiron-5559:@/tmp/.ICE-unix/2054,unix/rahul-Inspiron-5559:/tmp/.ICE-unix/2054'), ('XDG_MENU_PREFIX', 'gnome-'), ('LC_ADDRESS', 'de_DE.UTF-8'), ('GNOME_TERMINAL_SCREEN', '/org/gnome/Terminal/screen/351eedeb_30dc_418d_b420_34c5a0c83961'), ('GNOME_SETUP_DISPLAY', ':1'), ('XDG_RUNTIME_DIR', '/run/user/1000'), ('DISPLAY', ':0'), ('LANG', 'en_US.UTF-8'), ('XDG_CURRENT_DESKTOP', 'ubuntu:GNOME'), ('LC_TELEPHONE', 'de_DE.UTF-8'), ('XMODIFIERS', '@im=ibus'), ('XDG_SESSION_DESKTOP', 'ubuntu'), ('XAUTHORITY', '/run/user/1000/.mutter-Xwaylandauth.VYRET3'), ('LS_COLORS', 'rs=0:di=01;34:ln=01;36:mh=00:pi=40;33:so=01;35:do=01;35:bd=40;33;01:cd=40;33;01:or=40;31;01:mi=00:su=37;41:sg=30;43:ca=30;41:tw=30;42:ow=34;42:st=37;44:ex=01;32:*.tar=01;31:*.tgz=01;31:*.arc=01;31:*.arj=01;31:*.taz=01;31:*.lha=01;31:*.lz4=01;31:*.lzh=01;31:*.lzma=01;31:*.tlz=01;31:*.txz=01;31:*.tzo=01;31:*.t7z=01;31:*.zip=01;31:*.z=01;31:*.dz=01;31:*.gz=01;31:*.lrz=01;31:*.lz=01;31:*.lzo=01;31:*.xz=01;31:*.zst=01;31:*.tzst=01;31:*.bz2=01;31:*.bz=01;31:*.tbz=01;31:*.tbz2=01;31:*.tz=01;31:*.deb=01;31:*.rpm=01;31:*.jar=01;31:*.war=01;31:*.ear=01;31:*.sar=01;31:*.rar=01;31:*.alz=01;31:*.ace=01;31:*.zoo=01;31:*.cpio=01;31:*.7z=01;31:*.rz=01;31:*.cab=01;31:*.wim=01;31:*.swm=01;31:*.dwm=01;31:*.esd=01;31:*.jpg=01;35:*.jpeg=01;35:*.mjpg=01;35:*.mjpeg=01;35:*.gif=01;35:*.bmp=01;35:*.pbm=01;35:*.pgm=01;35:*.ppm=01;35:*.tga=01;35:*.xbm=01;35:*.xpm=01;35:*.tif=01;35:*.tiff=01;35:*.png=01;35:*.svg=01;35:*.svgz=01;35:*.mng=01;35:*.pcx=01;35:*.mov=01;35:*.mpg=01;35:*.mpeg=01;35:*.m2v=01;35:*.mkv=01;35:*.webm=01;35:*.webp=01;35:*.ogm=01;35:*.mp4=01;35:*.m4v=01;35:*.mp4v=01;35:*.vob=01;35:*.qt=01;35:*.nuv=01;35:*.wmv=01;35:*.asf=01;35:*.rm=01;35:*.rmvb=01;35:*.flc=01;35:*.avi=01;35:*.fli=01;35:*.flv=01;35:*.gl=01;35:*.dl=01;35:*.xcf=01;35:*.xwd=01;35:*.yuv=01;35:*.cgm=01;35:*.emf=01;35:*.ogv=01;35:*.ogx=01;35:*.aac=00;36:*.au=00;36:*.flac=00;36:*.m4a=00;36:*.mid=00;36:*.midi=00;36:*.mka=00;36:*.mp3=00;36:*.mpc=00;36:*.ogg=00;36:*.ra=00;36:*.wav=00;36:*.oga=00;36:*.opus=00;36:*.spx=00;36:*.xspf=00;36:'), ('GNOME_TERMINAL_SERVICE', ':1.120'), ('SSH_AGENT_LAUNCHER', 'gnome-keyring'), ('SSH_AUTH_SOCK', '/run/user/1000/keyring/ssh'), ('AMENT_PREFIX_PATH', '/opt/ros/humble'), ('SHELL', '/bin/bash'), ('LC_NAME', 'de_DE.UTF-8'), ('QT_ACCESSIBILITY', '1'), ('GDMSESSION', 'ubuntu'), ('LESSCLOSE', '/usr/bin/lesspipe %s %s'), ('LC_MEASUREMENT', 'de_DE.UTF-8'), ('LC_IDENTIFICATION', 'de_DE.UTF-8'), ('QT_IM_MODULE', 'ibus'), ('PWD', '/home/rahul/Mir_robot/build/mir_description'), ('XDG_CONFIG_DIRS', '/etc/xdg/xdg-ubuntu:/etc/xdg'), ('XDG_DATA_DIRS', '/usr/share/ubuntu:/usr/local/share/:/usr/share/:/var/lib/snapd/desktop'), ('PYTHONPATH', '/opt/ros/humble/lib/python3.10/site-packages:/opt/ros/humble/local/lib/python3.10/dist-packages'), ('LC_NUMERIC', 'de_DE.UTF-8'), ('LC_PAPER', 'de_DE.UTF-8'), ('COLCON', '1'), ('VTE_VERSION', '6800'), ('CMAKE_PREFIX_PATH', '/opt/ros/humble')]), 'shell': False}
[6.443195] (-) TimerEvent: {}
[6.543736] (-) TimerEvent: {}
[6.566681] (mir_description) CommandEnded: {'returncode': 0}
[6.571553] (mir_description) JobProgress: {'identifier': 'mir_description', 'progress': 'install'}
[6.605318] (mir_description) Command: {'cmd': ['/usr/bin/cmake', '--install', '/home/rahul/Mir_robot/build/mir_description'], 'cwd': '/home/rahul/Mir_robot/build/mir_description', 'env': OrderedDict([('LESSOPEN', '| /usr/bin/lesspipe %s'), ('USER', 'rahul'), ('LC_TIME', 'de_DE.UTF-8'), ('XDG_SESSION_TYPE', 'wayland'), ('SHLVL', '1'), ('LD_LIBRARY_PATH', '/usr/lib/x86_64-linux-gnu/gazebo-11/plugins:/opt/ros/humble/opt/rviz_ogre_vendor/lib:/opt/ros/humble/lib/x86_64-linux-gnu:/opt/ros/humble/lib'), ('HOME', '/home/rahul'), ('OLDPWD', '/home/rahul'), ('DESKTOP_SESSION', 'ubuntu'), ('ROS_PYTHON_VERSION', '3'), ('GNOME_SHELL_SESSION_MODE', 'ubuntu'), ('GTK_MODULES', 'gail:atk-bridge'), ('LC_MONETARY', 'de_DE.UTF-8'), ('SYSTEMD_EXEC_PID', '6479'), ('DBUS_SESSION_BUS_ADDRESS', 'unix:path=/run/user/1000/bus'), ('COLORTERM', 'truecolor'), ('IM_CONFIG_PHASE', '1'), ('WAYLAND_DISPLAY', 'wayland-0'), ('ROS_DISTRO', 'humble'), ('LOGNAME', 'rahul'), ('_', '/usr/bin/colcon'), ('ROS_VERSION', '2'), ('XDG_SESSION_CLASS', 'user'), ('USERNAME', 'rahul'), ('TERM', 'xterm-256color'), ('GNOME_DESKTOP_SESSION_ID', 'this-is-deprecated'), ('ROS_LOCALHOST_ONLY', '0'), ('PATH', '/opt/ros/humble/bin:/home/rahul/.local/bin:/usr/local/sbin:/usr/local/bin:/usr/sbin:/usr/bin:/sbin:/bin:/usr/games:/usr/local/games:/snap/bin:/snap/bin'), ('SESSION_MANAGER', 'local/rahul-Inspiron-5559:@/tmp/.ICE-unix/2054,unix/rahul-Inspiron-5559:/tmp/.ICE-unix/2054'), ('XDG_MENU_PREFIX', 'gnome-'), ('LC_ADDRESS', 'de_DE.UTF-8'), ('GNOME_TERMINAL_SCREEN', '/org/gnome/Terminal/screen/351eedeb_30dc_418d_b420_34c5a0c83961'), ('GNOME_SETUP_DISPLAY', ':1'), ('XDG_RUNTIME_DIR', '/run/user/1000'), ('DISPLAY', ':0'), ('LANG', 'en_US.UTF-8'), ('XDG_CURRENT_DESKTOP', 'ubuntu:GNOME'), ('LC_TELEPHONE', 'de_DE.UTF-8'), ('XMODIFIERS', '@im=ibus'), ('XDG_SESSION_DESKTOP', 'ubuntu'), ('XAUTHORITY', '/run/user/1000/.mutter-Xwaylandauth.VYRET3'), ('LS_COLORS', 'rs=0:di=01;34:ln=01;36:mh=00:pi=40;33:so=01;35:do=01;35:bd=40;33;01:cd=40;33;01:or=40;31;01:mi=00:su=37;41:sg=30;43:ca=30;41:tw=30;42:ow=34;42:st=37;44:ex=01;32:*.tar=01;31:*.tgz=01;31:*.arc=01;31:*.arj=01;31:*.taz=01;31:*.lha=01;31:*.lz4=01;31:*.lzh=01;31:*.lzma=01;31:*.tlz=01;31:*.txz=01;31:*.tzo=01;31:*.t7z=01;31:*.zip=01;31:*.z=01;31:*.dz=01;31:*.gz=01;31:*.lrz=01;31:*.lz=01;31:*.lzo=01;31:*.xz=01;31:*.zst=01;31:*.tzst=01;31:*.bz2=01;31:*.bz=01;31:*.tbz=01;31:*.tbz2=01;31:*.tz=01;31:*.deb=01;31:*.rpm=01;31:*.jar=01;31:*.war=01;31:*.ear=01;31:*.sar=01;31:*.rar=01;31:*.alz=01;31:*.ace=01;31:*.zoo=01;31:*.cpio=01;31:*.7z=01;31:*.rz=01;31:*.cab=01;31:*.wim=01;31:*.swm=01;31:*.dwm=01;31:*.esd=01;31:*.jpg=01;35:*.jpeg=01;35:*.mjpg=01;35:*.mjpeg=01;35:*.gif=01;35:*.bmp=01;35:*.pbm=01;35:*.pgm=01;35:*.ppm=01;35:*.tga=01;35:*.xbm=01;35:*.xpm=01;35:*.tif=01;35:*.tiff=01;35:*.png=01;35:*.svg=01;35:*.svgz=01;35:*.mng=01;35:*.pcx=01;35:*.mov=01;35:*.mpg=01;35:*.mpeg=01;35:*.m2v=01;35:*.mkv=01;35:*.webm=01;35:*.webp=01;35:*.ogm=01;35:*.mp4=01;35:*.m4v=01;35:*.mp4v=01;35:*.vob=01;35:*.qt=01;35:*.nuv=01;35:*.wmv=01;35:*.asf=01;35:*.rm=01;35:*.rmvb=01;35:*.flc=01;35:*.avi=01;35:*.fli=01;35:*.flv=01;35:*.gl=01;35:*.dl=01;35:*.xcf=01;35:*.xwd=01;35:*.yuv=01;35:*.cgm=01;35:*.emf=01;35:*.ogv=01;35:*.ogx=01;35:*.aac=00;36:*.au=00;36:*.flac=00;36:*.m4a=00;36:*.mid=00;36:*.midi=00;36:*.mka=00;36:*.mp3=00;36:*.mpc=00;36:*.ogg=00;36:*.ra=00;36:*.wav=00;36:*.oga=00;36:*.opus=00;36:*.spx=00;36:*.xspf=00;36:'), ('GNOME_TERMINAL_SERVICE', ':1.120'), ('SSH_AGENT_LAUNCHER', 'gnome-keyring'), ('SSH_AUTH_SOCK', '/run/user/1000/keyring/ssh'), ('AMENT_PREFIX_PATH', '/opt/ros/humble'), ('SHELL', '/bin/bash'), ('LC_NAME', 'de_DE.UTF-8'), ('QT_ACCESSIBILITY', '1'), ('GDMSESSION', 'ubuntu'), ('LESSCLOSE', '/usr/bin/lesspipe %s %s'), ('LC_MEASUREMENT', 'de_DE.UTF-8'), ('LC_IDENTIFICATION', 'de_DE.UTF-8'), ('QT_IM_MODULE', 'ibus'), ('PWD', '/home/rahul/Mir_robot/build/mir_description'), ('XDG_CONFIG_DIRS', '/etc/xdg/xdg-ubuntu:/etc/xdg'), ('XDG_DATA_DIRS', '/usr/share/ubuntu:/usr/local/share/:/usr/share/:/var/lib/snapd/desktop'), ('PYTHONPATH', '/opt/ros/humble/lib/python3.10/site-packages:/opt/ros/humble/local/lib/python3.10/dist-packages'), ('LC_NUMERIC', 'de_DE.UTF-8'), ('LC_PAPER', 'de_DE.UTF-8'), ('COLCON', '1'), ('VTE_VERSION', '6800'), ('CMAKE_PREFIX_PATH', '/opt/ros/humble')]), 'shell': False}
[6.646115] (mir_description) StdoutLine: {'line': b'-- Install configuration: ""\n'}
[6.646378] (-) TimerEvent: {}
[6.646599] (mir_description) StdoutLine: {'line': b'-- Execute custom install script\n'}
[6.646748] (mir_description) StdoutLine: {'line': b'-- Symlinking: /home/rahul/Mir_robot/install/mir_description/share/mir_description/urdf/include/caster.urdf.xacro\n'}
[6.662251] (mir_description) StdoutLine: {'line': b'-- Symlinking: /home/rahul/Mir_robot/install/mir_description/share/mir_description/urdf/include/common_properties.urdf.xacro\n'}
[6.678516] (mir_description) StdoutLine: {'line': b'-- Symlinking: /home/rahul/Mir_robot/install/mir_description/share/mir_description/urdf/include/imu.gazebo.urdf.xacro\n'}
[6.685982] (mir_msgs) StdoutLine: {'line': b'[  6%] Built target mir_msgs__cpp\n'}
[6.686834] (mir_msgs) StdoutLine: {'line': b'[  8%] \x1b[32mBuilding C object CMakeFiles/mir_msgs__rosidl_generator_c.dir/rosidl_generator_c/mir_msgs/msg/detail/battery_currents__functions.c.o\x1b[0m\n'}
[6.690510] (mir_msgs) StdoutLine: {'line': b'[ 10%] \x1b[32mBuilding C object CMakeFiles/mir_msgs__rosidl_generator_c.dir/rosidl_generator_c/mir_msgs/srv/detail/exec_mission__functions.c.o\x1b[0m\n'}
[6.699833] (mir_description) StdoutLine: {'line': b'-- Symlinking: /home/rahul/Mir_robot/install/mir_description/share/mir_description/urdf/include/mir_250_v1.urdf.xacro\n'}
[6.710249] (mir_msgs) StdoutLine: {'line': b'[ 12%] \x1b[32mBuilding C object CMakeFiles/mir_msgs__rosidl_generator_c.dir/rosidl_generator_c/mir_msgs/msg/detail/bms_data__functions.c.o\x1b[0m\n'}
[6.719197] (mir_description) StdoutLine: {'line': b'-- Symlinking: /home/rahul/Mir_robot/install/mir_description/share/mir_description/urdf/include/sick_s300.urdf.xacro\n'}
[6.732846] (mir_msgs) StdoutLine: {'line': b'[ 14%] \x1b[34m\x1b[1mGenerating C++ type support for eProsima Fast-RTPS\x1b[0m\n'}
[6.736210] (mir_description) StdoutLine: {'line': b'-- Symlinking: /home/rahul/Mir_robot/install/mir_description/share/mir_description/urdf/include/wheel.urdf.xacro\n'}
[6.748120] (-) TimerEvent: {}
[6.756615] (mir_description) StdoutLine: {'line': b'-- Symlinking: /home/rahul/Mir_robot/install/mir_description/share/mir_description/urdf/mir.urdf.xacro\n'}
[6.807521] (mir_description) StdoutLine: {'line': b'-- Symlinking: /home/rahul/Mir_robot/install/mir_description/share/mir_description/rviz/mir_description.rviz\n'}
[6.848253] (-) TimerEvent: {}
[6.868505] (mir_description) StdoutLine: {'line': b'-- Symlinking: /home/rahul/Mir_robot/install/mir_description/share/mir_description/rviz/mir_visu_full.rviz\n'}
[6.879218] (mir_msgs) StdoutLine: {'line': b'[ 16%] \x1b[34m\x1b[1mGenerating C++ introspection for ROS interfaces\x1b[0m\n'}
[6.898336] (mir_description) StdoutLine: {'line': b'-- Symlinking: /home/rahul/Mir_robot/install/mir_description/share/mir_description/rviz/mir_visualization.rviz\n'}
[6.924475] (mir_description) StdoutLine: {'line': b'-- Symlinking: /home/rahul/Mir_robot/install/mir_description/share/mir_description/meshes/collision/D435i_mounted.STL\n'}
[6.927178] (mir_msgs) StdoutLine: {'line': b'[ 18%] \x1b[34m\x1b[1mGenerating C++ type support dispatch for ROS interfaces\x1b[0m\n'}
[6.943602] (mir_description) StdoutLine: {'line': b'-- Symlinking: /home/rahul/Mir_robot/install/mir_description/share/mir_description/meshes/collision/caster_wheel_base.stl\n'}
[6.945801] (mir_msgs) StdoutLine: {'line': b'[ 20%] \x1b[32m\x1b[1mLinking C shared library libmir_msgs__rosidl_generator_c.so\x1b[0m\n'}
[6.950096] (-) TimerEvent: {}
[6.979186] (mir_description) StdoutLine: {'line': b'-- Symlinking: /home/rahul/Mir_robot/install/mir_description/share/mir_description/meshes/collision/mir_100_base.stl\n'}
[7.003546] (mir_description) StdoutLine: {'line': b'-- Symlinking: /home/rahul/Mir_robot/install/mir_description/share/mir_description/meshes/collision/mir_250_base.stl\n'}
[7.051098] (-) TimerEvent: {}
[7.068992] (mir_description) StdoutLine: {'line': b'-- Symlinking: /home/rahul/Mir_robot/install/mir_description/share/mir_description/meshes/visual/D435i_mounted.STL\n'}
[7.091655] (ros2_aruco_interfaces) StdoutLine: {'line': b'-- Found ament_cmake_ros: 0.10.0 (/opt/ros/humble/share/ament_cmake_ros/cmake)\n'}
[7.109219] (mir_description) StdoutLine: {'line': b'-- Symlinking: /home/rahul/Mir_robot/install/mir_description/share/mir_description/meshes/visual/caster_wheel_base.stl\n'}
[7.110995] (mir_msgs) StdoutLine: {'line': b'[ 20%] Built target mir_msgs__rosidl_generator_c\n'}
[7.139326] (mir_description) StdoutLine: {'line': b'-- Symlinking: /home/rahul/Mir_robot/install/mir_description/share/mir_description/meshes/visual/mir_100_base.stl\n'}
[7.151202] (-) TimerEvent: {}
[7.174444] (mir_msgs) StdoutLine: {'line': b'[ 22%] \x1b[34m\x1b[1mGenerating C type support for eProsima Fast-RTPS\x1b[0m\n'}
[7.174671] (mir_description) StdoutLine: {'line': b'-- Symlinking: /home/rahul/Mir_robot/install/mir_description/share/mir_description/meshes/visual/mir_250_base.stl\n'}
[7.214667] (mir_description) StdoutLine: {'line': b'-- Symlinking: /home/rahul/Mir_robot/install/mir_description/share/mir_description/meshes/visual/sick_lms-100.stl\n'}
[7.244734] (ira_laser_tools) StdoutLine: {'line': b'-- Eigen found (include: /usr/include/eigen3, version: 3.4.0)\n'}
[7.247957] (mir_description) StdoutLine: {'line': b'-- Symlinking: /home/rahul/Mir_robot/install/mir_description/share/mir_description/meshes/visual/wheel.stl\n'}
[7.253095] (-) TimerEvent: {}
[7.274171] (ira_laser_tools) StdoutLine: {'line': b'-- OpenNI found (version: 1.5.4.0, include: /usr/include/ni, lib: /usr/lib/libOpenNI.so;libusb::libusb)\n'}
[7.283190] (mir_description) StdoutLine: {'line': b'-- Symlinking: /home/rahul/Mir_robot/install/mir_description/share/mir_description/config/diffdrive_controller.yaml\n'}
[7.305177] (ira_laser_tools) StdoutLine: {'line': b'-- OpenNI2 found (version: 2.2.0.33, include: /usr/include/openni2, lib: /usr/lib/x86_64-linux-gnu/libOpenNI2.so;libusb::libusb)\n'}
[7.314474] (mir_description) StdoutLine: {'line': b'-- Symlinking: /home/rahul/Mir_robot/install/mir_description/share/mir_description/config/joint_state_controller.yaml\n'}
[7.345456] (mir_description) StdoutLine: {'line': b'-- Symlinking: /home/rahul/Mir_robot/install/mir_description/share/mir_description/config/ur_manipulator.yaml\n'}
[7.353207] (-) TimerEvent: {}
[7.382127] (mir_description) StdoutLine: {'line': b'-- Symlinking: /home/rahul/Mir_robot/install/mir_description/share/mir_description/launch/mir_display_launch.py\n'}
[7.413693] (mir_description) StdoutLine: {'line': b'-- Symlinking: /home/rahul/Mir_robot/install/mir_description/share/mir_description/launch/mir_launch.py\n'}
[7.445233] (mir_description) StdoutLine: {'line': b'-- Symlinking: /home/rahul/Mir_robot/install/mir_description/share/ament_index/resource_index/package_run_dependencies/mir_description\n'}
[7.453315] (-) TimerEvent: {}
[7.476882] (mir_description) StdoutLine: {'line': b'-- Symlinking: /home/rahul/Mir_robot/install/mir_description/share/ament_index/resource_index/parent_prefix_path/mir_description\n'}
[7.508481] (mir_description) StdoutLine: {'line': b'-- Symlinking: /home/rahul/Mir_robot/install/mir_description/share/mir_description/environment/ament_prefix_path.sh\n'}
[7.543920] (mir_description) StdoutLine: {'line': b'-- Symlinking: /home/rahul/Mir_robot/install/mir_description/share/mir_description/environment/ament_prefix_path.dsv\n'}
[7.553421] (-) TimerEvent: {}
[7.573710] (mir_description) StdoutLine: {'line': b'-- Symlinking: /home/rahul/Mir_robot/install/mir_description/share/mir_description/environment/path.sh\n'}
[7.590701] (mir_description) StdoutLine: {'line': b'-- Symlinking: /home/rahul/Mir_robot/install/mir_description/share/mir_description/environment/path.dsv\n'}
[7.609212] (mir_description) StdoutLine: {'line': b'-- Symlinking: /home/rahul/Mir_robot/install/mir_description/share/mir_description/local_setup.bash\n'}
[7.626582] (mir_description) StdoutLine: {'line': b'-- Symlinking: /home/rahul/Mir_robot/install/mir_description/share/mir_description/local_setup.sh\n'}
[7.645907] (mir_description) StdoutLine: {'line': b'-- Symlinking: /home/rahul/Mir_robot/install/mir_description/share/mir_description/local_setup.zsh\n'}
[7.653523] (-) TimerEvent: {}
[7.664062] (mir_description) StdoutLine: {'line': b'-- Symlinking: /home/rahul/Mir_robot/install/mir_description/share/mir_description/local_setup.dsv\n'}
[7.684167] (mir_description) StdoutLine: {'line': b'-- Symlinking: /home/rahul/Mir_robot/install/mir_description/share/mir_description/package.dsv\n'}
[7.701663] (mir_description) StdoutLine: {'line': b'-- Symlinking: /home/rahul/Mir_robot/install/mir_description/share/ament_index/resource_index/packages/mir_description\n'}
[7.719310] (mir_description) StdoutLine: {'line': b'-- Symlinking: /home/rahul/Mir_robot/install/mir_description/share/mir_description/cmake/mir_descriptionConfig.cmake\n'}
[7.737245] (mir_description) StdoutLine: {'line': b'-- Symlinking: /home/rahul/Mir_robot/install/mir_description/share/mir_description/cmake/mir_descriptionConfig-version.cmake\n'}
[7.753051] (mir_description) StdoutLine: {'line': b'-- Symlinking: /home/rahul/Mir_robot/install/mir_description/share/mir_description/package.xml\n'}
[7.753960] (-) TimerEvent: {}
[7.773675] (mir_description) CommandEnded: {'returncode': 0}
[7.843151] (mir_description) JobEnded: {'identifier': 'mir_description', 'rc': 0}
[7.843887] (hello_moveit_ur) JobStarted: {'identifier': 'hello_moveit_ur'}
[7.851728] (hello_moveit_ur) JobProgress: {'identifier': 'hello_moveit_ur', 'progress': 'cmake'}
[7.852475] (hello_moveit_ur) Command: {'cmd': ['/usr/bin/cmake', '/home/rahul/Mir_robot/src/mir_robot/simple_moveit2_universal_robots_movement', '-DAMENT_CMAKE_SYMLINK_INSTALL=1', '-DCMAKE_INSTALL_PREFIX=/home/rahul/Mir_robot/install/hello_moveit_ur'], 'cwd': '/home/rahul/Mir_robot/build/hello_moveit_ur', 'env': OrderedDict([('LESSOPEN', '| /usr/bin/lesspipe %s'), ('USER', 'rahul'), ('LC_TIME', 'de_DE.UTF-8'), ('XDG_SESSION_TYPE', 'wayland'), ('SHLVL', '1'), ('LD_LIBRARY_PATH', '/usr/lib/x86_64-linux-gnu/gazebo-11/plugins:/opt/ros/humble/opt/rviz_ogre_vendor/lib:/opt/ros/humble/lib/x86_64-linux-gnu:/opt/ros/humble/lib'), ('HOME', '/home/rahul'), ('OLDPWD', '/home/rahul'), ('DESKTOP_SESSION', 'ubuntu'), ('ROS_PYTHON_VERSION', '3'), ('GNOME_SHELL_SESSION_MODE', 'ubuntu'), ('GTK_MODULES', 'gail:atk-bridge'), ('LC_MONETARY', 'de_DE.UTF-8'), ('SYSTEMD_EXEC_PID', '6479'), ('DBUS_SESSION_BUS_ADDRESS', 'unix:path=/run/user/1000/bus'), ('COLORTERM', 'truecolor'), ('IM_CONFIG_PHASE', '1'), ('WAYLAND_DISPLAY', 'wayland-0'), ('ROS_DISTRO', 'humble'), ('LOGNAME', 'rahul'), ('_', '/usr/bin/colcon'), ('ROS_VERSION', '2'), ('XDG_SESSION_CLASS', 'user'), ('USERNAME', 'rahul'), ('TERM', 'xterm-256color'), ('GNOME_DESKTOP_SESSION_ID', 'this-is-deprecated'), ('ROS_LOCALHOST_ONLY', '0'), ('PATH', '/opt/ros/humble/bin:/home/rahul/.local/bin:/usr/local/sbin:/usr/local/bin:/usr/sbin:/usr/bin:/sbin:/bin:/usr/games:/usr/local/games:/snap/bin:/snap/bin'), ('SESSION_MANAGER', 'local/rahul-Inspiron-5559:@/tmp/.ICE-unix/2054,unix/rahul-Inspiron-5559:/tmp/.ICE-unix/2054'), ('XDG_MENU_PREFIX', 'gnome-'), ('LC_ADDRESS', 'de_DE.UTF-8'), ('GNOME_TERMINAL_SCREEN', '/org/gnome/Terminal/screen/351eedeb_30dc_418d_b420_34c5a0c83961'), ('GNOME_SETUP_DISPLAY', ':1'), ('XDG_RUNTIME_DIR', '/run/user/1000'), ('DISPLAY', ':0'), ('LANG', 'en_US.UTF-8'), ('XDG_CURRENT_DESKTOP', 'ubuntu:GNOME'), ('LC_TELEPHONE', 'de_DE.UTF-8'), ('XMODIFIERS', '@im=ibus'), ('XDG_SESSION_DESKTOP', 'ubuntu'), ('XAUTHORITY', '/run/user/1000/.mutter-Xwaylandauth.VYRET3'), ('LS_COLORS', 'rs=0:di=01;34:ln=01;36:mh=00:pi=40;33:so=01;35:do=01;35:bd=40;33;01:cd=40;33;01:or=40;31;01:mi=00:su=37;41:sg=30;43:ca=30;41:tw=30;42:ow=34;42:st=37;44:ex=01;32:*.tar=01;31:*.tgz=01;31:*.arc=01;31:*.arj=01;31:*.taz=01;31:*.lha=01;31:*.lz4=01;31:*.lzh=01;31:*.lzma=01;31:*.tlz=01;31:*.txz=01;31:*.tzo=01;31:*.t7z=01;31:*.zip=01;31:*.z=01;31:*.dz=01;31:*.gz=01;31:*.lrz=01;31:*.lz=01;31:*.lzo=01;31:*.xz=01;31:*.zst=01;31:*.tzst=01;31:*.bz2=01;31:*.bz=01;31:*.tbz=01;31:*.tbz2=01;31:*.tz=01;31:*.deb=01;31:*.rpm=01;31:*.jar=01;31:*.war=01;31:*.ear=01;31:*.sar=01;31:*.rar=01;31:*.alz=01;31:*.ace=01;31:*.zoo=01;31:*.cpio=01;31:*.7z=01;31:*.rz=01;31:*.cab=01;31:*.wim=01;31:*.swm=01;31:*.dwm=01;31:*.esd=01;31:*.jpg=01;35:*.jpeg=01;35:*.mjpg=01;35:*.mjpeg=01;35:*.gif=01;35:*.bmp=01;35:*.pbm=01;35:*.pgm=01;35:*.ppm=01;35:*.tga=01;35:*.xbm=01;35:*.xpm=01;35:*.tif=01;35:*.tiff=01;35:*.png=01;35:*.svg=01;35:*.svgz=01;35:*.mng=01;35:*.pcx=01;35:*.mov=01;35:*.mpg=01;35:*.mpeg=01;35:*.m2v=01;35:*.mkv=01;35:*.webm=01;35:*.webp=01;35:*.ogm=01;35:*.mp4=01;35:*.m4v=01;35:*.mp4v=01;35:*.vob=01;35:*.qt=01;35:*.nuv=01;35:*.wmv=01;35:*.asf=01;35:*.rm=01;35:*.rmvb=01;35:*.flc=01;35:*.avi=01;35:*.fli=01;35:*.flv=01;35:*.gl=01;35:*.dl=01;35:*.xcf=01;35:*.xwd=01;35:*.yuv=01;35:*.cgm=01;35:*.emf=01;35:*.ogv=01;35:*.ogx=01;35:*.aac=00;36:*.au=00;36:*.flac=00;36:*.m4a=00;36:*.mid=00;36:*.midi=00;36:*.mka=00;36:*.mp3=00;36:*.mpc=00;36:*.ogg=00;36:*.ra=00;36:*.wav=00;36:*.oga=00;36:*.opus=00;36:*.spx=00;36:*.xspf=00;36:'), ('GNOME_TERMINAL_SERVICE', ':1.120'), ('SSH_AGENT_LAUNCHER', 'gnome-keyring'), ('SSH_AUTH_SOCK', '/run/user/1000/keyring/ssh'), ('AMENT_PREFIX_PATH', '/opt/ros/humble'), ('SHELL', '/bin/bash'), ('LC_NAME', 'de_DE.UTF-8'), ('QT_ACCESSIBILITY', '1'), ('GDMSESSION', 'ubuntu'), ('LESSCLOSE', '/usr/bin/lesspipe %s %s'), ('LC_MEASUREMENT', 'de_DE.UTF-8'), ('LC_IDENTIFICATION', 'de_DE.UTF-8'), ('QT_IM_MODULE', 'ibus'), ('PWD', '/home/rahul/Mir_robot/build/hello_moveit_ur'), ('XDG_CONFIG_DIRS', '/etc/xdg/xdg-ubuntu:/etc/xdg'), ('XDG_DATA_DIRS', '/usr/share/ubuntu:/usr/local/share/:/usr/share/:/var/lib/snapd/desktop'), ('PYTHONPATH', '/opt/ros/humble/lib/python3.10/site-packages:/opt/ros/humble/local/lib/python3.10/dist-packages'), ('LC_NUMERIC', 'de_DE.UTF-8'), ('LC_PAPER', 'de_DE.UTF-8'), ('COLCON', '1'), ('VTE_VERSION', '6800'), ('CMAKE_PREFIX_PATH', '/opt/ros/humble')]), 'shell': False}
[7.862480] (-) TimerEvent: {}
[7.962854] (-) TimerEvent: {}
[8.047185] (ira_laser_tools) StdoutLine: {'line': b'-- Found Qhull version 8.0.2\n'}
[8.059199] (hello_moveit_ur) StdoutLine: {'line': b'-- The C compiler identification is GNU 11.4.0\n'}
[8.062956] (-) TimerEvent: {}
[8.163414] (-) TimerEvent: {}
[8.265119] (-) TimerEvent: {}
[8.328077] (mir_msgs) StdoutLine: {'line': b'[ 25%] \x1b[32mBuilding CXX object CMakeFiles/mir_msgs__rosidl_typesupport_introspection_cpp.dir/rosidl_typesupport_introspection_cpp/mir_msgs/msg/detail/battery_currents__type_support.cpp.o\x1b[0m\n'}
[8.347097] (hello_moveit_ur) StdoutLine: {'line': b'-- The CXX compiler identification is GNU 11.4.0\n'}
[8.368101] (-) TimerEvent: {}
[8.381734] (hello_moveit_ur) StdoutLine: {'line': b'-- Detecting C compiler ABI info\n'}
[8.468219] (-) TimerEvent: {}
[8.511494] (ros2_aruco_interfaces) StdoutLine: {'line': b'-- Using all available rosidl_typesupport_c: rosidl_typesupport_fastrtps_c;rosidl_typesupport_introspection_c\n'}
[8.570115] (-) TimerEvent: {}
[8.636077] (mir_msgs) StdoutLine: {'line': b'[ 27%] \x1b[32mBuilding CXX object CMakeFiles/mir_msgs__rosidl_typesupport_cpp.dir/rosidl_typesupport_cpp/mir_msgs/msg/battery_currents__type_support.cpp.o\x1b[0m\n'}
[8.656197] (hello_moveit_ur) StdoutLine: {'line': b'-- Detecting C compiler ABI info - done\n'}
[8.670220] (-) TimerEvent: {}
[8.675329] (hello_moveit_ur) StdoutLine: {'line': b'-- Check for working C compiler: /usr/bin/cc - skipped\n'}
[8.676295] (hello_moveit_ur) StdoutLine: {'line': b'-- Detecting C compile features\n'}
[8.677436] (hello_moveit_ur) StdoutLine: {'line': b'-- Detecting C compile features - done\n'}
[8.685130] (hello_moveit_ur) StdoutLine: {'line': b'-- Detecting CXX compiler ABI info\n'}
[8.728875] (ira_laser_tools) StdoutLine: {'line': b'-- OpenNI found (version: 1.5.4.0, include: /usr/include/ni, lib: /usr/lib/libOpenNI.so;libusb::libusb)\n'}
[8.770333] (-) TimerEvent: {}
[8.776951] (mir_msgs) StdoutLine: {'line': b'[ 29%] \x1b[32mBuilding CXX object CMakeFiles/mir_msgs__rosidl_typesupport_fastrtps_c.dir/rosidl_typesupport_fastrtps_c/mir_msgs/msg/detail/battery_currents__type_support_c.cpp.o\x1b[0m\n'}
[8.867523] (mir_msgs) StdoutLine: {'line': b'[ 31%] \x1b[32mBuilding CXX object CMakeFiles/mir_msgs__rosidl_typesupport_fastrtps_cpp.dir/rosidl_typesupport_fastrtps_cpp/mir_msgs/msg/detail/dds_fastrtps/battery_currents__type_support.cpp.o\x1b[0m\n'}
[8.871685] (-) TimerEvent: {}
[8.972221] (-) TimerEvent: {}
[8.990203] (hello_moveit_ur) StdoutLine: {'line': b'-- Detecting CXX compiler ABI info - done\n'}
[9.035731] (hello_moveit_ur) StdoutLine: {'line': b'-- Check for working CXX compiler: /usr/bin/c++ - skipped\n'}
[9.036495] (hello_moveit_ur) StdoutLine: {'line': b'-- Detecting CXX compile features\n'}
[9.045597] (hello_moveit_ur) StdoutLine: {'line': b'-- Detecting CXX compile features - done\n'}
[9.054081] (hello_moveit_ur) StdoutLine: {'line': b'-- Found ament_cmake: 1.3.14 (/opt/ros/humble/share/ament_cmake/cmake)\n'}
[9.075099] (-) TimerEvent: {}
[9.177106] (-) TimerEvent: {}
[9.249186] (ros2_aruco_interfaces) StdoutLine: {'line': b'-- Using all available rosidl_typesupport_cpp: rosidl_typesupport_fastrtps_cpp;rosidl_typesupport_introspection_cpp\n'}
[9.277222] (-) TimerEvent: {}
[9.340200] (ros2_aruco_interfaces) StdoutLine: {'line': b'-- Found PythonInterp: /usr/bin/python3 (found suitable version "3.10.12", minimum required is "3.6") \n'}
[9.345202] (ira_laser_tools) StdoutLine: {'line': b'-- Found PCL_COMMON: /usr/lib/x86_64-linux-gnu/libpcl_common.so  \n'}
[9.352170] (ros2_aruco_interfaces) StdoutLine: {'line': b'-- Found python_cmake_module: 0.10.0 (/opt/ros/humble/share/python_cmake_module/cmake)\n'}
[9.352411] (ira_laser_tools) StdoutLine: {'line': b'-- Found PCL_KDTREE: /usr/lib/x86_64-linux-gnu/libpcl_kdtree.so  \n'}
[9.352640] (ira_laser_tools) StdoutLine: {'line': b'-- Found PCL_OCTREE: /usr/lib/x86_64-linux-gnu/libpcl_octree.so  \n'}
[9.352768] (ira_laser_tools) StdoutLine: {'line': b'-- Found PCL_SEARCH: /usr/lib/x86_64-linux-gnu/libpcl_search.so  \n'}
[9.355349] (ira_laser_tools) StdoutLine: {'line': b'-- Found PCL_SAMPLE_CONSENSUS: /usr/lib/x86_64-linux-gnu/libpcl_sample_consensus.so  \n'}
[9.358025] (ira_laser_tools) StdoutLine: {'line': b'-- Found PCL_FILTERS: /usr/lib/x86_64-linux-gnu/libpcl_filters.so  \n'}
[9.359495] (ira_laser_tools) StdoutLine: {'line': b'-- Found PCL_2D: /usr/include/pcl-1.12  \n'}
[9.360864] (ira_laser_tools) StdoutLine: {'line': b'-- Found PCL_GEOMETRY: /usr/include/pcl-1.12  \n'}
[9.363846] (ira_laser_tools) StdoutLine: {'line': b'-- Found PCL_IO: /usr/lib/x86_64-linux-gnu/libpcl_io.so  \n'}
[9.370140] (ira_laser_tools) StdoutLine: {'line': b'-- Found PCL_FEATURES: /usr/lib/x86_64-linux-gnu/libpcl_features.so  \n'}
[9.370702] (ira_laser_tools) StdoutLine: {'line': b'-- Found PCL_ML: /usr/lib/x86_64-linux-gnu/libpcl_ml.so  \n'}
[9.373751] (ira_laser_tools) StdoutLine: {'line': b'-- Found PCL_SEGMENTATION: /usr/lib/x86_64-linux-gnu/libpcl_segmentation.so  \n'}
[9.377115] (ira_laser_tools) StdoutLine: {'line': b'-- Found PCL_VISUALIZATION: /usr/lib/x86_64-linux-gnu/libpcl_visualization.so  \n'}
[9.377348] (-) TimerEvent: {}
[9.380778] (ira_laser_tools) StdoutLine: {'line': b'-- Found PCL_SURFACE: /usr/lib/x86_64-linux-gnu/libpcl_surface.so  \n'}
[9.384086] (ira_laser_tools) StdoutLine: {'line': b'-- Found PCL_REGISTRATION: /usr/lib/x86_64-linux-gnu/libpcl_registration.so  \n'}
[9.387531] (ira_laser_tools) StdoutLine: {'line': b'-- Found PCL_KEYPOINTS: /usr/lib/x86_64-linux-gnu/libpcl_keypoints.so  \n'}
[9.393165] (ira_laser_tools) StdoutLine: {'line': b'-- Found PCL_TRACKING: /usr/lib/x86_64-linux-gnu/libpcl_tracking.so  \n'}
[9.394534] (ira_laser_tools) StdoutLine: {'line': b'-- Found PCL_RECOGNITION: /usr/lib/x86_64-linux-gnu/libpcl_recognition.so  \n'}
[9.398212] (ira_laser_tools) StdoutLine: {'line': b'-- Found PCL_STEREO: /usr/lib/x86_64-linux-gnu/libpcl_stereo.so  \n'}
[9.401564] (ira_laser_tools) StdoutLine: {'line': b'-- Found PCL_APPS: /usr/lib/x86_64-linux-gnu/libpcl_apps.so  \n'}
[9.403980] (ira_laser_tools) StdoutLine: {'line': b'-- Found PCL_IN_HAND_SCANNER: /usr/include/pcl-1.12  \n'}
[9.407467] (ira_laser_tools) StdoutLine: {'line': b'-- Found PCL_MODELER: /usr/include/pcl-1.12  \n'}
[9.409015] (ira_laser_tools) StdoutLine: {'line': b'-- Found PCL_POINT_CLOUD_EDITOR: /usr/include/pcl-1.12  \n'}
[9.414199] (ira_laser_tools) StdoutLine: {'line': b'-- Found PCL_OUTOFCORE: /usr/lib/x86_64-linux-gnu/libpcl_outofcore.so  \n'}
[9.418190] (ira_laser_tools) StdoutLine: {'line': b'-- Found PCL_PEOPLE: /usr/lib/x86_64-linux-gnu/libpcl_people.so  \n'}
[9.429382] (ira_laser_tools) StdoutLine: {'line': b'-- Found pcl_ros: 2.4.5 (/opt/ros/humble/share/pcl_ros/cmake)\n'}
[9.477474] (-) TimerEvent: {}
[9.478846] (ros2_aruco_interfaces) StdoutLine: {'line': b'-- Found PythonLibs: /usr/lib/x86_64-linux-gnu/libpython3.10.so (found suitable version "3.10.12", minimum required is "3.5") \n'}
[9.479211] (ros2_aruco_interfaces) StdoutLine: {'line': b'-- Using PYTHON_EXECUTABLE: /usr/bin/python3\n'}
[9.479369] (ros2_aruco_interfaces) StdoutLine: {'line': b'-- Using PYTHON_INCLUDE_DIRS: /usr/include/python3.10\n'}
[9.479494] (ros2_aruco_interfaces) StdoutLine: {'line': b'-- Using PYTHON_LIBRARIES: /usr/lib/x86_64-linux-gnu/libpython3.10.so\n'}
[9.525737] (ira_laser_tools) StdoutLine: {'line': b'-- Found Eigen3: TRUE (found version "3.4.0") \n'}
[9.526099] (ira_laser_tools) StdoutLine: {'line': b'-- Ensuring Eigen3 include directory is part of orocos-kdl CMake target\n'}
[9.553121] (ira_laser_tools) StderrLine: {'line': b'\x1b[33mCMake Warning (dev) at CMakeLists.txt:37 (find_package):\n'}
[9.553385] (ira_laser_tools) StderrLine: {'line': b'  Policy CMP0074 is not set: find_package uses <PackageName>_ROOT variables.\n'}
[9.553520] (ira_laser_tools) StderrLine: {'line': b'  Run "cmake --help-policy CMP0074" for policy details.  Use the cmake_policy\n'}
[9.553642] (ira_laser_tools) StderrLine: {'line': b'  command to set the policy and suppress this warning.\n'}
[9.553757] (ira_laser_tools) StderrLine: {'line': b'\n'}
[9.553873] (ira_laser_tools) StderrLine: {'line': b'  CMake variable PCL_ROOT is set to:\n'}
[9.553987] (ira_laser_tools) StderrLine: {'line': b'\n'}
[9.554121] (ira_laser_tools) StderrLine: {'line': b'    /usr\n'}
[9.554238] (ira_laser_tools) StderrLine: {'line': b'\n'}
[9.554351] (ira_laser_tools) StderrLine: {'line': b'  For compatibility, CMake is ignoring the variable.\n'}
[9.554466] (ira_laser_tools) StderrLine: {'line': b'This warning is for project developers.  Use -Wno-dev to suppress it.\n'}
[9.554579] (ira_laser_tools) StderrLine: {'line': b'\x1b[0m\n'}
[9.554693] (ros2_aruco_interfaces) StdoutLine: {'line': b'-- Found PythonExtra: .so  \n'}
[9.580111] (-) TimerEvent: {}
[9.625193] (ira_laser_tools) StdoutLine: {'line': b'-- Found ament_lint_auto: 0.12.15 (/opt/ros/humble/share/ament_lint_auto/cmake)\n'}
[9.646205] (mir_msgs) StdoutLine: {'line': b'[ 33%] \x1b[32mBuilding CXX object CMakeFiles/mir_msgs__rosidl_typesupport_introspection_cpp.dir/rosidl_typesupport_introspection_cpp/mir_msgs/msg/detail/bms_data__type_support.cpp.o\x1b[0m\n'}
[9.683113] (hello_moveit_ur) StdoutLine: {'line': b'-- Found Python3: /usr/bin/python3 (found version "3.10.12") found components: Interpreter \n'}
[9.683384] (-) TimerEvent: {}
[9.702059] (mir_msgs) StdoutLine: {'line': b'[ 35%] \x1b[32mBuilding CXX object CMakeFiles/mir_msgs__rosidl_typesupport_fastrtps_c.dir/rosidl_typesupport_fastrtps_c/mir_msgs/msg/detail/bms_data__type_support_c.cpp.o\x1b[0m\n'}
[9.707162] (mir_msgs) StdoutLine: {'line': b'[ 37%] \x1b[32mBuilding CXX object CMakeFiles/mir_msgs__rosidl_typesupport_cpp.dir/rosidl_typesupport_cpp/mir_msgs/msg/bms_data__type_support.cpp.o\x1b[0m\n'}
[9.783506] (-) TimerEvent: {}
[9.886115] (-) TimerEvent: {}
[9.896002] (hello_moveit_ur) StdoutLine: {'line': b'-- Override CMake install command with custom implementation using symlinks instead of copying resources\n'}
[9.963887] (hello_moveit_ur) StdoutLine: {'line': b'-- Found moveit_ros_planning_interface: 2.5.9 (/opt/ros/humble/share/moveit_ros_planning_interface/cmake)\n'}
[9.989116] (-) TimerEvent: {}
[10.025533] (ira_laser_tools) StdoutLine: {'line': b"-- Added test 'copyright' to check source files copyright and LICENSE\n"}
[10.031919] (ira_laser_tools) StdoutLine: {'line': b"-- Added test 'cppcheck' to perform static code analysis on C / C++ code\n"}
[10.034154] (ira_laser_tools) StdoutLine: {'line': b'-- Configured cppcheck include dirs: /home/rahul/Mir_robot/src/ira_laser_tools/src/ira_laser_tools/include\n'}
[10.034425] (ira_laser_tools) StdoutLine: {'line': b'-- Configured cppcheck exclude dirs and/or files: \n'}
[10.041202] (ira_laser_tools) StdoutLine: {'line': b"-- Added test 'cpplint' to check C / C++ code against the Google style\n"}
[10.041524] (ira_laser_tools) StdoutLine: {'line': b'-- Configured cpplint exclude dirs and/or files: \n'}
[10.042592] (ira_laser_tools) StdoutLine: {'line': b"-- Added test 'flake8' to check Python code syntax and style conventions\n"}
[10.044095] (ira_laser_tools) StdoutLine: {'line': b"-- Added test 'lint_cmake' to check CMake code style\n"}
[10.049176] (ira_laser_tools) StdoutLine: {'line': b"-- Added test 'pep257' to check Python code against some of the docstring style conventions in PEP 257\n"}
[10.053839] (ira_laser_tools) StdoutLine: {'line': b"-- Added test 'uncrustify' to check C / C++ code style\n"}
[10.054101] (ira_laser_tools) StdoutLine: {'line': b'-- Configured uncrustify additional arguments: \n'}
[10.054975] (ira_laser_tools) StdoutLine: {'line': b"-- Added test 'xmllint' to check XML markup files\n"}
[10.068171] (ira_laser_tools) StdoutLine: {'line': b'-- Configuring done\n'}
[10.090837] (-) TimerEvent: {}
[10.193103] (-) TimerEvent: {}
[10.237857] (ros2_aruco_interfaces) StdoutLine: {'line': b'-- Found ament_lint_auto: 0.12.15 (/opt/ros/humble/share/ament_lint_auto/cmake)\n'}
[10.293227] (-) TimerEvent: {}
[10.309337] (mir_msgs) StdoutLine: {'line': b'[ 39%] \x1b[32mBuilding CXX object CMakeFiles/mir_msgs__rosidl_typesupport_fastrtps_cpp.dir/rosidl_typesupport_fastrtps_cpp/mir_msgs/msg/detail/dds_fastrtps/bms_data__type_support.cpp.o\x1b[0m\n'}
[10.357187] (ros2_aruco_interfaces) StdoutLine: {'line': b"-- Added test 'copyright' to check source files copyright and LICENSE\n"}
[10.363189] (ros2_aruco_interfaces) StdoutLine: {'line': b"-- Added test 'lint_cmake' to check CMake code style\n"}
[10.365798] (ros2_aruco_interfaces) StdoutLine: {'line': b"-- Added test 'xmllint' to check XML markup files\n"}
[10.386196] (ros2_aruco_interfaces) StdoutLine: {'line': b'-- Configuring done\n'}
[10.393342] (-) TimerEvent: {}
[10.496112] (-) TimerEvent: {}
[10.536192] (ira_laser_tools) StdoutLine: {'line': b'-- Generating done\n'}
[10.550933] (mir_msgs) StdoutLine: {'line': b'[ 41%] \x1b[32mBuilding CXX object CMakeFiles/mir_msgs__rosidl_typesupport_cpp.dir/rosidl_typesupport_cpp/mir_msgs/srv/exec_mission__type_support.cpp.o\x1b[0m\n'}
[10.572179] (ros2_aruco_interfaces) StdoutLine: {'line': b'-- Generating done\n'}
[10.597126] (-) TimerEvent: {}
[10.626919] (ira_laser_tools) StdoutLine: {'line': b'-- Build files have been written to: /home/rahul/Mir_robot/build/ira_laser_tools\n'}
[10.628189] (ros2_aruco_interfaces) StdoutLine: {'line': b'-- Build files have been written to: /home/rahul/Mir_robot/build/ros2_aruco_interfaces\n'}
[10.692254] (ros2_aruco_interfaces) CommandEnded: {'returncode': 0}
[10.692993] (ros2_aruco_interfaces) JobProgress: {'identifier': 'ros2_aruco_interfaces', 'progress': 'build'}
[10.693063] (ros2_aruco_interfaces) Command: {'cmd': ['/usr/bin/cmake', '--build', '/home/rahul/Mir_robot/build/ros2_aruco_interfaces', '--', '-j4', '-l4'], 'cwd': '/home/rahul/Mir_robot/build/ros2_aruco_interfaces', 'env': OrderedDict([('LESSOPEN', '| /usr/bin/lesspipe %s'), ('USER', 'rahul'), ('LC_TIME', 'de_DE.UTF-8'), ('XDG_SESSION_TYPE', 'wayland'), ('SHLVL', '1'), ('LD_LIBRARY_PATH', '/usr/lib/x86_64-linux-gnu/gazebo-11/plugins:/opt/ros/humble/opt/rviz_ogre_vendor/lib:/opt/ros/humble/lib/x86_64-linux-gnu:/opt/ros/humble/lib'), ('HOME', '/home/rahul'), ('OLDPWD', '/home/rahul'), ('DESKTOP_SESSION', 'ubuntu'), ('ROS_PYTHON_VERSION', '3'), ('GNOME_SHELL_SESSION_MODE', 'ubuntu'), ('GTK_MODULES', 'gail:atk-bridge'), ('LC_MONETARY', 'de_DE.UTF-8'), ('SYSTEMD_EXEC_PID', '6479'), ('DBUS_SESSION_BUS_ADDRESS', 'unix:path=/run/user/1000/bus'), ('COLORTERM', 'truecolor'), ('IM_CONFIG_PHASE', '1'), ('WAYLAND_DISPLAY', 'wayland-0'), ('ROS_DISTRO', 'humble'), ('LOGNAME', 'rahul'), ('_', '/usr/bin/colcon'), ('ROS_VERSION', '2'), ('XDG_SESSION_CLASS', 'user'), ('USERNAME', 'rahul'), ('TERM', 'xterm-256color'), ('GNOME_DESKTOP_SESSION_ID', 'this-is-deprecated'), ('ROS_LOCALHOST_ONLY', '0'), ('PATH', '/opt/ros/humble/bin:/home/rahul/.local/bin:/usr/local/sbin:/usr/local/bin:/usr/sbin:/usr/bin:/sbin:/bin:/usr/games:/usr/local/games:/snap/bin:/snap/bin'), ('SESSION_MANAGER', 'local/rahul-Inspiron-5559:@/tmp/.ICE-unix/2054,unix/rahul-Inspiron-5559:/tmp/.ICE-unix/2054'), ('XDG_MENU_PREFIX', 'gnome-'), ('LC_ADDRESS', 'de_DE.UTF-8'), ('GNOME_TERMINAL_SCREEN', '/org/gnome/Terminal/screen/351eedeb_30dc_418d_b420_34c5a0c83961'), ('GNOME_SETUP_DISPLAY', ':1'), ('XDG_RUNTIME_DIR', '/run/user/1000'), ('DISPLAY', ':0'), ('LANG', 'en_US.UTF-8'), ('XDG_CURRENT_DESKTOP', 'ubuntu:GNOME'), ('LC_TELEPHONE', 'de_DE.UTF-8'), ('XMODIFIERS', '@im=ibus'), ('XDG_SESSION_DESKTOP', 'ubuntu'), ('XAUTHORITY', '/run/user/1000/.mutter-Xwaylandauth.VYRET3'), ('LS_COLORS', 'rs=0:di=01;34:ln=01;36:mh=00:pi=40;33:so=01;35:do=01;35:bd=40;33;01:cd=40;33;01:or=40;31;01:mi=00:su=37;41:sg=30;43:ca=30;41:tw=30;42:ow=34;42:st=37;44:ex=01;32:*.tar=01;31:*.tgz=01;31:*.arc=01;31:*.arj=01;31:*.taz=01;31:*.lha=01;31:*.lz4=01;31:*.lzh=01;31:*.lzma=01;31:*.tlz=01;31:*.txz=01;31:*.tzo=01;31:*.t7z=01;31:*.zip=01;31:*.z=01;31:*.dz=01;31:*.gz=01;31:*.lrz=01;31:*.lz=01;31:*.lzo=01;31:*.xz=01;31:*.zst=01;31:*.tzst=01;31:*.bz2=01;31:*.bz=01;31:*.tbz=01;31:*.tbz2=01;31:*.tz=01;31:*.deb=01;31:*.rpm=01;31:*.jar=01;31:*.war=01;31:*.ear=01;31:*.sar=01;31:*.rar=01;31:*.alz=01;31:*.ace=01;31:*.zoo=01;31:*.cpio=01;31:*.7z=01;31:*.rz=01;31:*.cab=01;31:*.wim=01;31:*.swm=01;31:*.dwm=01;31:*.esd=01;31:*.jpg=01;35:*.jpeg=01;35:*.mjpg=01;35:*.mjpeg=01;35:*.gif=01;35:*.bmp=01;35:*.pbm=01;35:*.pgm=01;35:*.ppm=01;35:*.tga=01;35:*.xbm=01;35:*.xpm=01;35:*.tif=01;35:*.tiff=01;35:*.png=01;35:*.svg=01;35:*.svgz=01;35:*.mng=01;35:*.pcx=01;35:*.mov=01;35:*.mpg=01;35:*.mpeg=01;35:*.m2v=01;35:*.mkv=01;35:*.webm=01;35:*.webp=01;35:*.ogm=01;35:*.mp4=01;35:*.m4v=01;35:*.mp4v=01;35:*.vob=01;35:*.qt=01;35:*.nuv=01;35:*.wmv=01;35:*.asf=01;35:*.rm=01;35:*.rmvb=01;35:*.flc=01;35:*.avi=01;35:*.fli=01;35:*.flv=01;35:*.gl=01;35:*.dl=01;35:*.xcf=01;35:*.xwd=01;35:*.yuv=01;35:*.cgm=01;35:*.emf=01;35:*.ogv=01;35:*.ogx=01;35:*.aac=00;36:*.au=00;36:*.flac=00;36:*.m4a=00;36:*.mid=00;36:*.midi=00;36:*.mka=00;36:*.mp3=00;36:*.mpc=00;36:*.ogg=00;36:*.ra=00;36:*.wav=00;36:*.oga=00;36:*.opus=00;36:*.spx=00;36:*.xspf=00;36:'), ('GNOME_TERMINAL_SERVICE', ':1.120'), ('SSH_AGENT_LAUNCHER', 'gnome-keyring'), ('SSH_AUTH_SOCK', '/run/user/1000/keyring/ssh'), ('AMENT_PREFIX_PATH', '/opt/ros/humble'), ('SHELL', '/bin/bash'), ('LC_NAME', 'de_DE.UTF-8'), ('QT_ACCESSIBILITY', '1'), ('GDMSESSION', 'ubuntu'), ('LESSCLOSE', '/usr/bin/lesspipe %s %s'), ('LC_MEASUREMENT', 'de_DE.UTF-8'), ('LC_IDENTIFICATION', 'de_DE.UTF-8'), ('QT_IM_MODULE', 'ibus'), ('PWD', '/home/rahul/Mir_robot/build/ros2_aruco_interfaces'), ('XDG_CONFIG_DIRS', '/etc/xdg/xdg-ubuntu:/etc/xdg'), ('XDG_DATA_DIRS', '/usr/share/ubuntu:/usr/local/share/:/usr/share/:/var/lib/snapd/desktop'), ('PYTHONPATH', '/opt/ros/humble/lib/python3.10/site-packages:/opt/ros/humble/local/lib/python3.10/dist-packages'), ('LC_NUMERIC', 'de_DE.UTF-8'), ('LC_PAPER', 'de_DE.UTF-8'), ('COLCON', '1'), ('VTE_VERSION', '6800'), ('CMAKE_PREFIX_PATH', '/opt/ros/humble')]), 'shell': False}
[10.700113] (-) TimerEvent: {}
[10.704935] (mir_msgs) StdoutLine: {'line': b'[ 43%] \x1b[32mBuilding CXX object CMakeFiles/mir_msgs__rosidl_typesupport_fastrtps_c.dir/rosidl_typesupport_fastrtps_c/mir_msgs/srv/detail/exec_mission__type_support_c.cpp.o\x1b[0m\n'}
[10.730887] (ira_laser_tools) CommandEnded: {'returncode': 0}
[10.739780] (ira_laser_tools) JobProgress: {'identifier': 'ira_laser_tools', 'progress': 'build'}
[10.739886] (ira_laser_tools) Command: {'cmd': ['/usr/bin/cmake', '--build', '/home/rahul/Mir_robot/build/ira_laser_tools', '--', '-j4', '-l4'], 'cwd': '/home/rahul/Mir_robot/build/ira_laser_tools', 'env': OrderedDict([('LESSOPEN', '| /usr/bin/lesspipe %s'), ('USER', 'rahul'), ('LC_TIME', 'de_DE.UTF-8'), ('XDG_SESSION_TYPE', 'wayland'), ('SHLVL', '1'), ('LD_LIBRARY_PATH', '/usr/lib/x86_64-linux-gnu/gazebo-11/plugins:/opt/ros/humble/opt/rviz_ogre_vendor/lib:/opt/ros/humble/lib/x86_64-linux-gnu:/opt/ros/humble/lib'), ('HOME', '/home/rahul'), ('OLDPWD', '/home/rahul'), ('DESKTOP_SESSION', 'ubuntu'), ('ROS_PYTHON_VERSION', '3'), ('GNOME_SHELL_SESSION_MODE', 'ubuntu'), ('GTK_MODULES', 'gail:atk-bridge'), ('LC_MONETARY', 'de_DE.UTF-8'), ('SYSTEMD_EXEC_PID', '6479'), ('DBUS_SESSION_BUS_ADDRESS', 'unix:path=/run/user/1000/bus'), ('COLORTERM', 'truecolor'), ('IM_CONFIG_PHASE', '1'), ('WAYLAND_DISPLAY', 'wayland-0'), ('ROS_DISTRO', 'humble'), ('LOGNAME', 'rahul'), ('_', '/usr/bin/colcon'), ('ROS_VERSION', '2'), ('XDG_SESSION_CLASS', 'user'), ('USERNAME', 'rahul'), ('TERM', 'xterm-256color'), ('GNOME_DESKTOP_SESSION_ID', 'this-is-deprecated'), ('ROS_LOCALHOST_ONLY', '0'), ('PATH', '/opt/ros/humble/bin:/home/rahul/.local/bin:/usr/local/sbin:/usr/local/bin:/usr/sbin:/usr/bin:/sbin:/bin:/usr/games:/usr/local/games:/snap/bin:/snap/bin'), ('SESSION_MANAGER', 'local/rahul-Inspiron-5559:@/tmp/.ICE-unix/2054,unix/rahul-Inspiron-5559:/tmp/.ICE-unix/2054'), ('XDG_MENU_PREFIX', 'gnome-'), ('LC_ADDRESS', 'de_DE.UTF-8'), ('GNOME_TERMINAL_SCREEN', '/org/gnome/Terminal/screen/351eedeb_30dc_418d_b420_34c5a0c83961'), ('GNOME_SETUP_DISPLAY', ':1'), ('XDG_RUNTIME_DIR', '/run/user/1000'), ('DISPLAY', ':0'), ('LANG', 'en_US.UTF-8'), ('XDG_CURRENT_DESKTOP', 'ubuntu:GNOME'), ('LC_TELEPHONE', 'de_DE.UTF-8'), ('XMODIFIERS', '@im=ibus'), ('XDG_SESSION_DESKTOP', 'ubuntu'), ('XAUTHORITY', '/run/user/1000/.mutter-Xwaylandauth.VYRET3'), ('LS_COLORS', 'rs=0:di=01;34:ln=01;36:mh=00:pi=40;33:so=01;35:do=01;35:bd=40;33;01:cd=40;33;01:or=40;31;01:mi=00:su=37;41:sg=30;43:ca=30;41:tw=30;42:ow=34;42:st=37;44:ex=01;32:*.tar=01;31:*.tgz=01;31:*.arc=01;31:*.arj=01;31:*.taz=01;31:*.lha=01;31:*.lz4=01;31:*.lzh=01;31:*.lzma=01;31:*.tlz=01;31:*.txz=01;31:*.tzo=01;31:*.t7z=01;31:*.zip=01;31:*.z=01;31:*.dz=01;31:*.gz=01;31:*.lrz=01;31:*.lz=01;31:*.lzo=01;31:*.xz=01;31:*.zst=01;31:*.tzst=01;31:*.bz2=01;31:*.bz=01;31:*.tbz=01;31:*.tbz2=01;31:*.tz=01;31:*.deb=01;31:*.rpm=01;31:*.jar=01;31:*.war=01;31:*.ear=01;31:*.sar=01;31:*.rar=01;31:*.alz=01;31:*.ace=01;31:*.zoo=01;31:*.cpio=01;31:*.7z=01;31:*.rz=01;31:*.cab=01;31:*.wim=01;31:*.swm=01;31:*.dwm=01;31:*.esd=01;31:*.jpg=01;35:*.jpeg=01;35:*.mjpg=01;35:*.mjpeg=01;35:*.gif=01;35:*.bmp=01;35:*.pbm=01;35:*.pgm=01;35:*.ppm=01;35:*.tga=01;35:*.xbm=01;35:*.xpm=01;35:*.tif=01;35:*.tiff=01;35:*.png=01;35:*.svg=01;35:*.svgz=01;35:*.mng=01;35:*.pcx=01;35:*.mov=01;35:*.mpg=01;35:*.mpeg=01;35:*.m2v=01;35:*.mkv=01;35:*.webm=01;35:*.webp=01;35:*.ogm=01;35:*.mp4=01;35:*.m4v=01;35:*.mp4v=01;35:*.vob=01;35:*.qt=01;35:*.nuv=01;35:*.wmv=01;35:*.asf=01;35:*.rm=01;35:*.rmvb=01;35:*.flc=01;35:*.avi=01;35:*.fli=01;35:*.flv=01;35:*.gl=01;35:*.dl=01;35:*.xcf=01;35:*.xwd=01;35:*.yuv=01;35:*.cgm=01;35:*.emf=01;35:*.ogv=01;35:*.ogx=01;35:*.aac=00;36:*.au=00;36:*.flac=00;36:*.m4a=00;36:*.mid=00;36:*.midi=00;36:*.mka=00;36:*.mp3=00;36:*.mpc=00;36:*.ogg=00;36:*.ra=00;36:*.wav=00;36:*.oga=00;36:*.opus=00;36:*.spx=00;36:*.xspf=00;36:'), ('GNOME_TERMINAL_SERVICE', ':1.120'), ('SSH_AGENT_LAUNCHER', 'gnome-keyring'), ('SSH_AUTH_SOCK', '/run/user/1000/keyring/ssh'), ('AMENT_PREFIX_PATH', '/opt/ros/humble'), ('SHELL', '/bin/bash'), ('LC_NAME', 'de_DE.UTF-8'), ('QT_ACCESSIBILITY', '1'), ('GDMSESSION', 'ubuntu'), ('LESSCLOSE', '/usr/bin/lesspipe %s %s'), ('LC_MEASUREMENT', 'de_DE.UTF-8'), ('LC_IDENTIFICATION', 'de_DE.UTF-8'), ('QT_IM_MODULE', 'ibus'), ('PWD', '/home/rahul/Mir_robot/build/ira_laser_tools'), ('XDG_CONFIG_DIRS', '/etc/xdg/xdg-ubuntu:/etc/xdg'), ('XDG_DATA_DIRS', '/usr/share/ubuntu:/usr/local/share/:/usr/share/:/var/lib/snapd/desktop'), ('PYTHONPATH', '/opt/ros/humble/lib/python3.10/site-packages:/opt/ros/humble/local/lib/python3.10/dist-packages'), ('LC_NUMERIC', 'de_DE.UTF-8'), ('LC_PAPER', 'de_DE.UTF-8'), ('COLCON', '1'), ('VTE_VERSION', '6800'), ('CMAKE_PREFIX_PATH', '/opt/ros/humble')]), 'shell': False}
[10.742367] (hello_moveit_ur) StdoutLine: {'line': b'-- Found Boost: /usr/lib/x86_64-linux-gnu/cmake/Boost-1.74.0/BoostConfig.cmake (found version "1.74.0") found components: date_time filesystem program_options system thread \n'}
[10.803865] (-) TimerEvent: {}
[10.865262] (ros2_aruco_interfaces) StdoutLine: {'line': b'[  3%] \x1b[34m\x1b[1mGenerating C code for ROS interfaces\x1b[0m\n'}
[10.903719] (ros2_aruco_interfaces) StdoutLine: {'line': b'[  6%] \x1b[34m\x1b[1mGenerating Rust code for ROS interfaces\x1b[0m\n'}
[10.903959] (-) TimerEvent: {}
[10.906182] (ros2_aruco_interfaces) StdoutLine: {'line': b'[  9%] \x1b[34m\x1b[1mGenerating C++ code for ROS interfaces\x1b[0m\n'}
[10.998177] (ros2_aruco_interfaces) StdoutLine: {'line': b'[  9%] Built target ament_cmake_python_symlink_ros2_aruco_interfaces\n'}
[10.998960] (ira_laser_tools) StdoutLine: {'line': b'[ 25%] \x1b[32mBuilding CXX object CMakeFiles/CloudPile.dir/src/CloudPile.cpp.o\x1b[0m\n'}
[11.004184] (-) TimerEvent: {}
[11.044487] (hello_moveit_ur) StdoutLine: {'line': b'-- Found rosidl_generator_c: 3.1.9 (/opt/ros/humble/share/rosidl_generator_c/cmake)\n'}
[11.071173] (mir_msgs) StdoutLine: {'line': b'[ 45%] \x1b[32mBuilding CXX object CMakeFiles/mir_msgs__rosidl_typesupport_introspection_cpp.dir/rosidl_typesupport_introspection_cpp/mir_msgs/srv/detail/exec_mission__type_support.cpp.o\x1b[0m\n'}
[11.101105] (hello_moveit_ur) StdoutLine: {'line': b'-- Found rosidl_adapter: 3.1.9 (/opt/ros/humble/share/rosidl_adapter/cmake)\n'}
[11.106209] (-) TimerEvent: {}
[11.186395] (hello_moveit_ur) StdoutLine: {'line': b'-- Found rosidl_generator_cpp: 3.1.9 (/opt/ros/humble/share/rosidl_generator_cpp/cmake)\n'}
[11.208098] (-) TimerEvent: {}
[11.302522] (hello_moveit_ur) StdoutLine: {'line': b'-- Using all available rosidl_typesupport_c: rosidl_typesupport_fastrtps_c;rosidl_typesupport_introspection_c\n'}
[11.308206] (-) TimerEvent: {}
[11.402098] (hello_moveit_ur) StdoutLine: {'line': b'-- Using all available rosidl_typesupport_cpp: rosidl_typesupport_fastrtps_cpp;rosidl_typesupport_introspection_cpp\n'}
[11.411102] (-) TimerEvent: {}
[11.513105] (-) TimerEvent: {}
[11.541864] (ros2_aruco_interfaces) StdoutLine: {'line': b'[  9%] Built target ros2_aruco_interfaces__rs\n'}
[11.613219] (-) TimerEvent: {}
[11.713599] (-) TimerEvent: {}
[11.814103] (-) TimerEvent: {}
[11.914497] (-) TimerEvent: {}
[12.015089] (-) TimerEvent: {}
[12.107818] (ros2_aruco_interfaces) StdoutLine: {'line': b'[  9%] Built target ros2_aruco_interfaces__cpp\n'}
[12.115186] (-) TimerEvent: {}
[12.115534] (mir_msgs) StdoutLine: {'line': b'[ 47%] \x1b[32m\x1b[1mLinking CXX shared library libmir_msgs__rosidl_typesupport_cpp.so\x1b[0m\n'}
[12.152512] (ros2_aruco_interfaces) StdoutLine: {'line': b'[ 12%] \x1b[34m\x1b[1mGenerating C++ type support for eProsima Fast-RTPS\x1b[0m\n'}
[12.169108] (ros2_aruco_interfaces) StdoutLine: {'line': b'[ 15%] \x1b[34m\x1b[1mGenerating C++ introspection for ROS interfaces\x1b[0m\n'}
[12.215294] (-) TimerEvent: {}
[12.232183] (mir_msgs) StdoutLine: {'line': b'[ 50%] \x1b[32mBuilding CXX object CMakeFiles/mir_msgs__rosidl_typesupport_fastrtps_cpp.dir/rosidl_typesupport_fastrtps_cpp/mir_msgs/srv/detail/dds_fastrtps/exec_mission__type_support.cpp.o\x1b[0m\n'}
[12.275289] (mir_msgs) StdoutLine: {'line': b'[ 50%] Built target mir_msgs__rosidl_typesupport_cpp\n'}
[12.316622] (-) TimerEvent: {}
[12.336053] (mir_msgs) StdoutLine: {'line': b'[ 52%] \x1b[34m\x1b[1mGenerating C introspection for ROS interfaces\x1b[0m\n'}
[12.416724] (-) TimerEvent: {}
[12.519310] (-) TimerEvent: {}
[12.619780] (-) TimerEvent: {}
[12.720256] (-) TimerEvent: {}
[12.783537] (mir_msgs) StdoutLine: {'line': b'[ 54%] \x1b[32m\x1b[1mLinking CXX shared library libmir_msgs__rosidl_typesupport_introspection_cpp.so\x1b[0m\n'}
[12.783791] (mir_msgs) StdoutLine: {'line': b'[ 56%] \x1b[32m\x1b[1mLinking CXX shared library libmir_msgs__rosidl_typesupport_fastrtps_c.so\x1b[0m\n'}
[12.823100] (-) TimerEvent: {}
[12.843193] (ros2_aruco_interfaces) StdoutLine: {'line': b'[ 18%] \x1b[32mBuilding C object CMakeFiles/ros2_aruco_interfaces__rosidl_generator_c.dir/rosidl_generator_c/ros2_aruco_interfaces/msg/detail/aruco_markers__functions.c.o\x1b[0m\n'}
[12.861876] (hello_moveit_ur) StdoutLine: {'line': b'-- Found Boost: /usr/lib/x86_64-linux-gnu/cmake/Boost-1.74.0/BoostConfig.cmake (found version "1.74.0") found components: chrono date_time filesystem iostreams program_options regex serialization system thread \n'}
[12.923207] (-) TimerEvent: {}
[12.939507] (ros2_aruco_interfaces) StdoutLine: {'line': b'running egg_info\n'}
[12.940577] (ros2_aruco_interfaces) StdoutLine: {'line': b'creating ros2_aruco_interfaces.egg-info\n'}
[12.941034] (ros2_aruco_interfaces) StdoutLine: {'line': b'writing ros2_aruco_interfaces.egg-info/PKG-INFO\n'}
[12.950799] (ros2_aruco_interfaces) StdoutLine: {'line': b'writing dependency_links to ros2_aruco_interfaces.egg-info/dependency_links.txt\n'}
[12.951007] (ros2_aruco_interfaces) StdoutLine: {'line': b'writing top-level names to ros2_aruco_interfaces.egg-info/top_level.txt\n'}
[12.951283] (ros2_aruco_interfaces) StdoutLine: {'line': b"writing manifest file 'ros2_aruco_interfaces.egg-info/SOURCES.txt'\n"}
[12.976539] (ros2_aruco_interfaces) StdoutLine: {'line': b"reading manifest file 'ros2_aruco_interfaces.egg-info/SOURCES.txt'\n"}
[12.976782] (ros2_aruco_interfaces) StdoutLine: {'line': b"writing manifest file 'ros2_aruco_interfaces.egg-info/SOURCES.txt'\n"}
[13.024125] (-) TimerEvent: {}
[13.124491] (-) TimerEvent: {}
[13.130879] (ros2_aruco_interfaces) StdoutLine: {'line': b'[ 18%] Built target ament_cmake_python_build_ros2_aruco_interfaces_egg\n'}
[13.141933] (ros2_aruco_interfaces) StdoutLine: {'line': b'[ 21%] \x1b[32mBuilding CXX object CMakeFiles/ros2_aruco_interfaces__rosidl_typesupport_fastrtps_cpp.dir/rosidl_typesupport_fastrtps_cpp/ros2_aruco_interfaces/msg/detail/dds_fastrtps/aruco_markers__type_support.cpp.o\x1b[0m\n'}
[13.151788] (ros2_aruco_interfaces) StdoutLine: {'line': b'[ 25%] \x1b[34m\x1b[1mGenerating C++ type support dispatch for ROS interfaces\x1b[0m\n'}
[13.163212] (ros2_aruco_interfaces) StdoutLine: {'line': b'[ 28%] \x1b[32m\x1b[1mLinking C shared library libros2_aruco_interfaces__rosidl_generator_c.so\x1b[0m\n'}
[13.170902] (mir_msgs) StdoutLine: {'line': b'[ 56%] Built target mir_msgs__rosidl_typesupport_introspection_cpp\n'}
[13.189506] (mir_msgs) StdoutLine: {'line': b'[ 58%] \x1b[34m\x1b[1mGenerating C type support dispatch for ROS interfaces\x1b[0m\n'}
[13.219583] (mir_msgs) StdoutLine: {'line': b'[ 58%] Built target mir_msgs__rosidl_typesupport_fastrtps_c\n'}
[13.224595] (-) TimerEvent: {}
[13.283162] (hello_moveit_ur) StdoutLine: {'line': b'-- Found parameter_traits: 0.7.4 (/opt/ros/humble/share/parameter_traits/cmake)\n'}
[13.324698] (-) TimerEvent: {}
[13.347139] (ros2_aruco_interfaces) StdoutLine: {'line': b'[ 28%] Built target ros2_aruco_interfaces__rosidl_generator_c\n'}
[13.391175] (ros2_aruco_interfaces) StdoutLine: {'line': b'[ 31%] \x1b[34m\x1b[1mGenerating C type support for eProsima Fast-RTPS\x1b[0m\n'}
[13.424794] (-) TimerEvent: {}
[13.527239] (-) TimerEvent: {}
[13.577235] (hello_moveit_ur) StdoutLine: {'line': b'-- Found rmw_implementation_cmake: 6.1.2 (/opt/ros/humble/share/rmw_implementation_cmake/cmake)\n'}
[13.592105] (hello_moveit_ur) StdoutLine: {'line': b'-- Found rmw_fastrtps_cpp: 6.2.10 (/opt/ros/humble/share/rmw_fastrtps_cpp/cmake)\n'}
[13.627346] (-) TimerEvent: {}
[13.728116] (-) TimerEvent: {}
[13.759124] (ros2_aruco_interfaces) StdoutLine: {'line': b'[ 34%] \x1b[32mBuilding CXX object CMakeFiles/ros2_aruco_interfaces__rosidl_typesupport_introspection_cpp.dir/rosidl_typesupport_introspection_cpp/ros2_aruco_interfaces/msg/detail/aruco_markers__type_support.cpp.o\x1b[0m\n'}
[13.831101] (-) TimerEvent: {}
[13.933099] (-) TimerEvent: {}
[14.031182] (hello_moveit_ur) StdoutLine: {'line': b'-- Found OpenSSL: /usr/lib/x86_64-linux-gnu/libcrypto.so (found version "3.0.2")  \n'}
[14.033197] (-) TimerEvent: {}
[14.128494] (ros2_aruco_interfaces) StdoutLine: {'line': b'[ 37%] \x1b[32mBuilding CXX object CMakeFiles/ros2_aruco_interfaces__rosidl_typesupport_cpp.dir/rosidl_typesupport_cpp/ros2_aruco_interfaces/msg/aruco_markers__type_support.cpp.o\x1b[0m\n'}
[14.133308] (-) TimerEvent: {}
[14.201860] (hello_moveit_ur) StdoutLine: {'line': b'-- Found FastRTPS: /opt/ros/humble/include  \n'}
[14.235125] (-) TimerEvent: {}
[14.335643] (-) TimerEvent: {}
[14.349192] (mir_msgs) StdoutLine: {'line': b'[ 60%] \x1b[32mBuilding CXX object CMakeFiles/mir_msgs__rosidl_typesupport_c.dir/rosidl_typesupport_c/mir_msgs/msg/bms_data__type_support.cpp.o\x1b[0m\n'}
[14.349456] (mir_msgs) StdoutLine: {'line': b'[ 62%] \x1b[32mBuilding CXX object CMakeFiles/mir_msgs__rosidl_typesupport_c.dir/rosidl_typesupport_c/mir_msgs/msg/battery_currents__type_support.cpp.o\x1b[0m\n'}
[14.440127] (-) TimerEvent: {}
[14.495117] (mir_msgs) StdoutLine: {'line': b'[ 64%] \x1b[32mBuilding CXX object CMakeFiles/mir_msgs__rosidl_typesupport_c.dir/rosidl_typesupport_c/mir_msgs/srv/exec_mission__type_support.cpp.o\x1b[0m\n'}
[14.523090] (hello_moveit_ur) StdoutLine: {'line': b"-- Using RMW implementation 'rmw_fastrtps_cpp' as default\n"}
[14.540241] (-) TimerEvent: {}
[14.578196] (ros2_aruco_interfaces) StdoutLine: {'line': b'[ 40%] \x1b[32mBuilding CXX object CMakeFiles/ros2_aruco_interfaces__rosidl_typesupport_fastrtps_c.dir/rosidl_typesupport_fastrtps_c/ros2_aruco_interfaces/msg/detail/aruco_markers__type_support_c.cpp.o\x1b[0m\n'}
[14.595200] (hello_moveit_ur) StdoutLine: {'line': b'-- Found Threads: TRUE  \n'}
[14.640358] (-) TimerEvent: {}
[14.641186] (mir_msgs) StdoutLine: {'line': b'[ 66%] \x1b[32mBuilding C object CMakeFiles/mir_msgs__rosidl_typesupport_introspection_c.dir/rosidl_typesupport_introspection_c/mir_msgs/msg/detail/battery_currents__type_support.c.o\x1b[0m\n'}
[14.641431] (mir_msgs) StdoutLine: {'line': b'[ 68%] \x1b[32mBuilding C object CMakeFiles/mir_msgs__rosidl_typesupport_introspection_c.dir/rosidl_typesupport_introspection_c/mir_msgs/msg/detail/bms_data__type_support.c.o\x1b[0m\n'}
[14.666121] (mir_msgs) StdoutLine: {'line': b'[ 70%] \x1b[32m\x1b[1mLinking CXX shared library libmir_msgs__rosidl_typesupport_c.so\x1b[0m\n'}
[14.742118] (-) TimerEvent: {}
[14.745315] (mir_msgs) StdoutLine: {'line': b'[ 72%] \x1b[32m\x1b[1mLinking CXX shared library libmir_msgs__rosidl_typesupport_fastrtps_cpp.so\x1b[0m\n'}
[14.786204] (mir_msgs) StdoutLine: {'line': b'[ 75%] \x1b[32mBuilding C object CMakeFiles/mir_msgs__rosidl_typesupport_introspection_c.dir/rosidl_typesupport_introspection_c/mir_msgs/srv/detail/exec_mission__type_support.c.o\x1b[0m\n'}
[14.844114] (-) TimerEvent: {}
[14.879072] (mir_msgs) StdoutLine: {'line': b'[ 75%] Built target mir_msgs__rosidl_typesupport_c\n'}
[14.944231] (-) TimerEvent: {}
[14.956120] (ros2_aruco_interfaces) StdoutLine: {'line': b'[ 43%] \x1b[32m\x1b[1mLinking CXX shared library libros2_aruco_interfaces__rosidl_typesupport_cpp.so\x1b[0m\n'}
[14.966802] (mir_msgs) StdoutLine: {'line': b'[ 77%] \x1b[32m\x1b[1mLinking C shared library libmir_msgs__rosidl_typesupport_introspection_c.so\x1b[0m\n'}
[14.968135] (hello_moveit_ur) StdoutLine: {'line': b'-- Found rclcpp_lifecycle: 16.0.19 (/opt/ros/humble/share/rclcpp_lifecycle/cmake)\n'}
[15.047122] (-) TimerEvent: {}
[15.107184] (ros2_aruco_interfaces) StdoutLine: {'line': b'[ 43%] Built target ros2_aruco_interfaces__rosidl_typesupport_cpp\n'}
[15.127332] (mir_msgs) StdoutLine: {'line': b'[ 77%] Built target mir_msgs__rosidl_typesupport_introspection_c\n'}
[15.143923] (ros2_aruco_interfaces) StdoutLine: {'line': b'[ 46%] \x1b[34m\x1b[1mGenerating C introspection for ROS interfaces\x1b[0m\n'}
[15.145870] (mir_msgs) StdoutLine: {'line': b'[ 77%] Built target mir_msgs__rosidl_typesupport_fastrtps_cpp\n'}
[15.147226] (-) TimerEvent: {}
[15.236846] (mir_msgs) StdoutLine: {'line': b'[ 77%] Built target mir_msgs\n'}
[15.247325] (-) TimerEvent: {}
[15.250135] (ros2_aruco_interfaces) StdoutLine: {'line': b'[ 50%] \x1b[32m\x1b[1mLinking CXX shared library libros2_aruco_interfaces__rosidl_typesupport_fastrtps_cpp.so\x1b[0m\n'}
[15.324096] (mir_msgs) StdoutLine: {'line': b'[ 79%] \x1b[34m\x1b[1mGenerating Python code for ROS interfaces\x1b[0m\n'}
[15.350147] (-) TimerEvent: {}
[15.450523] (-) TimerEvent: {}
[15.502270] (hello_moveit_ur) StdoutLine: {'line': b'-- library: /usr/lib/x86_64-linux-gnu/libcurl.so\n'}
[15.550623] (-) TimerEvent: {}
[15.607873] (ros2_aruco_interfaces) StdoutLine: {'line': b'[ 50%] Built target ros2_aruco_interfaces__rosidl_typesupport_fastrtps_cpp\n'}
[15.650726] (-) TimerEvent: {}
[15.654101] (ros2_aruco_interfaces) StdoutLine: {'line': b'[ 53%] \x1b[34m\x1b[1mGenerating C type support dispatch for ROS interfaces\x1b[0m\n'}
[15.671186] (hello_moveit_ur) StdoutLine: {'line': b'-- Found Eigen3: TRUE (found version "3.4.0") \n'}
[15.672141] (hello_moveit_ur) StdoutLine: {'line': b'-- Ensuring Eigen3 include directory is part of orocos-kdl CMake target\n'}
[15.695211] (ros2_aruco_interfaces) StdoutLine: {'line': b'[ 56%] \x1b[32m\x1b[1mLinking CXX shared library libros2_aruco_interfaces__rosidl_typesupport_fastrtps_c.so\x1b[0m\n'}
[15.750853] (-) TimerEvent: {}
[15.854106] (-) TimerEvent: {}
[15.939509] (ros2_aruco_interfaces) StdoutLine: {'line': b'[ 56%] Built target ros2_aruco_interfaces__rosidl_typesupport_fastrtps_c\n'}
[15.941343] (ros2_aruco_interfaces) StdoutLine: {'line': b'[ 59%] \x1b[32m\x1b[1mLinking CXX shared library libros2_aruco_interfaces__rosidl_typesupport_introspection_cpp.so\x1b[0m\n'}
[15.954206] (-) TimerEvent: {}
[16.029395] (ros2_aruco_interfaces) StdoutLine: {'line': b'[ 62%] \x1b[32mBuilding C object CMakeFiles/ros2_aruco_interfaces__rosidl_typesupport_introspection_c.dir/rosidl_typesupport_introspection_c/ros2_aruco_interfaces/msg/detail/aruco_markers__type_support.c.o\x1b[0m\n'}
[16.054327] (-) TimerEvent: {}
[16.154852] (-) TimerEvent: {}
[16.166525] (ros2_aruco_interfaces) StdoutLine: {'line': b'[ 65%] \x1b[32m\x1b[1mLinking C shared library libros2_aruco_interfaces__rosidl_typesupport_introspection_c.so\x1b[0m\n'}
[16.177953] (ros2_aruco_interfaces) StdoutLine: {'line': b'[ 65%] Built target ros2_aruco_interfaces__rosidl_typesupport_introspection_cpp\n'}
[16.239162] (ros2_aruco_interfaces) StdoutLine: {'line': b'[ 65%] Built target ros2_aruco_interfaces__rosidl_typesupport_introspection_c\n'}
[16.253239] (hello_moveit_ur) StdoutLine: {'line': b'-- Found Boost: /usr/lib/x86_64-linux-gnu/cmake/Boost-1.74.0/BoostConfig.cmake (found version "1.74.0") found components: system filesystem date_time program_options thread chrono \n'}
[16.254927] (-) TimerEvent: {}
[16.329475] (hello_moveit_ur) StdoutLine: {'line': b'-- Found Boost: /usr/lib/x86_64-linux-gnu/cmake/Boost-1.74.0/BoostConfig.cmake (found version "1.74.0") found components: thread system filesystem regex date_time program_options \n'}
[16.346916] (ros2_aruco_interfaces) StdoutLine: {'line': b'[ 68%] \x1b[32mBuilding CXX object CMakeFiles/ros2_aruco_interfaces__rosidl_typesupport_c.dir/rosidl_typesupport_c/ros2_aruco_interfaces/msg/aruco_markers__type_support.cpp.o\x1b[0m\n'}
[16.358122] (-) TimerEvent: {}
[16.390699] (hello_moveit_ur) StdoutLine: {'line': b'-- Found Boost: /usr/lib/x86_64-linux-gnu/cmake/Boost-1.74.0/BoostConfig.cmake (found version "1.74.0") found components: system filesystem date_time program_options thread \n'}
[16.409131] (ros2_aruco_interfaces) StdoutLine: {'line': b'[ 71%] \x1b[32m\x1b[1mLinking CXX shared library libros2_aruco_interfaces__rosidl_typesupport_c.so\x1b[0m\n'}
[16.458238] (-) TimerEvent: {}
[16.476176] (hello_moveit_ur) StdoutLine: {'line': b'-- Found ament_lint_auto: 0.12.15 (/opt/ros/humble/share/ament_lint_auto/cmake)\n'}
[16.483100] (ros2_aruco_interfaces) StdoutLine: {'line': b'[ 71%] Built target ros2_aruco_interfaces__rosidl_typesupport_c\n'}
[16.540195] (ros2_aruco_interfaces) StdoutLine: {'line': b'[ 71%] Built target ros2_aruco_interfaces\n'}
[16.558331] (-) TimerEvent: {}
[16.578220] (ros2_aruco_interfaces) StdoutLine: {'line': b'[ 75%] \x1b[34m\x1b[1mGenerating Python code for ROS interfaces\x1b[0m\n'}
[16.643202] (hello_moveit_ur) StdoutLine: {'line': b"-- Added test 'cppcheck' to perform static code analysis on C / C++ code\n"}
[16.643846] (hello_moveit_ur) StdoutLine: {'line': b'-- Configured cppcheck include dirs: $<BUILD_INTERFACE:/home/rahul/Mir_robot/src/mir_robot/simple_moveit2_universal_robots_movement/include>\n'}
[16.644091] (hello_moveit_ur) StdoutLine: {'line': b'-- Configured cppcheck exclude dirs and/or files: \n'}
[16.645398] (hello_moveit_ur) StdoutLine: {'line': b"-- Added test 'flake8' to check Python code syntax and style conventions\n"}
[16.646750] (hello_moveit_ur) StdoutLine: {'line': b"-- Added test 'lint_cmake' to check CMake code style\n"}
[16.649116] (hello_moveit_ur) StdoutLine: {'line': b"-- Added test 'pep257' to check Python code against some of the docstring style conventions in PEP 257\n"}
[16.649906] (hello_moveit_ur) StdoutLine: {'line': b"-- Added test 'uncrustify' to check C / C++ code style\n"}
[16.650220] (hello_moveit_ur) StdoutLine: {'line': b'-- Configured uncrustify additional arguments: \n'}
[16.651439] (hello_moveit_ur) StdoutLine: {'line': b"-- Added test 'xmllint' to check XML markup files\n"}
[16.654368] (hello_moveit_ur) StdoutLine: {'line': b'-- Configuring done\n'}
[16.658427] (-) TimerEvent: {}
[16.718126] (hello_moveit_ur) StdoutLine: {'line': b'-- Generating done\n'}
[16.732575] (hello_moveit_ur) StdoutLine: {'line': b'-- Build files have been written to: /home/rahul/Mir_robot/build/hello_moveit_ur\n'}
[16.758532] (-) TimerEvent: {}
[16.759667] (hello_moveit_ur) CommandEnded: {'returncode': 0}
[16.764324] (hello_moveit_ur) JobProgress: {'identifier': 'hello_moveit_ur', 'progress': 'build'}
[16.764409] (hello_moveit_ur) Command: {'cmd': ['/usr/bin/cmake', '--build', '/home/rahul/Mir_robot/build/hello_moveit_ur', '--', '-j4', '-l4'], 'cwd': '/home/rahul/Mir_robot/build/hello_moveit_ur', 'env': OrderedDict([('LESSOPEN', '| /usr/bin/lesspipe %s'), ('USER', 'rahul'), ('LC_TIME', 'de_DE.UTF-8'), ('XDG_SESSION_TYPE', 'wayland'), ('SHLVL', '1'), ('LD_LIBRARY_PATH', '/usr/lib/x86_64-linux-gnu/gazebo-11/plugins:/opt/ros/humble/opt/rviz_ogre_vendor/lib:/opt/ros/humble/lib/x86_64-linux-gnu:/opt/ros/humble/lib'), ('HOME', '/home/rahul'), ('OLDPWD', '/home/rahul'), ('DESKTOP_SESSION', 'ubuntu'), ('ROS_PYTHON_VERSION', '3'), ('GNOME_SHELL_SESSION_MODE', 'ubuntu'), ('GTK_MODULES', 'gail:atk-bridge'), ('LC_MONETARY', 'de_DE.UTF-8'), ('SYSTEMD_EXEC_PID', '6479'), ('DBUS_SESSION_BUS_ADDRESS', 'unix:path=/run/user/1000/bus'), ('COLORTERM', 'truecolor'), ('IM_CONFIG_PHASE', '1'), ('WAYLAND_DISPLAY', 'wayland-0'), ('ROS_DISTRO', 'humble'), ('LOGNAME', 'rahul'), ('_', '/usr/bin/colcon'), ('ROS_VERSION', '2'), ('XDG_SESSION_CLASS', 'user'), ('USERNAME', 'rahul'), ('TERM', 'xterm-256color'), ('GNOME_DESKTOP_SESSION_ID', 'this-is-deprecated'), ('ROS_LOCALHOST_ONLY', '0'), ('PATH', '/opt/ros/humble/bin:/home/rahul/.local/bin:/usr/local/sbin:/usr/local/bin:/usr/sbin:/usr/bin:/sbin:/bin:/usr/games:/usr/local/games:/snap/bin:/snap/bin'), ('SESSION_MANAGER', 'local/rahul-Inspiron-5559:@/tmp/.ICE-unix/2054,unix/rahul-Inspiron-5559:/tmp/.ICE-unix/2054'), ('XDG_MENU_PREFIX', 'gnome-'), ('LC_ADDRESS', 'de_DE.UTF-8'), ('GNOME_TERMINAL_SCREEN', '/org/gnome/Terminal/screen/351eedeb_30dc_418d_b420_34c5a0c83961'), ('GNOME_SETUP_DISPLAY', ':1'), ('XDG_RUNTIME_DIR', '/run/user/1000'), ('DISPLAY', ':0'), ('LANG', 'en_US.UTF-8'), ('XDG_CURRENT_DESKTOP', 'ubuntu:GNOME'), ('LC_TELEPHONE', 'de_DE.UTF-8'), ('XMODIFIERS', '@im=ibus'), ('XDG_SESSION_DESKTOP', 'ubuntu'), ('XAUTHORITY', '/run/user/1000/.mutter-Xwaylandauth.VYRET3'), ('LS_COLORS', 'rs=0:di=01;34:ln=01;36:mh=00:pi=40;33:so=01;35:do=01;35:bd=40;33;01:cd=40;33;01:or=40;31;01:mi=00:su=37;41:sg=30;43:ca=30;41:tw=30;42:ow=34;42:st=37;44:ex=01;32:*.tar=01;31:*.tgz=01;31:*.arc=01;31:*.arj=01;31:*.taz=01;31:*.lha=01;31:*.lz4=01;31:*.lzh=01;31:*.lzma=01;31:*.tlz=01;31:*.txz=01;31:*.tzo=01;31:*.t7z=01;31:*.zip=01;31:*.z=01;31:*.dz=01;31:*.gz=01;31:*.lrz=01;31:*.lz=01;31:*.lzo=01;31:*.xz=01;31:*.zst=01;31:*.tzst=01;31:*.bz2=01;31:*.bz=01;31:*.tbz=01;31:*.tbz2=01;31:*.tz=01;31:*.deb=01;31:*.rpm=01;31:*.jar=01;31:*.war=01;31:*.ear=01;31:*.sar=01;31:*.rar=01;31:*.alz=01;31:*.ace=01;31:*.zoo=01;31:*.cpio=01;31:*.7z=01;31:*.rz=01;31:*.cab=01;31:*.wim=01;31:*.swm=01;31:*.dwm=01;31:*.esd=01;31:*.jpg=01;35:*.jpeg=01;35:*.mjpg=01;35:*.mjpeg=01;35:*.gif=01;35:*.bmp=01;35:*.pbm=01;35:*.pgm=01;35:*.ppm=01;35:*.tga=01;35:*.xbm=01;35:*.xpm=01;35:*.tif=01;35:*.tiff=01;35:*.png=01;35:*.svg=01;35:*.svgz=01;35:*.mng=01;35:*.pcx=01;35:*.mov=01;35:*.mpg=01;35:*.mpeg=01;35:*.m2v=01;35:*.mkv=01;35:*.webm=01;35:*.webp=01;35:*.ogm=01;35:*.mp4=01;35:*.m4v=01;35:*.mp4v=01;35:*.vob=01;35:*.qt=01;35:*.nuv=01;35:*.wmv=01;35:*.asf=01;35:*.rm=01;35:*.rmvb=01;35:*.flc=01;35:*.avi=01;35:*.fli=01;35:*.flv=01;35:*.gl=01;35:*.dl=01;35:*.xcf=01;35:*.xwd=01;35:*.yuv=01;35:*.cgm=01;35:*.emf=01;35:*.ogv=01;35:*.ogx=01;35:*.aac=00;36:*.au=00;36:*.flac=00;36:*.m4a=00;36:*.mid=00;36:*.midi=00;36:*.mka=00;36:*.mp3=00;36:*.mpc=00;36:*.ogg=00;36:*.ra=00;36:*.wav=00;36:*.oga=00;36:*.opus=00;36:*.spx=00;36:*.xspf=00;36:'), ('GNOME_TERMINAL_SERVICE', ':1.120'), ('SSH_AGENT_LAUNCHER', 'gnome-keyring'), ('SSH_AUTH_SOCK', '/run/user/1000/keyring/ssh'), ('AMENT_PREFIX_PATH', '/opt/ros/humble'), ('SHELL', '/bin/bash'), ('LC_NAME', 'de_DE.UTF-8'), ('QT_ACCESSIBILITY', '1'), ('GDMSESSION', 'ubuntu'), ('LESSCLOSE', '/usr/bin/lesspipe %s %s'), ('LC_MEASUREMENT', 'de_DE.UTF-8'), ('LC_IDENTIFICATION', 'de_DE.UTF-8'), ('QT_IM_MODULE', 'ibus'), ('PWD', '/home/rahul/Mir_robot/build/hello_moveit_ur'), ('XDG_CONFIG_DIRS', '/etc/xdg/xdg-ubuntu:/etc/xdg'), ('XDG_DATA_DIRS', '/usr/share/ubuntu:/usr/local/share/:/usr/share/:/var/lib/snapd/desktop'), ('PYTHONPATH', '/opt/ros/humble/lib/python3.10/site-packages:/opt/ros/humble/local/lib/python3.10/dist-packages'), ('LC_NUMERIC', 'de_DE.UTF-8'), ('LC_PAPER', 'de_DE.UTF-8'), ('COLCON', '1'), ('VTE_VERSION', '6800'), ('CMAKE_PREFIX_PATH', '/opt/ros/humble')]), 'shell': False}
[16.861304] (-) TimerEvent: {}
[16.866008] (hello_moveit_ur) StdoutLine: {'line': b'[ 50%] \x1b[32mBuilding CXX object CMakeFiles/hello_moveit_ur.dir/src/hello_moveit_ur.cpp.o\x1b[0m\n'}
[16.961453] (-) TimerEvent: {}
[17.062011] (-) TimerEvent: {}
[17.099845] (mir_msgs) StdoutLine: {'line': b'[ 79%] Built target mir_msgs__py\n'}
[17.139567] (mir_msgs) StdoutLine: {'line': b'[ 81%] \x1b[32mBuilding C object CMakeFiles/mir_msgs__rosidl_generator_py.dir/rosidl_generator_py/mir_msgs/srv/_exec_mission_s.c.o\x1b[0m\n'}
[17.152258] (mir_msgs) StdoutLine: {'line': b'[ 83%] \x1b[32mBuilding C object CMakeFiles/mir_msgs__rosidl_generator_py.dir/rosidl_generator_py/mir_msgs/msg/_bms_data_s.c.o\x1b[0m\n'}
[17.152632] (mir_msgs) StdoutLine: {'line': b'[ 85%] \x1b[32mBuilding C object CMakeFiles/mir_msgs__rosidl_generator_py.dir/rosidl_generator_py/mir_msgs/msg/_battery_currents_s.c.o\x1b[0m\n'}
[17.165104] (-) TimerEvent: {}
[17.265472] (-) TimerEvent: {}
[17.365941] (-) TimerEvent: {}
[17.466674] (-) TimerEvent: {}
[17.503010] (mir_msgs) StdoutLine: {'line': b'[ 87%] \x1b[32m\x1b[1mLinking C shared library rosidl_generator_py/mir_msgs/libmir_msgs__rosidl_generator_py.so\x1b[0m\n'}
[17.503379] (ros2_aruco_interfaces) StdoutLine: {'line': b'[ 75%] Built target ros2_aruco_interfaces__py\n'}
[17.540653] (ros2_aruco_interfaces) StdoutLine: {'line': b'[ 78%] \x1b[32mBuilding C object CMakeFiles/ros2_aruco_interfaces__rosidl_generator_py.dir/rosidl_generator_py/ros2_aruco_interfaces/msg/_aruco_markers_s.c.o\x1b[0m\n'}
[17.569120] (-) TimerEvent: {}
[17.588695] (mir_msgs) StdoutLine: {'line': b'[ 87%] Built target mir_msgs__rosidl_generator_py\n'}
[17.640668] (mir_msgs) StdoutLine: {'line': b'[ 89%] \x1b[32mBuilding C object CMakeFiles/mir_msgs__rosidl_typesupport_c__pyext.dir/rosidl_generator_py/mir_msgs/_mir_msgs_s.ep.rosidl_typesupport_c.c.o\x1b[0m\n'}
[17.657189] (mir_msgs) StdoutLine: {'line': b'[ 91%] \x1b[32mBuilding C object CMakeFiles/mir_msgs__rosidl_typesupport_fastrtps_c__pyext.dir/rosidl_generator_py/mir_msgs/_mir_msgs_s.ep.rosidl_typesupport_fastrtps_c.c.o\x1b[0m\n'}
[17.661267] (mir_msgs) StdoutLine: {'line': b'[ 93%] \x1b[32mBuilding C object CMakeFiles/mir_msgs__rosidl_typesupport_introspection_c__pyext.dir/rosidl_generator_py/mir_msgs/_mir_msgs_s.ep.rosidl_typesupport_introspection_c.c.o\x1b[0m\n'}
[17.669231] (-) TimerEvent: {}
[17.769722] (-) TimerEvent: {}
[17.866922] (ros2_aruco_interfaces) StdoutLine: {'line': b'[ 81%] \x1b[32m\x1b[1mLinking C shared library rosidl_generator_py/ros2_aruco_interfaces/libros2_aruco_interfaces__rosidl_generator_py.so\x1b[0m\n'}
[17.870351] (-) TimerEvent: {}
[17.904464] (mir_msgs) StdoutLine: {'line': b'[ 95%] \x1b[32m\x1b[1mLinking C shared library rosidl_generator_py/mir_msgs/mir_msgs_s__rosidl_typesupport_c.cpython-310-x86_64-linux-gnu.so\x1b[0m\n'}
[17.970477] (-) TimerEvent: {}
[17.999629] (mir_msgs) StdoutLine: {'line': b'[ 95%] Built target mir_msgs__rosidl_typesupport_c__pyext\n'}
[18.007083] (mir_msgs) StdoutLine: {'line': b'[ 97%] \x1b[32m\x1b[1mLinking C shared library rosidl_generator_py/mir_msgs/mir_msgs_s__rosidl_typesupport_introspection_c.cpython-310-x86_64-linux-gnu.so\x1b[0m\n'}
[18.012932] (ros2_aruco_interfaces) StdoutLine: {'line': b'[ 81%] Built target ros2_aruco_interfaces__rosidl_generator_py\n'}
[18.045211] (mir_msgs) StdoutLine: {'line': b'[100%] \x1b[32m\x1b[1mLinking C shared library rosidl_generator_py/mir_msgs/mir_msgs_s__rosidl_typesupport_fastrtps_c.cpython-310-x86_64-linux-gnu.so\x1b[0m\n'}
[18.070591] (-) TimerEvent: {}
[18.080237] (ros2_aruco_interfaces) StdoutLine: {'line': b'[ 84%] \x1b[32mBuilding C object CMakeFiles/ros2_aruco_interfaces__rosidl_typesupport_c__pyext.dir/rosidl_generator_py/ros2_aruco_interfaces/_ros2_aruco_interfaces_s.ep.rosidl_typesupport_c.c.o\x1b[0m\n'}
[18.094470] (ros2_aruco_interfaces) StdoutLine: {'line': b'[ 90%] \x1b[32mBuilding C object CMakeFiles/ros2_aruco_interfaces__rosidl_typesupport_fastrtps_c__pyext.dir/rosidl_generator_py/ros2_aruco_interfaces/_ros2_aruco_interfaces_s.ep.rosidl_typesupport_fastrtps_c.c.o\x1b[0m\n'}
[18.094906] (ros2_aruco_interfaces) StdoutLine: {'line': b'[ 90%] \x1b[32mBuilding C object CMakeFiles/ros2_aruco_interfaces__rosidl_typesupport_introspection_c__pyext.dir/rosidl_generator_py/ros2_aruco_interfaces/_ros2_aruco_interfaces_s.ep.rosidl_typesupport_introspection_c.c.o\x1b[0m\n'}
[18.137623] (mir_msgs) StdoutLine: {'line': b'[100%] Built target mir_msgs__rosidl_typesupport_introspection_c__pyext\n'}
[18.170710] (-) TimerEvent: {}
[18.238945] (mir_msgs) StdoutLine: {'line': b'[100%] Built target mir_msgs__rosidl_typesupport_fastrtps_c__pyext\n'}
[18.270818] (-) TimerEvent: {}
[18.291306] (mir_msgs) CommandEnded: {'returncode': 0}
[18.291962] (mir_msgs) JobProgress: {'identifier': 'mir_msgs', 'progress': 'install'}
[18.292021] (mir_msgs) Command: {'cmd': ['/usr/bin/cmake', '--install', '/home/rahul/Mir_robot/build/mir_msgs'], 'cwd': '/home/rahul/Mir_robot/build/mir_msgs', 'env': OrderedDict([('LESSOPEN', '| /usr/bin/lesspipe %s'), ('USER', 'rahul'), ('LC_TIME', 'de_DE.UTF-8'), ('XDG_SESSION_TYPE', 'wayland'), ('SHLVL', '1'), ('LD_LIBRARY_PATH', '/usr/lib/x86_64-linux-gnu/gazebo-11/plugins:/opt/ros/humble/opt/rviz_ogre_vendor/lib:/opt/ros/humble/lib/x86_64-linux-gnu:/opt/ros/humble/lib'), ('HOME', '/home/rahul'), ('OLDPWD', '/home/rahul'), ('DESKTOP_SESSION', 'ubuntu'), ('ROS_PYTHON_VERSION', '3'), ('GNOME_SHELL_SESSION_MODE', 'ubuntu'), ('GTK_MODULES', 'gail:atk-bridge'), ('LC_MONETARY', 'de_DE.UTF-8'), ('SYSTEMD_EXEC_PID', '6479'), ('DBUS_SESSION_BUS_ADDRESS', 'unix:path=/run/user/1000/bus'), ('COLORTERM', 'truecolor'), ('IM_CONFIG_PHASE', '1'), ('WAYLAND_DISPLAY', 'wayland-0'), ('ROS_DISTRO', 'humble'), ('LOGNAME', 'rahul'), ('_', '/usr/bin/colcon'), ('ROS_VERSION', '2'), ('XDG_SESSION_CLASS', 'user'), ('USERNAME', 'rahul'), ('TERM', 'xterm-256color'), ('GNOME_DESKTOP_SESSION_ID', 'this-is-deprecated'), ('ROS_LOCALHOST_ONLY', '0'), ('PATH', '/opt/ros/humble/bin:/home/rahul/.local/bin:/usr/local/sbin:/usr/local/bin:/usr/sbin:/usr/bin:/sbin:/bin:/usr/games:/usr/local/games:/snap/bin:/snap/bin'), ('SESSION_MANAGER', 'local/rahul-Inspiron-5559:@/tmp/.ICE-unix/2054,unix/rahul-Inspiron-5559:/tmp/.ICE-unix/2054'), ('XDG_MENU_PREFIX', 'gnome-'), ('LC_ADDRESS', 'de_DE.UTF-8'), ('GNOME_TERMINAL_SCREEN', '/org/gnome/Terminal/screen/351eedeb_30dc_418d_b420_34c5a0c83961'), ('GNOME_SETUP_DISPLAY', ':1'), ('XDG_RUNTIME_DIR', '/run/user/1000'), ('DISPLAY', ':0'), ('LANG', 'en_US.UTF-8'), ('XDG_CURRENT_DESKTOP', 'ubuntu:GNOME'), ('LC_TELEPHONE', 'de_DE.UTF-8'), ('XMODIFIERS', '@im=ibus'), ('XDG_SESSION_DESKTOP', 'ubuntu'), ('XAUTHORITY', '/run/user/1000/.mutter-Xwaylandauth.VYRET3'), ('LS_COLORS', 'rs=0:di=01;34:ln=01;36:mh=00:pi=40;33:so=01;35:do=01;35:bd=40;33;01:cd=40;33;01:or=40;31;01:mi=00:su=37;41:sg=30;43:ca=30;41:tw=30;42:ow=34;42:st=37;44:ex=01;32:*.tar=01;31:*.tgz=01;31:*.arc=01;31:*.arj=01;31:*.taz=01;31:*.lha=01;31:*.lz4=01;31:*.lzh=01;31:*.lzma=01;31:*.tlz=01;31:*.txz=01;31:*.tzo=01;31:*.t7z=01;31:*.zip=01;31:*.z=01;31:*.dz=01;31:*.gz=01;31:*.lrz=01;31:*.lz=01;31:*.lzo=01;31:*.xz=01;31:*.zst=01;31:*.tzst=01;31:*.bz2=01;31:*.bz=01;31:*.tbz=01;31:*.tbz2=01;31:*.tz=01;31:*.deb=01;31:*.rpm=01;31:*.jar=01;31:*.war=01;31:*.ear=01;31:*.sar=01;31:*.rar=01;31:*.alz=01;31:*.ace=01;31:*.zoo=01;31:*.cpio=01;31:*.7z=01;31:*.rz=01;31:*.cab=01;31:*.wim=01;31:*.swm=01;31:*.dwm=01;31:*.esd=01;31:*.jpg=01;35:*.jpeg=01;35:*.mjpg=01;35:*.mjpeg=01;35:*.gif=01;35:*.bmp=01;35:*.pbm=01;35:*.pgm=01;35:*.ppm=01;35:*.tga=01;35:*.xbm=01;35:*.xpm=01;35:*.tif=01;35:*.tiff=01;35:*.png=01;35:*.svg=01;35:*.svgz=01;35:*.mng=01;35:*.pcx=01;35:*.mov=01;35:*.mpg=01;35:*.mpeg=01;35:*.m2v=01;35:*.mkv=01;35:*.webm=01;35:*.webp=01;35:*.ogm=01;35:*.mp4=01;35:*.m4v=01;35:*.mp4v=01;35:*.vob=01;35:*.qt=01;35:*.nuv=01;35:*.wmv=01;35:*.asf=01;35:*.rm=01;35:*.rmvb=01;35:*.flc=01;35:*.avi=01;35:*.fli=01;35:*.flv=01;35:*.gl=01;35:*.dl=01;35:*.xcf=01;35:*.xwd=01;35:*.yuv=01;35:*.cgm=01;35:*.emf=01;35:*.ogv=01;35:*.ogx=01;35:*.aac=00;36:*.au=00;36:*.flac=00;36:*.m4a=00;36:*.mid=00;36:*.midi=00;36:*.mka=00;36:*.mp3=00;36:*.mpc=00;36:*.ogg=00;36:*.ra=00;36:*.wav=00;36:*.oga=00;36:*.opus=00;36:*.spx=00;36:*.xspf=00;36:'), ('GNOME_TERMINAL_SERVICE', ':1.120'), ('SSH_AGENT_LAUNCHER', 'gnome-keyring'), ('SSH_AUTH_SOCK', '/run/user/1000/keyring/ssh'), ('AMENT_PREFIX_PATH', '/opt/ros/humble'), ('SHELL', '/bin/bash'), ('LC_NAME', 'de_DE.UTF-8'), ('QT_ACCESSIBILITY', '1'), ('GDMSESSION', 'ubuntu'), ('LESSCLOSE', '/usr/bin/lesspipe %s %s'), ('LC_MEASUREMENT', 'de_DE.UTF-8'), ('LC_IDENTIFICATION', 'de_DE.UTF-8'), ('QT_IM_MODULE', 'ibus'), ('PWD', '/home/rahul/Mir_robot/build/mir_msgs'), ('XDG_CONFIG_DIRS', '/etc/xdg/xdg-ubuntu:/etc/xdg'), ('XDG_DATA_DIRS', '/usr/share/ubuntu:/usr/local/share/:/usr/share/:/var/lib/snapd/desktop'), ('PYTHONPATH', '/opt/ros/humble/lib/python3.10/site-packages:/opt/ros/humble/local/lib/python3.10/dist-packages'), ('LC_NUMERIC', 'de_DE.UTF-8'), ('LC_PAPER', 'de_DE.UTF-8'), ('COLCON', '1'), ('VTE_VERSION', '6800'), ('CMAKE_PREFIX_PATH', '/opt/ros/humble')]), 'shell': False}
[18.316752] (mir_msgs) StdoutLine: {'line': b'-- Install configuration: ""\n'}
[18.317012] (mir_msgs) StdoutLine: {'line': b'-- Execute custom install script\n'}
[18.319199] (mir_msgs) StdoutLine: {'line': b'-- Symlinking: /home/rahul/Mir_robot/install/mir_msgs/share/ament_index/resource_index/rosidl_interfaces/mir_msgs\n'}
[18.348530] (mir_msgs) StdoutLine: {'line': b'-- Symlinking: /home/rahul/Mir_robot/install/mir_msgs/include/mir_msgs/mir_msgs/msg/battery_currents.h\n'}
[18.370942] (-) TimerEvent: {}
[18.374928] (ros2_aruco_interfaces) StdoutLine: {'line': b'[ 93%] \x1b[32m\x1b[1mLinking C shared library rosidl_generator_py/ros2_aruco_interfaces/ros2_aruco_interfaces_s__rosidl_typesupport_introspection_c.cpython-310-x86_64-linux-gnu.so\x1b[0m\n'}
[18.379914] (mir_msgs) StdoutLine: {'line': b'-- Symlinking: /home/rahul/Mir_robot/install/mir_msgs/include/mir_msgs/mir_msgs/msg/bms_data.h\n'}
[18.409509] (mir_msgs) StdoutLine: {'line': b'-- Symlinking: /home/rahul/Mir_robot/install/mir_msgs/include/mir_msgs/mir_msgs/msg/detail/battery_currents__functions.h\n'}
[18.444641] (mir_msgs) StdoutLine: {'line': b'-- Symlinking: /home/rahul/Mir_robot/install/mir_msgs/include/mir_msgs/mir_msgs/msg/detail/battery_currents__struct.h\n'}
[18.450634] (ros2_aruco_interfaces) StdoutLine: {'line': b'[ 96%] \x1b[32m\x1b[1mLinking C shared library rosidl_generator_py/ros2_aruco_interfaces/ros2_aruco_interfaces_s__rosidl_typesupport_c.cpython-310-x86_64-linux-gnu.so\x1b[0m\n'}
[18.471460] (-) TimerEvent: {}
[18.478116] (mir_msgs) StdoutLine: {'line': b'-- Symlinking: /home/rahul/Mir_robot/install/mir_msgs/include/mir_msgs/mir_msgs/msg/detail/battery_currents__type_support.h\n'}
[18.510492] (mir_msgs) StdoutLine: {'line': b'-- Symlinking: /home/rahul/Mir_robot/install/mir_msgs/include/mir_msgs/mir_msgs/msg/detail/bms_data__functions.h\n'}
[18.536400] (ros2_aruco_interfaces) StdoutLine: {'line': b'[100%] Built target ros2_aruco_interfaces__rosidl_typesupport_introspection_c__pyext\n'}
[18.537195] (ros2_aruco_interfaces) StdoutLine: {'line': b'[100%] \x1b[32m\x1b[1mLinking C shared library rosidl_generator_py/ros2_aruco_interfaces/ros2_aruco_interfaces_s__rosidl_typesupport_fastrtps_c.cpython-310-x86_64-linux-gnu.so\x1b[0m\n'}
[18.541161] (mir_msgs) StdoutLine: {'line': b'-- Symlinking: /home/rahul/Mir_robot/install/mir_msgs/include/mir_msgs/mir_msgs/msg/detail/bms_data__struct.h\n'}
[18.553146] (ros2_aruco_interfaces) StdoutLine: {'line': b'[100%] Built target ros2_aruco_interfaces__rosidl_typesupport_c__pyext\n'}
[18.562112] (mir_msgs) StdoutLine: {'line': b'-- Symlinking: /home/rahul/Mir_robot/install/mir_msgs/include/mir_msgs/mir_msgs/msg/detail/bms_data__type_support.h\n'}
[18.571576] (-) TimerEvent: {}
[18.578815] (mir_msgs) StdoutLine: {'line': b'-- Symlinking: /home/rahul/Mir_robot/install/mir_msgs/include/mir_msgs/mir_msgs/msg/rosidl_generator_c__visibility_control.h\n'}
[18.596532] (mir_msgs) StdoutLine: {'line': b'-- Symlinking: /home/rahul/Mir_robot/install/mir_msgs/include/mir_msgs/mir_msgs/srv/detail/exec_mission__functions.h\n'}
[18.612277] (mir_msgs) StdoutLine: {'line': b'-- Symlinking: /home/rahul/Mir_robot/install/mir_msgs/include/mir_msgs/mir_msgs/srv/detail/exec_mission__struct.h\n'}
[18.628519] (mir_msgs) StdoutLine: {'line': b'-- Symlinking: /home/rahul/Mir_robot/install/mir_msgs/include/mir_msgs/mir_msgs/srv/detail/exec_mission__type_support.h\n'}
[18.631013] (ros2_aruco_interfaces) StdoutLine: {'line': b'[100%] Built target ros2_aruco_interfaces__rosidl_typesupport_fastrtps_c__pyext\n'}
[18.646312] (mir_msgs) StdoutLine: {'line': b'-- Symlinking: /home/rahul/Mir_robot/install/mir_msgs/include/mir_msgs/mir_msgs/srv/exec_mission.h\n'}
[18.654479] (ros2_aruco_interfaces) CommandEnded: {'returncode': 0}
[18.661568] (ros2_aruco_interfaces) JobProgress: {'identifier': 'ros2_aruco_interfaces', 'progress': 'install'}
[18.661652] (ros2_aruco_interfaces) Command: {'cmd': ['/usr/bin/cmake', '--install', '/home/rahul/Mir_robot/build/ros2_aruco_interfaces'], 'cwd': '/home/rahul/Mir_robot/build/ros2_aruco_interfaces', 'env': OrderedDict([('LESSOPEN', '| /usr/bin/lesspipe %s'), ('USER', 'rahul'), ('LC_TIME', 'de_DE.UTF-8'), ('XDG_SESSION_TYPE', 'wayland'), ('SHLVL', '1'), ('LD_LIBRARY_PATH', '/usr/lib/x86_64-linux-gnu/gazebo-11/plugins:/opt/ros/humble/opt/rviz_ogre_vendor/lib:/opt/ros/humble/lib/x86_64-linux-gnu:/opt/ros/humble/lib'), ('HOME', '/home/rahul'), ('OLDPWD', '/home/rahul'), ('DESKTOP_SESSION', 'ubuntu'), ('ROS_PYTHON_VERSION', '3'), ('GNOME_SHELL_SESSION_MODE', 'ubuntu'), ('GTK_MODULES', 'gail:atk-bridge'), ('LC_MONETARY', 'de_DE.UTF-8'), ('SYSTEMD_EXEC_PID', '6479'), ('DBUS_SESSION_BUS_ADDRESS', 'unix:path=/run/user/1000/bus'), ('COLORTERM', 'truecolor'), ('IM_CONFIG_PHASE', '1'), ('WAYLAND_DISPLAY', 'wayland-0'), ('ROS_DISTRO', 'humble'), ('LOGNAME', 'rahul'), ('_', '/usr/bin/colcon'), ('ROS_VERSION', '2'), ('XDG_SESSION_CLASS', 'user'), ('USERNAME', 'rahul'), ('TERM', 'xterm-256color'), ('GNOME_DESKTOP_SESSION_ID', 'this-is-deprecated'), ('ROS_LOCALHOST_ONLY', '0'), ('PATH', '/opt/ros/humble/bin:/home/rahul/.local/bin:/usr/local/sbin:/usr/local/bin:/usr/sbin:/usr/bin:/sbin:/bin:/usr/games:/usr/local/games:/snap/bin:/snap/bin'), ('SESSION_MANAGER', 'local/rahul-Inspiron-5559:@/tmp/.ICE-unix/2054,unix/rahul-Inspiron-5559:/tmp/.ICE-unix/2054'), ('XDG_MENU_PREFIX', 'gnome-'), ('LC_ADDRESS', 'de_DE.UTF-8'), ('GNOME_TERMINAL_SCREEN', '/org/gnome/Terminal/screen/351eedeb_30dc_418d_b420_34c5a0c83961'), ('GNOME_SETUP_DISPLAY', ':1'), ('XDG_RUNTIME_DIR', '/run/user/1000'), ('DISPLAY', ':0'), ('LANG', 'en_US.UTF-8'), ('XDG_CURRENT_DESKTOP', 'ubuntu:GNOME'), ('LC_TELEPHONE', 'de_DE.UTF-8'), ('XMODIFIERS', '@im=ibus'), ('XDG_SESSION_DESKTOP', 'ubuntu'), ('XAUTHORITY', '/run/user/1000/.mutter-Xwaylandauth.VYRET3'), ('LS_COLORS', 'rs=0:di=01;34:ln=01;36:mh=00:pi=40;33:so=01;35:do=01;35:bd=40;33;01:cd=40;33;01:or=40;31;01:mi=00:su=37;41:sg=30;43:ca=30;41:tw=30;42:ow=34;42:st=37;44:ex=01;32:*.tar=01;31:*.tgz=01;31:*.arc=01;31:*.arj=01;31:*.taz=01;31:*.lha=01;31:*.lz4=01;31:*.lzh=01;31:*.lzma=01;31:*.tlz=01;31:*.txz=01;31:*.tzo=01;31:*.t7z=01;31:*.zip=01;31:*.z=01;31:*.dz=01;31:*.gz=01;31:*.lrz=01;31:*.lz=01;31:*.lzo=01;31:*.xz=01;31:*.zst=01;31:*.tzst=01;31:*.bz2=01;31:*.bz=01;31:*.tbz=01;31:*.tbz2=01;31:*.tz=01;31:*.deb=01;31:*.rpm=01;31:*.jar=01;31:*.war=01;31:*.ear=01;31:*.sar=01;31:*.rar=01;31:*.alz=01;31:*.ace=01;31:*.zoo=01;31:*.cpio=01;31:*.7z=01;31:*.rz=01;31:*.cab=01;31:*.wim=01;31:*.swm=01;31:*.dwm=01;31:*.esd=01;31:*.jpg=01;35:*.jpeg=01;35:*.mjpg=01;35:*.mjpeg=01;35:*.gif=01;35:*.bmp=01;35:*.pbm=01;35:*.pgm=01;35:*.ppm=01;35:*.tga=01;35:*.xbm=01;35:*.xpm=01;35:*.tif=01;35:*.tiff=01;35:*.png=01;35:*.svg=01;35:*.svgz=01;35:*.mng=01;35:*.pcx=01;35:*.mov=01;35:*.mpg=01;35:*.mpeg=01;35:*.m2v=01;35:*.mkv=01;35:*.webm=01;35:*.webp=01;35:*.ogm=01;35:*.mp4=01;35:*.m4v=01;35:*.mp4v=01;35:*.vob=01;35:*.qt=01;35:*.nuv=01;35:*.wmv=01;35:*.asf=01;35:*.rm=01;35:*.rmvb=01;35:*.flc=01;35:*.avi=01;35:*.fli=01;35:*.flv=01;35:*.gl=01;35:*.dl=01;35:*.xcf=01;35:*.xwd=01;35:*.yuv=01;35:*.cgm=01;35:*.emf=01;35:*.ogv=01;35:*.ogx=01;35:*.aac=00;36:*.au=00;36:*.flac=00;36:*.m4a=00;36:*.mid=00;36:*.midi=00;36:*.mka=00;36:*.mp3=00;36:*.mpc=00;36:*.ogg=00;36:*.ra=00;36:*.wav=00;36:*.oga=00;36:*.opus=00;36:*.spx=00;36:*.xspf=00;36:'), ('GNOME_TERMINAL_SERVICE', ':1.120'), ('SSH_AGENT_LAUNCHER', 'gnome-keyring'), ('SSH_AUTH_SOCK', '/run/user/1000/keyring/ssh'), ('AMENT_PREFIX_PATH', '/opt/ros/humble'), ('SHELL', '/bin/bash'), ('LC_NAME', 'de_DE.UTF-8'), ('QT_ACCESSIBILITY', '1'), ('GDMSESSION', 'ubuntu'), ('LESSCLOSE', '/usr/bin/lesspipe %s %s'), ('LC_MEASUREMENT', 'de_DE.UTF-8'), ('LC_IDENTIFICATION', 'de_DE.UTF-8'), ('QT_IM_MODULE', 'ibus'), ('PWD', '/home/rahul/Mir_robot/build/ros2_aruco_interfaces'), ('XDG_CONFIG_DIRS', '/etc/xdg/xdg-ubuntu:/etc/xdg'), ('XDG_DATA_DIRS', '/usr/share/ubuntu:/usr/local/share/:/usr/share/:/var/lib/snapd/desktop'), ('PYTHONPATH', '/opt/ros/humble/lib/python3.10/site-packages:/opt/ros/humble/local/lib/python3.10/dist-packages'), ('LC_NUMERIC', 'de_DE.UTF-8'), ('LC_PAPER', 'de_DE.UTF-8'), ('COLCON', '1'), ('VTE_VERSION', '6800'), ('CMAKE_PREFIX_PATH', '/opt/ros/humble')]), 'shell': False}
[18.671115] (mir_msgs) StdoutLine: {'line': b'-- Symlinking: /home/rahul/Mir_robot/install/mir_msgs/share/mir_msgs/environment/library_path.sh\n'}
[18.671651] (-) TimerEvent: {}
[18.675675] (ros2_aruco_interfaces) StdoutLine: {'line': b'-- Install configuration: ""\n'}
[18.676603] (ros2_aruco_interfaces) StdoutLine: {'line': b'-- Execute custom install script\n'}
[18.677171] (ros2_aruco_interfaces) StdoutLine: {'line': b'-- Symlinking: /home/rahul/Mir_robot/install/ros2_aruco_interfaces/share/ament_index/resource_index/rosidl_interfaces/ros2_aruco_interfaces\n'}
[18.685287] (mir_msgs) StdoutLine: {'line': b'-- Symlinking: /home/rahul/Mir_robot/install/mir_msgs/share/mir_msgs/environment/library_path.dsv\n'}
[18.694282] (ros2_aruco_interfaces) StdoutLine: {'line': b'-- Symlinking: /home/rahul/Mir_robot/install/ros2_aruco_interfaces/include/ros2_aruco_interfaces/ros2_aruco_interfaces/msg/aruco_markers.h\n'}
[18.708685] (mir_msgs) StdoutLine: {'line': b'-- Symlinking: /home/rahul/Mir_robot/install/mir_msgs/include/mir_msgs/mir_msgs/msg/detail/battery_currents__rosidl_typesupport_fastrtps_c.h\n'}
[18.711317] (ros2_aruco_interfaces) StdoutLine: {'line': b'-- Symlinking: /home/rahul/Mir_robot/install/ros2_aruco_interfaces/include/ros2_aruco_interfaces/ros2_aruco_interfaces/msg/detail/aruco_markers__functions.h\n'}
[18.724711] (ros2_aruco_interfaces) StdoutLine: {'line': b'-- Symlinking: /home/rahul/Mir_robot/install/ros2_aruco_interfaces/include/ros2_aruco_interfaces/ros2_aruco_interfaces/msg/detail/aruco_markers__struct.h\n'}
[18.724967] (mir_msgs) StdoutLine: {'line': b'-- Symlinking: /home/rahul/Mir_robot/install/mir_msgs/include/mir_msgs/mir_msgs/msg/detail/bms_data__rosidl_typesupport_fastrtps_c.h\n'}
[18.741855] (mir_msgs) StdoutLine: {'line': b'-- Symlinking: /home/rahul/Mir_robot/install/mir_msgs/include/mir_msgs/mir_msgs/msg/rosidl_typesupport_fastrtps_c__visibility_control.h\n'}
[18.742214] (ros2_aruco_interfaces) StdoutLine: {'line': b'-- Symlinking: /home/rahul/Mir_robot/install/ros2_aruco_interfaces/include/ros2_aruco_interfaces/ros2_aruco_interfaces/msg/detail/aruco_markers__type_support.h\n'}
[18.757245] (mir_msgs) StdoutLine: {'line': b'-- Symlinking: /home/rahul/Mir_robot/install/mir_msgs/include/mir_msgs/mir_msgs/srv/detail/exec_mission__rosidl_typesupport_fastrtps_c.h\n'}
[18.761141] (ros2_aruco_interfaces) StdoutLine: {'line': b'-- Symlinking: /home/rahul/Mir_robot/install/ros2_aruco_interfaces/include/ros2_aruco_interfaces/ros2_aruco_interfaces/msg/rosidl_generator_c__visibility_control.h\n'}
[18.771777] (-) TimerEvent: {}
[18.774889] (ros2_aruco_interfaces) StdoutLine: {'line': b'-- Symlinking: /home/rahul/Mir_robot/install/ros2_aruco_interfaces/share/ros2_aruco_interfaces/environment/library_path.sh\n'}
[18.775138] (mir_msgs) StdoutLine: {'line': b'-- Symlinking: /home/rahul/Mir_robot/install/mir_msgs/include/mir_msgs/mir_msgs/msg/battery_currents.hpp\n'}
[18.789761] (mir_msgs) StdoutLine: {'line': b'-- Symlinking: /home/rahul/Mir_robot/install/mir_msgs/include/mir_msgs/mir_msgs/msg/bms_data.hpp\n'}
[18.790558] (ros2_aruco_interfaces) StdoutLine: {'line': b'-- Symlinking: /home/rahul/Mir_robot/install/ros2_aruco_interfaces/share/ros2_aruco_interfaces/environment/library_path.dsv\n'}
[18.806681] (mir_msgs) StdoutLine: {'line': b'-- Symlinking: /home/rahul/Mir_robot/install/mir_msgs/include/mir_msgs/mir_msgs/msg/detail/battery_currents__builder.hpp\n'}
[18.807124] (ros2_aruco_interfaces) StdoutLine: {'line': b'-- Symlinking: /home/rahul/Mir_robot/install/ros2_aruco_interfaces/include/ros2_aruco_interfaces/ros2_aruco_interfaces/msg/detail/aruco_markers__rosidl_typesupport_fastrtps_c.h\n'}
[18.823675] (mir_msgs) StdoutLine: {'line': b'-- Symlinking: /home/rahul/Mir_robot/install/mir_msgs/include/mir_msgs/mir_msgs/msg/detail/battery_currents__struct.hpp\n'}
[18.823935] (ros2_aruco_interfaces) StdoutLine: {'line': b'-- Symlinking: /home/rahul/Mir_robot/install/ros2_aruco_interfaces/include/ros2_aruco_interfaces/ros2_aruco_interfaces/msg/rosidl_typesupport_fastrtps_c__visibility_control.h\n'}
[18.839315] (mir_msgs) StdoutLine: {'line': b'-- Symlinking: /home/rahul/Mir_robot/install/mir_msgs/include/mir_msgs/mir_msgs/msg/detail/battery_currents__traits.hpp\n'}
[18.839718] (ros2_aruco_interfaces) StdoutLine: {'line': b'-- Symlinking: /home/rahul/Mir_robot/install/ros2_aruco_interfaces/include/ros2_aruco_interfaces/ros2_aruco_interfaces/msg/aruco_markers.hpp\n'}
[18.853535] (mir_msgs) StdoutLine: {'line': b'-- Symlinking: /home/rahul/Mir_robot/install/mir_msgs/include/mir_msgs/mir_msgs/msg/detail/battery_currents__type_support.hpp\n'}
[18.856155] (ros2_aruco_interfaces) StdoutLine: {'line': b'-- Symlinking: /home/rahul/Mir_robot/install/ros2_aruco_interfaces/include/ros2_aruco_interfaces/ros2_aruco_interfaces/msg/detail/aruco_markers__builder.hpp\n'}
[18.871691] (mir_msgs) StdoutLine: {'line': b'-- Symlinking: /home/rahul/Mir_robot/install/mir_msgs/include/mir_msgs/mir_msgs/msg/detail/bms_data__builder.hpp\n'}
[18.871978] (-) TimerEvent: {}
[18.873411] (ros2_aruco_interfaces) StdoutLine: {'line': b'-- Symlinking: /home/rahul/Mir_robot/install/ros2_aruco_interfaces/include/ros2_aruco_interfaces/ros2_aruco_interfaces/msg/detail/aruco_markers__struct.hpp\n'}
[18.889208] (mir_msgs) StdoutLine: {'line': b'-- Symlinking: /home/rahul/Mir_robot/install/mir_msgs/include/mir_msgs/mir_msgs/msg/detail/bms_data__struct.hpp\n'}
[18.889493] (ros2_aruco_interfaces) StdoutLine: {'line': b'-- Symlinking: /home/rahul/Mir_robot/install/ros2_aruco_interfaces/include/ros2_aruco_interfaces/ros2_aruco_interfaces/msg/detail/aruco_markers__traits.hpp\n'}
[18.905541] (mir_msgs) StdoutLine: {'line': b'-- Symlinking: /home/rahul/Mir_robot/install/mir_msgs/include/mir_msgs/mir_msgs/msg/detail/bms_data__traits.hpp\n'}
[18.905818] (ros2_aruco_interfaces) StdoutLine: {'line': b'-- Symlinking: /home/rahul/Mir_robot/install/ros2_aruco_interfaces/include/ros2_aruco_interfaces/ros2_aruco_interfaces/msg/detail/aruco_markers__type_support.hpp\n'}
[18.922136] (ros2_aruco_interfaces) StdoutLine: {'line': b'-- Symlinking: /home/rahul/Mir_robot/install/ros2_aruco_interfaces/include/ros2_aruco_interfaces/ros2_aruco_interfaces/msg/rosidl_generator_cpp__visibility_control.hpp\n'}
[18.922835] (mir_msgs) StdoutLine: {'line': b'-- Symlinking: /home/rahul/Mir_robot/install/mir_msgs/include/mir_msgs/mir_msgs/msg/detail/bms_data__type_support.hpp\n'}
[18.938784] (mir_msgs) StdoutLine: {'line': b'-- Symlinking: /home/rahul/Mir_robot/install/mir_msgs/include/mir_msgs/mir_msgs/msg/rosidl_generator_cpp__visibility_control.hpp\n'}
[18.939140] (ros2_aruco_interfaces) StdoutLine: {'line': b'-- Symlinking: /home/rahul/Mir_robot/install/ros2_aruco_interfaces/include/ros2_aruco_interfaces/ros2_aruco_interfaces/msg/detail/aruco_markers__rosidl_typesupport_fastrtps_cpp.hpp\n'}
[18.955425] (mir_msgs) StdoutLine: {'line': b'-- Symlinking: /home/rahul/Mir_robot/install/mir_msgs/include/mir_msgs/mir_msgs/srv/detail/exec_mission__builder.hpp\n'}
[18.955747] (ros2_aruco_interfaces) StdoutLine: {'line': b'-- Symlinking: /home/rahul/Mir_robot/install/ros2_aruco_interfaces/include/ros2_aruco_interfaces/ros2_aruco_interfaces/msg/rosidl_typesupport_fastrtps_cpp__visibility_control.h\n'}
[18.972334] (-) TimerEvent: {}
[18.972752] (ros2_aruco_interfaces) StdoutLine: {'line': b'-- Symlinking: /home/rahul/Mir_robot/install/ros2_aruco_interfaces/include/ros2_aruco_interfaces/ros2_aruco_interfaces/msg/detail/aruco_markers__rosidl_typesupport_introspection_c.h\n'}
[18.973011] (mir_msgs) StdoutLine: {'line': b'-- Symlinking: /home/rahul/Mir_robot/install/mir_msgs/include/mir_msgs/mir_msgs/srv/detail/exec_mission__struct.hpp\n'}
[18.989212] (mir_msgs) StdoutLine: {'line': b'-- Symlinking: /home/rahul/Mir_robot/install/mir_msgs/include/mir_msgs/mir_msgs/srv/detail/exec_mission__traits.hpp\n'}
[18.989547] (ros2_aruco_interfaces) StdoutLine: {'line': b'-- Symlinking: /home/rahul/Mir_robot/install/ros2_aruco_interfaces/include/ros2_aruco_interfaces/ros2_aruco_interfaces/msg/rosidl_typesupport_introspection_c__visibility_control.h\n'}
[19.006470] (mir_msgs) StdoutLine: {'line': b'-- Symlinking: /home/rahul/Mir_robot/install/mir_msgs/include/mir_msgs/mir_msgs/srv/detail/exec_mission__type_support.hpp\n'}
[19.007758] (ros2_aruco_interfaces) StdoutLine: {'line': b'-- Symlinking: /home/rahul/Mir_robot/install/ros2_aruco_interfaces/include/ros2_aruco_interfaces/ros2_aruco_interfaces/msg/detail/aruco_markers__rosidl_typesupport_introspection_cpp.hpp\n'}
[19.024622] (mir_msgs) StdoutLine: {'line': b'-- Symlinking: /home/rahul/Mir_robot/install/mir_msgs/include/mir_msgs/mir_msgs/srv/exec_mission.hpp\n'}
[19.025205] (ros2_aruco_interfaces) StdoutLine: {'line': b'-- Symlinking: /home/rahul/Mir_robot/install/ros2_aruco_interfaces/share/ros2_aruco_interfaces/environment/pythonpath.sh\n'}
[19.042051] (mir_msgs) StdoutLine: {'line': b'-- Symlinking: /home/rahul/Mir_robot/install/mir_msgs/include/mir_msgs/mir_msgs/msg/detail/battery_currents__rosidl_typesupport_fastrtps_cpp.hpp\n'}
[19.043136] (ros2_aruco_interfaces) StdoutLine: {'line': b'-- Symlinking: /home/rahul/Mir_robot/install/ros2_aruco_interfaces/share/ros2_aruco_interfaces/environment/pythonpath.dsv\n'}
[19.058262] (mir_msgs) StdoutLine: {'line': b'-- Symlinking: /home/rahul/Mir_robot/install/mir_msgs/include/mir_msgs/mir_msgs/msg/detail/bms_data__rosidl_typesupport_fastrtps_cpp.hpp\n'}
[19.059541] (ros2_aruco_interfaces) StdoutLine: {'line': b'-- Symlinking: /home/rahul/Mir_robot/install/ros2_aruco_interfaces/local/lib/python3.10/dist-packages/ros2_aruco_interfaces-0.1.0-py3.10.egg-info/PKG-INFO\n'}
[19.072763] (-) TimerEvent: {}
[19.074886] (mir_msgs) StdoutLine: {'line': b'-- Symlinking: /home/rahul/Mir_robot/install/mir_msgs/include/mir_msgs/mir_msgs/msg/rosidl_typesupport_fastrtps_cpp__visibility_control.h\n'}
[19.075307] (ros2_aruco_interfaces) StdoutLine: {'line': b'-- Symlinking: /home/rahul/Mir_robot/install/ros2_aruco_interfaces/local/lib/python3.10/dist-packages/ros2_aruco_interfaces-0.1.0-py3.10.egg-info/SOURCES.txt\n'}
[19.091269] (mir_msgs) StdoutLine: {'line': b'-- Symlinking: /home/rahul/Mir_robot/install/mir_msgs/include/mir_msgs/mir_msgs/srv/detail/exec_mission__rosidl_typesupport_fastrtps_cpp.hpp\n'}
[19.092241] (ros2_aruco_interfaces) StdoutLine: {'line': b'-- Symlinking: /home/rahul/Mir_robot/install/ros2_aruco_interfaces/local/lib/python3.10/dist-packages/ros2_aruco_interfaces-0.1.0-py3.10.egg-info/dependency_links.txt\n'}
[19.108124] (ros2_aruco_interfaces) StdoutLine: {'line': b'-- Symlinking: /home/rahul/Mir_robot/install/ros2_aruco_interfaces/local/lib/python3.10/dist-packages/ros2_aruco_interfaces-0.1.0-py3.10.egg-info/top_level.txt\n'}
[19.111832] (mir_msgs) StdoutLine: {'line': b'-- Symlinking: /home/rahul/Mir_robot/install/mir_msgs/include/mir_msgs/mir_msgs/msg/detail/battery_currents__rosidl_typesupport_introspection_c.h\n'}
[19.127061] (ros2_aruco_interfaces) StdoutLine: {'line': b'-- Symlinking: /home/rahul/Mir_robot/install/ros2_aruco_interfaces/local/lib/python3.10/dist-packages/ros2_aruco_interfaces/__init__.py\n'}
[19.131113] (mir_msgs) StdoutLine: {'line': b'-- Symlinking: /home/rahul/Mir_robot/install/mir_msgs/include/mir_msgs/mir_msgs/msg/detail/bms_data__rosidl_typesupport_introspection_c.h\n'}
[19.144768] (mir_msgs) StdoutLine: {'line': b'-- Symlinking: /home/rahul/Mir_robot/install/mir_msgs/include/mir_msgs/mir_msgs/msg/rosidl_typesupport_introspection_c__visibility_control.h\n'}
[19.144988] (ros2_aruco_interfaces) StdoutLine: {'line': b'-- Symlinking: /home/rahul/Mir_robot/install/ros2_aruco_interfaces/local/lib/python3.10/dist-packages/ros2_aruco_interfaces/_ros2_aruco_interfaces_s.ep.rosidl_typesupport_c.c\n'}
[19.161395] (mir_msgs) StdoutLine: {'line': b'-- Symlinking: /home/rahul/Mir_robot/install/mir_msgs/include/mir_msgs/mir_msgs/srv/detail/exec_mission__rosidl_typesupport_introspection_c.h\n'}
[19.161767] (ros2_aruco_interfaces) StdoutLine: {'line': b'-- Symlinking: /home/rahul/Mir_robot/install/ros2_aruco_interfaces/local/lib/python3.10/dist-packages/ros2_aruco_interfaces/_ros2_aruco_interfaces_s.ep.rosidl_typesupport_fastrtps_c.c\n'}
[19.175120] (-) TimerEvent: {}
[19.177292] (ros2_aruco_interfaces) StdoutLine: {'line': b'-- Symlinking: /home/rahul/Mir_robot/install/ros2_aruco_interfaces/local/lib/python3.10/dist-packages/ros2_aruco_interfaces/_ros2_aruco_interfaces_s.ep.rosidl_typesupport_introspection_c.c\n'}
[19.178601] (mir_msgs) StdoutLine: {'line': b'-- Symlinking: /home/rahul/Mir_robot/install/mir_msgs/include/mir_msgs/mir_msgs/msg/detail/battery_currents__rosidl_typesupport_introspection_cpp.hpp\n'}
[19.194668] (ros2_aruco_interfaces) StdoutLine: {'line': b'-- Symlinking: /home/rahul/Mir_robot/install/ros2_aruco_interfaces/local/lib/python3.10/dist-packages/ros2_aruco_interfaces/libros2_aruco_interfaces__rosidl_generator_py.so\n'}
[19.196187] (mir_msgs) StdoutLine: {'line': b'-- Symlinking: /home/rahul/Mir_robot/install/mir_msgs/include/mir_msgs/mir_msgs/msg/detail/bms_data__rosidl_typesupport_introspection_cpp.hpp\n'}
[19.215103] (mir_msgs) StdoutLine: {'line': b'-- Symlinking: /home/rahul/Mir_robot/install/mir_msgs/include/mir_msgs/mir_msgs/srv/detail/exec_mission__rosidl_typesupport_introspection_cpp.hpp\n'}
[19.219225] (ros2_aruco_interfaces) StdoutLine: {'line': b'-- Symlinking: /home/rahul/Mir_robot/install/ros2_aruco_interfaces/local/lib/python3.10/dist-packages/ros2_aruco_interfaces/msg/__init__.py\n'}
[19.232560] (mir_msgs) StdoutLine: {'line': b'-- Symlinking: /home/rahul/Mir_robot/install/mir_msgs/share/mir_msgs/environment/pythonpath.sh\n'}
[19.235191] (ros2_aruco_interfaces) StdoutLine: {'line': b'-- Symlinking: /home/rahul/Mir_robot/install/ros2_aruco_interfaces/local/lib/python3.10/dist-packages/ros2_aruco_interfaces/msg/_aruco_markers.py\n'}
[19.250134] (mir_msgs) StdoutLine: {'line': b'-- Symlinking: /home/rahul/Mir_robot/install/mir_msgs/share/mir_msgs/environment/pythonpath.dsv\n'}
[19.254352] (ros2_aruco_interfaces) StdoutLine: {'line': b'-- Symlinking: /home/rahul/Mir_robot/install/ros2_aruco_interfaces/local/lib/python3.10/dist-packages/ros2_aruco_interfaces/msg/_aruco_markers_s.c\n'}
[19.267438] (mir_msgs) StdoutLine: {'line': b'-- Symlinking: /home/rahul/Mir_robot/install/mir_msgs/local/lib/python3.10/dist-packages/mir_msgs-1.1.1-py3.10.egg-info/PKG-INFO\n'}
[19.273119] (ros2_aruco_interfaces) StdoutLine: {'line': b'-- Symlinking: /home/rahul/Mir_robot/install/ros2_aruco_interfaces/local/lib/python3.10/dist-packages/ros2_aruco_interfaces/ros2_aruco_interfaces_s__rosidl_typesupport_c.cpython-310-x86_64-linux-gnu.so\n'}
[19.275226] (-) TimerEvent: {}
[19.284980] (mir_msgs) StdoutLine: {'line': b'-- Symlinking: /home/rahul/Mir_robot/install/mir_msgs/local/lib/python3.10/dist-packages/mir_msgs-1.1.1-py3.10.egg-info/SOURCES.txt\n'}
[19.290133] (ros2_aruco_interfaces) StdoutLine: {'line': b'-- Symlinking: /home/rahul/Mir_robot/install/ros2_aruco_interfaces/local/lib/python3.10/dist-packages/ros2_aruco_interfaces/ros2_aruco_interfaces_s__rosidl_typesupport_fastrtps_c.cpython-310-x86_64-linux-gnu.so\n'}
[19.302160] (mir_msgs) StdoutLine: {'line': b'-- Symlinking: /home/rahul/Mir_robot/install/mir_msgs/local/lib/python3.10/dist-packages/mir_msgs-1.1.1-py3.10.egg-info/dependency_links.txt\n'}
[19.308794] (ros2_aruco_interfaces) StdoutLine: {'line': b'-- Symlinking: /home/rahul/Mir_robot/install/ros2_aruco_interfaces/local/lib/python3.10/dist-packages/ros2_aruco_interfaces/ros2_aruco_interfaces_s__rosidl_typesupport_introspection_c.cpython-310-x86_64-linux-gnu.so\n'}
[19.321857] (mir_msgs) StdoutLine: {'line': b'-- Symlinking: /home/rahul/Mir_robot/install/mir_msgs/local/lib/python3.10/dist-packages/mir_msgs-1.1.1-py3.10.egg-info/top_level.txt\n'}
[19.326163] (ros2_aruco_interfaces) StdoutLine: {'line': b'-- Up-to-date symlink: /home/rahul/Mir_robot/install/ros2_aruco_interfaces/local/lib/python3.10/dist-packages/ros2_aruco_interfaces/ros2_aruco_interfaces_s__rosidl_typesupport_fastrtps_c.cpython-310-x86_64-linux-gnu.so\n'}
[19.326663] (ros2_aruco_interfaces) StdoutLine: {'line': b'-- Up-to-date symlink: /home/rahul/Mir_robot/install/ros2_aruco_interfaces/local/lib/python3.10/dist-packages/ros2_aruco_interfaces/ros2_aruco_interfaces_s__rosidl_typesupport_introspection_c.cpython-310-x86_64-linux-gnu.so\n'}
[19.327258] (ros2_aruco_interfaces) StdoutLine: {'line': b'-- Up-to-date symlink: /home/rahul/Mir_robot/install/ros2_aruco_interfaces/local/lib/python3.10/dist-packages/ros2_aruco_interfaces/ros2_aruco_interfaces_s__rosidl_typesupport_c.cpython-310-x86_64-linux-gnu.so\n'}
[19.327639] (ros2_aruco_interfaces) StdoutLine: {'line': b'-- Symlinking: /home/rahul/Mir_robot/install/ros2_aruco_interfaces/share/ament_index/resource_index/rust_packages/ros2_aruco_interfaces\n'}
[19.342012] (mir_msgs) StdoutLine: {'line': b'-- Symlinking: /home/rahul/Mir_robot/install/mir_msgs/local/lib/python3.10/dist-packages/mir_msgs/__init__.py\n'}
[19.345306] (ros2_aruco_interfaces) StdoutLine: {'line': b'-- Symlinking: /home/rahul/Mir_robot/install/ros2_aruco_interfaces/share/ros2_aruco_interfaces/rust/Cargo.toml\n'}
[19.358564] (mir_msgs) StdoutLine: {'line': b'-- Symlinking: /home/rahul/Mir_robot/install/mir_msgs/local/lib/python3.10/dist-packages/mir_msgs/_mir_msgs_s.ep.rosidl_typesupport_c.c\n'}
[19.362622] (ros2_aruco_interfaces) StdoutLine: {'line': b'-- Symlinking: /home/rahul/Mir_robot/install/ros2_aruco_interfaces/share/ros2_aruco_interfaces/rust/build.rs\n'}
[19.375329] (mir_msgs) StdoutLine: {'line': b'-- Symlinking: /home/rahul/Mir_robot/install/mir_msgs/local/lib/python3.10/dist-packages/mir_msgs/_mir_msgs_s.ep.rosidl_typesupport_fastrtps_c.c\n'}
[19.375570] (-) TimerEvent: {}
[19.379734] (ros2_aruco_interfaces) StdoutLine: {'line': b'-- Symlinking: /home/rahul/Mir_robot/install/ros2_aruco_interfaces/share/ros2_aruco_interfaces/rust/src/lib.rs\n'}
[19.395255] (mir_msgs) StdoutLine: {'line': b'-- Symlinking: /home/rahul/Mir_robot/install/mir_msgs/local/lib/python3.10/dist-packages/mir_msgs/_mir_msgs_s.ep.rosidl_typesupport_introspection_c.c\n'}
[19.396225] (ros2_aruco_interfaces) StdoutLine: {'line': b'-- Symlinking: /home/rahul/Mir_robot/install/ros2_aruco_interfaces/share/ros2_aruco_interfaces/rust/src/msg.rs\n'}
[19.411714] (mir_msgs) StdoutLine: {'line': b'-- Symlinking: /home/rahul/Mir_robot/install/mir_msgs/local/lib/python3.10/dist-packages/mir_msgs/libmir_msgs__rosidl_generator_py.so\n'}
[19.423294] (ros2_aruco_interfaces) StdoutLine: {'line': b'-- Symlinking: /home/rahul/Mir_robot/install/ros2_aruco_interfaces/share/ros2_aruco_interfaces/rust/src/msg/rmw.rs\n'}
[19.429592] (mir_msgs) StdoutLine: {'line': b'-- Symlinking: /home/rahul/Mir_robot/install/mir_msgs/local/lib/python3.10/dist-packages/mir_msgs/mir_msgs_s__rosidl_typesupport_c.cpython-310-x86_64-linux-gnu.so\n'}
[19.441928] (ros2_aruco_interfaces) StdoutLine: {'line': b'-- Symlinking: /home/rahul/Mir_robot/install/ros2_aruco_interfaces/share/ros2_aruco_interfaces/msg/ArucoMarkers.idl\n'}
[19.445467] (mir_msgs) StdoutLine: {'line': b'-- Symlinking: /home/rahul/Mir_robot/install/mir_msgs/local/lib/python3.10/dist-packages/mir_msgs/mir_msgs_s__rosidl_typesupport_fastrtps_c.cpython-310-x86_64-linux-gnu.so\n'}
[19.459089] (ros2_aruco_interfaces) StdoutLine: {'line': b'-- Symlinking: /home/rahul/Mir_robot/install/ros2_aruco_interfaces/share/ros2_aruco_interfaces/msg/ArucoMarkers.msg\n'}
[19.464124] (mir_msgs) StdoutLine: {'line': b'-- Symlinking: /home/rahul/Mir_robot/install/mir_msgs/local/lib/python3.10/dist-packages/mir_msgs/mir_msgs_s__rosidl_typesupport_introspection_c.cpython-310-x86_64-linux-gnu.so\n'}
[19.475702] (-) TimerEvent: {}
[19.476900] (ros2_aruco_interfaces) StdoutLine: {'line': b'-- Symlinking: /home/rahul/Mir_robot/install/ros2_aruco_interfaces/share/ament_index/resource_index/package_run_dependencies/ros2_aruco_interfaces\n'}
[19.477922] (mir_msgs) StdoutLine: {'line': b'-- Symlinking: /home/rahul/Mir_robot/install/mir_msgs/local/lib/python3.10/dist-packages/mir_msgs/msg/__init__.py\n'}
[19.493870] (ros2_aruco_interfaces) StdoutLine: {'line': b'-- Symlinking: /home/rahul/Mir_robot/install/ros2_aruco_interfaces/share/ament_index/resource_index/parent_prefix_path/ros2_aruco_interfaces\n'}
[19.494426] (mir_msgs) StdoutLine: {'line': b'-- Symlinking: /home/rahul/Mir_robot/install/mir_msgs/local/lib/python3.10/dist-packages/mir_msgs/msg/_battery_currents.py\n'}
[19.513605] (mir_msgs) StdoutLine: {'line': b'-- Symlinking: /home/rahul/Mir_robot/install/mir_msgs/local/lib/python3.10/dist-packages/mir_msgs/msg/_battery_currents_s.c\n'}
[19.513861] (ros2_aruco_interfaces) StdoutLine: {'line': b'-- Symlinking: /home/rahul/Mir_robot/install/ros2_aruco_interfaces/share/ros2_aruco_interfaces/environment/ament_prefix_path.sh\n'}
[19.530056] (mir_msgs) StdoutLine: {'line': b'-- Symlinking: /home/rahul/Mir_robot/install/mir_msgs/local/lib/python3.10/dist-packages/mir_msgs/msg/_bms_data.py\n'}
[19.530299] (ros2_aruco_interfaces) StdoutLine: {'line': b'-- Symlinking: /home/rahul/Mir_robot/install/ros2_aruco_interfaces/share/ros2_aruco_interfaces/environment/ament_prefix_path.dsv\n'}
[19.545640] (mir_msgs) StdoutLine: {'line': b'-- Symlinking: /home/rahul/Mir_robot/install/mir_msgs/local/lib/python3.10/dist-packages/mir_msgs/msg/_bms_data_s.c\n'}
[19.546739] (ros2_aruco_interfaces) StdoutLine: {'line': b'-- Symlinking: /home/rahul/Mir_robot/install/ros2_aruco_interfaces/share/ros2_aruco_interfaces/environment/path.sh\n'}
[19.561643] (mir_msgs) StdoutLine: {'line': b'-- Symlinking: /home/rahul/Mir_robot/install/mir_msgs/local/lib/python3.10/dist-packages/mir_msgs/srv/__init__.py\n'}
[19.563068] (ros2_aruco_interfaces) StdoutLine: {'line': b'-- Symlinking: /home/rahul/Mir_robot/install/ros2_aruco_interfaces/share/ros2_aruco_interfaces/environment/path.dsv\n'}
[19.578000] (-) TimerEvent: {}
[19.578357] (mir_msgs) StdoutLine: {'line': b'-- Symlinking: /home/rahul/Mir_robot/install/mir_msgs/local/lib/python3.10/dist-packages/mir_msgs/srv/_exec_mission.py\n'}
[19.579521] (ros2_aruco_interfaces) StdoutLine: {'line': b'-- Symlinking: /home/rahul/Mir_robot/install/ros2_aruco_interfaces/share/ros2_aruco_interfaces/local_setup.bash\n'}
[19.592148] (mir_msgs) StdoutLine: {'line': b'-- Symlinking: /home/rahul/Mir_robot/install/mir_msgs/local/lib/python3.10/dist-packages/mir_msgs/srv/_exec_mission_s.c\n'}
[19.597065] (ros2_aruco_interfaces) StdoutLine: {'line': b'-- Symlinking: /home/rahul/Mir_robot/install/ros2_aruco_interfaces/share/ros2_aruco_interfaces/local_setup.sh\n'}
[19.608433] (mir_msgs) StdoutLine: {'line': b'-- Up-to-date symlink: /home/rahul/Mir_robot/install/mir_msgs/local/lib/python3.10/dist-packages/mir_msgs/mir_msgs_s__rosidl_typesupport_fastrtps_c.cpython-310-x86_64-linux-gnu.so\n'}
[19.608872] (mir_msgs) StdoutLine: {'line': b'-- Up-to-date symlink: /home/rahul/Mir_robot/install/mir_msgs/local/lib/python3.10/dist-packages/mir_msgs/mir_msgs_s__rosidl_typesupport_introspection_c.cpython-310-x86_64-linux-gnu.so\n'}
[19.610581] (mir_msgs) StdoutLine: {'line': b'-- Up-to-date symlink: /home/rahul/Mir_robot/install/mir_msgs/local/lib/python3.10/dist-packages/mir_msgs/mir_msgs_s__rosidl_typesupport_c.cpython-310-x86_64-linux-gnu.so\n'}
[19.611874] (mir_msgs) StdoutLine: {'line': b'-- Symlinking: /home/rahul/Mir_robot/install/mir_msgs/share/ament_index/resource_index/rust_packages/mir_msgs\n'}
[19.618411] (ros2_aruco_interfaces) StdoutLine: {'line': b'-- Symlinking: /home/rahul/Mir_robot/install/ros2_aruco_interfaces/share/ros2_aruco_interfaces/local_setup.zsh\n'}
[19.629320] (mir_msgs) StdoutLine: {'line': b'-- Symlinking: /home/rahul/Mir_robot/install/mir_msgs/share/mir_msgs/rust/Cargo.toml\n'}
[19.635262] (ros2_aruco_interfaces) StdoutLine: {'line': b'-- Symlinking: /home/rahul/Mir_robot/install/ros2_aruco_interfaces/share/ros2_aruco_interfaces/local_setup.dsv\n'}
[19.645130] (mir_msgs) StdoutLine: {'line': b'-- Symlinking: /home/rahul/Mir_robot/install/mir_msgs/share/mir_msgs/rust/build.rs\n'}
[19.653024] (ros2_aruco_interfaces) StdoutLine: {'line': b'-- Symlinking: /home/rahul/Mir_robot/install/ros2_aruco_interfaces/share/ros2_aruco_interfaces/package.dsv\n'}
[19.660117] (mir_msgs) StdoutLine: {'line': b'-- Symlinking: /home/rahul/Mir_robot/install/mir_msgs/share/mir_msgs/rust/src/lib.rs\n'}
[19.671341] (ros2_aruco_interfaces) StdoutLine: {'line': b'-- Symlinking: /home/rahul/Mir_robot/install/ros2_aruco_interfaces/share/ament_index/resource_index/packages/ros2_aruco_interfaces\n'}
[19.676551] (mir_msgs) StdoutLine: {'line': b'-- Symlinking: /home/rahul/Mir_robot/install/mir_msgs/share/mir_msgs/rust/src/msg.rs\n'}
[19.678171] (-) TimerEvent: {}
[19.689154] (ros2_aruco_interfaces) StdoutLine: {'line': b'-- Symlinking: /home/rahul/Mir_robot/install/ros2_aruco_interfaces/share/ros2_aruco_interfaces/cmake/rosidl_cmake-extras.cmake\n'}
[19.693823] (mir_msgs) StdoutLine: {'line': b'-- Symlinking: /home/rahul/Mir_robot/install/mir_msgs/share/mir_msgs/rust/src/msg/rmw.rs\n'}
[19.712125] (ros2_aruco_interfaces) StdoutLine: {'line': b'-- Symlinking: /home/rahul/Mir_robot/install/ros2_aruco_interfaces/share/ros2_aruco_interfaces/cmake/ament_cmake_export_dependencies-extras.cmake\n'}
[19.713238] (mir_msgs) StdoutLine: {'line': b'-- Symlinking: /home/rahul/Mir_robot/install/mir_msgs/share/mir_msgs/rust/src/srv.rs\n'}
[19.726533] (ros2_aruco_interfaces) StdoutLine: {'line': b'-- Symlinking: /home/rahul/Mir_robot/install/ros2_aruco_interfaces/share/ros2_aruco_interfaces/cmake/ament_cmake_export_include_directories-extras.cmake\n'}
[19.730109] (mir_msgs) StdoutLine: {'line': b'-- Symlinking: /home/rahul/Mir_robot/install/mir_msgs/share/mir_msgs/rust/src/srv/rmw.rs\n'}
[19.744960] (ros2_aruco_interfaces) StdoutLine: {'line': b'-- Symlinking: /home/rahul/Mir_robot/install/ros2_aruco_interfaces/share/ros2_aruco_interfaces/cmake/ament_cmake_export_libraries-extras.cmake\n'}
[19.748257] (mir_msgs) StdoutLine: {'line': b'-- Symlinking: /home/rahul/Mir_robot/install/mir_msgs/share/mir_msgs/msg/BatteryCurrents.idl\n'}
[19.761641] (ros2_aruco_interfaces) StdoutLine: {'line': b'-- Symlinking: /home/rahul/Mir_robot/install/ros2_aruco_interfaces/share/ros2_aruco_interfaces/cmake/ament_cmake_export_targets-extras.cmake\n'}
[19.762779] (mir_msgs) StdoutLine: {'line': b'-- Symlinking: /home/rahul/Mir_robot/install/mir_msgs/share/mir_msgs/msg/BMSData.idl\n'}
[19.778285] (-) TimerEvent: {}
[19.778764] (mir_msgs) StdoutLine: {'line': b'-- Symlinking: /home/rahul/Mir_robot/install/mir_msgs/share/mir_msgs/srv/ExecMission.idl\n'}
[19.779450] (ros2_aruco_interfaces) StdoutLine: {'line': b'-- Symlinking: /home/rahul/Mir_robot/install/ros2_aruco_interfaces/share/ros2_aruco_interfaces/cmake/rosidl_cmake_export_typesupport_targets-extras.cmake\n'}
[19.795155] (mir_msgs) StdoutLine: {'line': b'-- Symlinking: /home/rahul/Mir_robot/install/mir_msgs/share/mir_msgs/msg/BatteryCurrents.msg\n'}
[19.797303] (ros2_aruco_interfaces) StdoutLine: {'line': b'-- Symlinking: /home/rahul/Mir_robot/install/ros2_aruco_interfaces/share/ros2_aruco_interfaces/cmake/rosidl_cmake_export_typesupport_libraries-extras.cmake\n'}
[19.814361] (mir_msgs) StdoutLine: {'line': b'-- Symlinking: /home/rahul/Mir_robot/install/mir_msgs/share/mir_msgs/msg/BMSData.msg\n'}
[19.816105] (ros2_aruco_interfaces) StdoutLine: {'line': b'-- Symlinking: /home/rahul/Mir_robot/install/ros2_aruco_interfaces/share/ros2_aruco_interfaces/cmake/rosidl_cmake_aggregate_target-extras.cmake\n'}
[19.832150] (mir_msgs) StdoutLine: {'line': b'-- Symlinking: /home/rahul/Mir_robot/install/mir_msgs/share/mir_msgs/srv/ExecMission.srv\n'}
[19.833175] (ros2_aruco_interfaces) StdoutLine: {'line': b'-- Symlinking: /home/rahul/Mir_robot/install/ros2_aruco_interfaces/share/ros2_aruco_interfaces/cmake/ros2_aruco_interfacesConfig.cmake\n'}
[19.848868] (mir_msgs) StdoutLine: {'line': b'-- Symlinking: /home/rahul/Mir_robot/install/mir_msgs/share/mir_msgs/srv/ExecMission_Request.msg\n'}
[19.849226] (ros2_aruco_interfaces) StdoutLine: {'line': b'-- Symlinking: /home/rahul/Mir_robot/install/ros2_aruco_interfaces/share/ros2_aruco_interfaces/cmake/ros2_aruco_interfacesConfig-version.cmake\n'}
[19.864789] (mir_msgs) StdoutLine: {'line': b'-- Symlinking: /home/rahul/Mir_robot/install/mir_msgs/share/mir_msgs/srv/ExecMission_Response.msg\n'}
[19.865174] (ros2_aruco_interfaces) StdoutLine: {'line': b'-- Symlinking: /home/rahul/Mir_robot/install/ros2_aruco_interfaces/share/ros2_aruco_interfaces/package.xml\n'}
[19.879998] (-) TimerEvent: {}
[19.880978] (mir_msgs) StdoutLine: {'line': b'-- Symlinking: /home/rahul/Mir_robot/install/mir_msgs/share/ament_index/resource_index/package_run_dependencies/mir_msgs\n'}
[19.882682] (ros2_aruco_interfaces) StdoutLine: {'line': b'-- Installing: /home/rahul/Mir_robot/install/ros2_aruco_interfaces/lib/libros2_aruco_interfaces__rosidl_generator_c.so\n'}
[19.882985] (ros2_aruco_interfaces) StdoutLine: {'line': b'-- Set runtime path of "/home/rahul/Mir_robot/install/ros2_aruco_interfaces/lib/libros2_aruco_interfaces__rosidl_generator_c.so" to ""\n'}
[19.883455] (ros2_aruco_interfaces) StdoutLine: {'line': b'-- Installing: /home/rahul/Mir_robot/install/ros2_aruco_interfaces/lib/libros2_aruco_interfaces__rosidl_typesupport_fastrtps_c.so\n'}
[19.884957] (ros2_aruco_interfaces) StdoutLine: {'line': b'-- Set runtime path of "/home/rahul/Mir_robot/install/ros2_aruco_interfaces/lib/libros2_aruco_interfaces__rosidl_typesupport_fastrtps_c.so" to ""\n'}
[19.886341] (ros2_aruco_interfaces) StdoutLine: {'line': b'-- Installing: /home/rahul/Mir_robot/install/ros2_aruco_interfaces/lib/libros2_aruco_interfaces__rosidl_typesupport_fastrtps_cpp.so\n'}
[19.886621] (ros2_aruco_interfaces) StdoutLine: {'line': b'-- Set runtime path of "/home/rahul/Mir_robot/install/ros2_aruco_interfaces/lib/libros2_aruco_interfaces__rosidl_typesupport_fastrtps_cpp.so" to ""\n'}
[19.887063] (ros2_aruco_interfaces) StdoutLine: {'line': b'-- Installing: /home/rahul/Mir_robot/install/ros2_aruco_interfaces/lib/libros2_aruco_interfaces__rosidl_typesupport_introspection_c.so\n'}
[19.888238] (ros2_aruco_interfaces) StdoutLine: {'line': b'-- Set runtime path of "/home/rahul/Mir_robot/install/ros2_aruco_interfaces/lib/libros2_aruco_interfaces__rosidl_typesupport_introspection_c.so" to ""\n'}
[19.888746] (ros2_aruco_interfaces) StdoutLine: {'line': b'-- Installing: /home/rahul/Mir_robot/install/ros2_aruco_interfaces/lib/libros2_aruco_interfaces__rosidl_typesupport_c.so\n'}
[19.889790] (ros2_aruco_interfaces) StdoutLine: {'line': b'-- Set runtime path of "/home/rahul/Mir_robot/install/ros2_aruco_interfaces/lib/libros2_aruco_interfaces__rosidl_typesupport_c.so" to ""\n'}
[19.891636] (ros2_aruco_interfaces) StdoutLine: {'line': b'-- Installing: /home/rahul/Mir_robot/install/ros2_aruco_interfaces/lib/libros2_aruco_interfaces__rosidl_typesupport_introspection_cpp.so\n'}
[19.891985] (ros2_aruco_interfaces) StdoutLine: {'line': b'-- Set runtime path of "/home/rahul/Mir_robot/install/ros2_aruco_interfaces/lib/libros2_aruco_interfaces__rosidl_typesupport_introspection_cpp.so" to ""\n'}
[19.892460] (ros2_aruco_interfaces) StdoutLine: {'line': b'-- Installing: /home/rahul/Mir_robot/install/ros2_aruco_interfaces/lib/libros2_aruco_interfaces__rosidl_typesupport_cpp.so\n'}
[19.893567] (ros2_aruco_interfaces) StdoutLine: {'line': b'-- Set runtime path of "/home/rahul/Mir_robot/install/ros2_aruco_interfaces/lib/libros2_aruco_interfaces__rosidl_typesupport_cpp.so" to ""\n'}
[19.897522] (mir_msgs) StdoutLine: {'line': b'-- Symlinking: /home/rahul/Mir_robot/install/mir_msgs/share/ament_index/resource_index/parent_prefix_path/mir_msgs\n'}
[19.914066] (mir_msgs) StdoutLine: {'line': b'-- Symlinking: /home/rahul/Mir_robot/install/mir_msgs/share/mir_msgs/environment/ament_prefix_path.sh\n'}
[19.930840] (mir_msgs) StdoutLine: {'line': b'-- Symlinking: /home/rahul/Mir_robot/install/mir_msgs/share/mir_msgs/environment/ament_prefix_path.dsv\n'}
[19.948669] (mir_msgs) StdoutLine: {'line': b'-- Symlinking: /home/rahul/Mir_robot/install/mir_msgs/share/mir_msgs/environment/path.sh\n'}
[19.965349] (mir_msgs) StdoutLine: {'line': b'-- Symlinking: /home/rahul/Mir_robot/install/mir_msgs/share/mir_msgs/environment/path.dsv\n'}
[19.966763] (ros2_aruco_interfaces) StdoutLine: {'line': b"Listing '/home/rahul/Mir_robot/install/ros2_aruco_interfaces/local/lib/python3.10/dist-packages/ros2_aruco_interfaces'...\n"}
[19.966988] (ros2_aruco_interfaces) StdoutLine: {'line': b"Compiling '/home/rahul/Mir_robot/install/ros2_aruco_interfaces/local/lib/python3.10/dist-packages/ros2_aruco_interfaces/__init__.py'...\n"}
[19.967154] (ros2_aruco_interfaces) StdoutLine: {'line': b"Listing '/home/rahul/Mir_robot/install/ros2_aruco_interfaces/local/lib/python3.10/dist-packages/ros2_aruco_interfaces/msg'...\n"}
[19.967288] (ros2_aruco_interfaces) StdoutLine: {'line': b"Compiling '/home/rahul/Mir_robot/install/ros2_aruco_interfaces/local/lib/python3.10/dist-packages/ros2_aruco_interfaces/msg/__init__.py'...\n"}
[19.967420] (ros2_aruco_interfaces) StdoutLine: {'line': b"Compiling '/home/rahul/Mir_robot/install/ros2_aruco_interfaces/local/lib/python3.10/dist-packages/ros2_aruco_interfaces/msg/_aruco_markers.py'...\n"}
[19.978996] (ros2_aruco_interfaces) StdoutLine: {'line': b'-- Installing: /home/rahul/Mir_robot/install/ros2_aruco_interfaces/lib/libros2_aruco_interfaces__rosidl_generator_py.so\n'}
[19.979332] (ros2_aruco_interfaces) StdoutLine: {'line': b'-- Set runtime path of "/home/rahul/Mir_robot/install/ros2_aruco_interfaces/lib/libros2_aruco_interfaces__rosidl_generator_py.so" to ""\n'}
[19.979781] (ros2_aruco_interfaces) StdoutLine: {'line': b'-- Installing: /home/rahul/Mir_robot/install/ros2_aruco_interfaces/share/ros2_aruco_interfaces/cmake/export_ros2_aruco_interfaces__rosidl_generator_cExport.cmake\n'}
[19.980069] (-) TimerEvent: {}
[19.980833] (ros2_aruco_interfaces) StdoutLine: {'line': b'-- Installing: /home/rahul/Mir_robot/install/ros2_aruco_interfaces/share/ros2_aruco_interfaces/cmake/export_ros2_aruco_interfaces__rosidl_generator_cExport-noconfig.cmake\n'}
[19.981902] (ros2_aruco_interfaces) StdoutLine: {'line': b'-- Installing: /home/rahul/Mir_robot/install/ros2_aruco_interfaces/share/ros2_aruco_interfaces/cmake/export_ros2_aruco_interfaces__rosidl_typesupport_fastrtps_cExport.cmake\n'}
[19.982239] (mir_msgs) StdoutLine: {'line': b'-- Symlinking: /home/rahul/Mir_robot/install/mir_msgs/share/mir_msgs/local_setup.bash\n'}
[19.982932] (ros2_aruco_interfaces) StdoutLine: {'line': b'-- Installing: /home/rahul/Mir_robot/install/ros2_aruco_interfaces/share/ros2_aruco_interfaces/cmake/export_ros2_aruco_interfaces__rosidl_typesupport_fastrtps_cExport-noconfig.cmake\n'}
[19.983223] (ros2_aruco_interfaces) StdoutLine: {'line': b'-- Installing: /home/rahul/Mir_robot/install/ros2_aruco_interfaces/share/ros2_aruco_interfaces/cmake/export_ros2_aruco_interfaces__rosidl_generator_cppExport.cmake\n'}
[19.983824] (ros2_aruco_interfaces) StdoutLine: {'line': b'-- Installing: /home/rahul/Mir_robot/install/ros2_aruco_interfaces/share/ros2_aruco_interfaces/cmake/export_ros2_aruco_interfaces__rosidl_typesupport_fastrtps_cppExport.cmake\n'}
[19.984800] (ros2_aruco_interfaces) StdoutLine: {'line': b'-- Installing: /home/rahul/Mir_robot/install/ros2_aruco_interfaces/share/ros2_aruco_interfaces/cmake/export_ros2_aruco_interfaces__rosidl_typesupport_fastrtps_cppExport-noconfig.cmake\n'}
[19.985473] (ros2_aruco_interfaces) StdoutLine: {'line': b'-- Installing: /home/rahul/Mir_robot/install/ros2_aruco_interfaces/share/ros2_aruco_interfaces/cmake/ros2_aruco_interfaces__rosidl_typesupport_introspection_cExport.cmake\n'}
[19.985752] (ros2_aruco_interfaces) StdoutLine: {'line': b'-- Installing: /home/rahul/Mir_robot/install/ros2_aruco_interfaces/share/ros2_aruco_interfaces/cmake/ros2_aruco_interfaces__rosidl_typesupport_introspection_cExport-noconfig.cmake\n'}
[19.986380] (ros2_aruco_interfaces) StdoutLine: {'line': b'-- Installing: /home/rahul/Mir_robot/install/ros2_aruco_interfaces/share/ros2_aruco_interfaces/cmake/ros2_aruco_interfaces__rosidl_typesupport_cExport.cmake\n'}
[19.987406] (ros2_aruco_interfaces) StdoutLine: {'line': b'-- Installing: /home/rahul/Mir_robot/install/ros2_aruco_interfaces/share/ros2_aruco_interfaces/cmake/ros2_aruco_interfaces__rosidl_typesupport_cExport-noconfig.cmake\n'}
[19.987704] (ros2_aruco_interfaces) StdoutLine: {'line': b'-- Installing: /home/rahul/Mir_robot/install/ros2_aruco_interfaces/share/ros2_aruco_interfaces/cmake/ros2_aruco_interfaces__rosidl_typesupport_introspection_cppExport.cmake\n'}
[19.988320] (ros2_aruco_interfaces) StdoutLine: {'line': b'-- Installing: /home/rahul/Mir_robot/install/ros2_aruco_interfaces/share/ros2_aruco_interfaces/cmake/ros2_aruco_interfaces__rosidl_typesupport_introspection_cppExport-noconfig.cmake\n'}
[19.989301] (ros2_aruco_interfaces) StdoutLine: {'line': b'-- Installing: /home/rahul/Mir_robot/install/ros2_aruco_interfaces/share/ros2_aruco_interfaces/cmake/ros2_aruco_interfaces__rosidl_typesupport_cppExport.cmake\n'}
[19.989589] (ros2_aruco_interfaces) StdoutLine: {'line': b'-- Installing: /home/rahul/Mir_robot/install/ros2_aruco_interfaces/share/ros2_aruco_interfaces/cmake/ros2_aruco_interfaces__rosidl_typesupport_cppExport-noconfig.cmake\n'}
[19.990732] (ros2_aruco_interfaces) StdoutLine: {'line': b'-- Installing: /home/rahul/Mir_robot/install/ros2_aruco_interfaces/share/ros2_aruco_interfaces/cmake/export_ros2_aruco_interfaces__rosidl_generator_pyExport.cmake\n'}
[19.993116] (ros2_aruco_interfaces) StdoutLine: {'line': b'-- Installing: /home/rahul/Mir_robot/install/ros2_aruco_interfaces/share/ros2_aruco_interfaces/cmake/export_ros2_aruco_interfaces__rosidl_generator_pyExport-noconfig.cmake\n'}
[19.995504] (ros2_aruco_interfaces) CommandEnded: {'returncode': 0}
[19.999105] (mir_msgs) StdoutLine: {'line': b'-- Symlinking: /home/rahul/Mir_robot/install/mir_msgs/share/mir_msgs/local_setup.sh\n'}
[20.016532] (mir_msgs) StdoutLine: {'line': b'-- Symlinking: /home/rahul/Mir_robot/install/mir_msgs/share/mir_msgs/local_setup.zsh\n'}
[20.035875] (mir_msgs) StdoutLine: {'line': b'-- Symlinking: /home/rahul/Mir_robot/install/mir_msgs/share/mir_msgs/local_setup.dsv\n'}
[20.041334] (ros2_aruco_interfaces) JobEnded: {'identifier': 'ros2_aruco_interfaces', 'rc': 0}
[20.044688] (mir_restapi) JobStarted: {'identifier': 'mir_restapi'}
[20.059833] (mir_msgs) StdoutLine: {'line': b'-- Symlinking: /home/rahul/Mir_robot/install/mir_msgs/share/mir_msgs/package.dsv\n'}
[20.074340] (mir_msgs) StdoutLine: {'line': b'-- Symlinking: /home/rahul/Mir_robot/install/mir_msgs/share/ament_index/resource_index/packages/mir_msgs\n'}
[20.080185] (-) TimerEvent: {}
[20.092995] (mir_msgs) StdoutLine: {'line': b'-- Symlinking: /home/rahul/Mir_robot/install/mir_msgs/share/mir_msgs/cmake/rosidl_cmake-extras.cmake\n'}
[20.116278] (mir_msgs) StdoutLine: {'line': b'-- Symlinking: /home/rahul/Mir_robot/install/mir_msgs/share/mir_msgs/cmake/ament_cmake_export_dependencies-extras.cmake\n'}
[20.134601] (mir_msgs) StdoutLine: {'line': b'-- Symlinking: /home/rahul/Mir_robot/install/mir_msgs/share/mir_msgs/cmake/ament_cmake_export_include_directories-extras.cmake\n'}
[20.152222] (mir_msgs) StdoutLine: {'line': b'-- Symlinking: /home/rahul/Mir_robot/install/mir_msgs/share/mir_msgs/cmake/ament_cmake_export_libraries-extras.cmake\n'}
[20.169678] (mir_msgs) StdoutLine: {'line': b'-- Symlinking: /home/rahul/Mir_robot/install/mir_msgs/share/mir_msgs/cmake/ament_cmake_export_targets-extras.cmake\n'}
[20.182104] (-) TimerEvent: {}
[20.187646] (mir_msgs) StdoutLine: {'line': b'-- Symlinking: /home/rahul/Mir_robot/install/mir_msgs/share/mir_msgs/cmake/rosidl_cmake_export_typesupport_targets-extras.cmake\n'}
[20.205954] (mir_msgs) StdoutLine: {'line': b'-- Symlinking: /home/rahul/Mir_robot/install/mir_msgs/share/mir_msgs/cmake/rosidl_cmake_export_typesupport_libraries-extras.cmake\n'}
[20.224431] (mir_msgs) StdoutLine: {'line': b'-- Symlinking: /home/rahul/Mir_robot/install/mir_msgs/share/mir_msgs/cmake/rosidl_cmake_aggregate_target-extras.cmake\n'}
[20.241528] (mir_msgs) StdoutLine: {'line': b'-- Symlinking: /home/rahul/Mir_robot/install/mir_msgs/share/mir_msgs/cmake/mir_msgsConfig.cmake\n'}
[20.262126] (mir_msgs) StdoutLine: {'line': b'-- Symlinking: /home/rahul/Mir_robot/install/mir_msgs/share/mir_msgs/cmake/mir_msgsConfig-version.cmake\n'}
[20.275535] (mir_msgs) StdoutLine: {'line': b'-- Symlinking: /home/rahul/Mir_robot/install/mir_msgs/share/mir_msgs/package.xml\n'}
[20.282205] (-) TimerEvent: {}
[20.293075] (mir_msgs) StdoutLine: {'line': b'-- Installing: /home/rahul/Mir_robot/install/mir_msgs/lib/libmir_msgs__rosidl_generator_c.so\n'}
[20.294353] (mir_msgs) StdoutLine: {'line': b'-- Set runtime path of "/home/rahul/Mir_robot/install/mir_msgs/lib/libmir_msgs__rosidl_generator_c.so" to ""\n'}
[20.294860] (mir_msgs) StdoutLine: {'line': b'-- Installing: /home/rahul/Mir_robot/install/mir_msgs/lib/libmir_msgs__rosidl_typesupport_fastrtps_c.so\n'}
[20.296267] (mir_msgs) StdoutLine: {'line': b'-- Set runtime path of "/home/rahul/Mir_robot/install/mir_msgs/lib/libmir_msgs__rosidl_typesupport_fastrtps_c.so" to ""\n'}
[20.296561] (mir_msgs) StdoutLine: {'line': b'-- Installing: /home/rahul/Mir_robot/install/mir_msgs/lib/libmir_msgs__rosidl_typesupport_fastrtps_cpp.so\n'}
[20.297997] (mir_msgs) StdoutLine: {'line': b'-- Set runtime path of "/home/rahul/Mir_robot/install/mir_msgs/lib/libmir_msgs__rosidl_typesupport_fastrtps_cpp.so" to ""\n'}
[20.299093] (mir_msgs) StdoutLine: {'line': b'-- Installing: /home/rahul/Mir_robot/install/mir_msgs/lib/libmir_msgs__rosidl_typesupport_introspection_c.so\n'}
[20.299441] (mir_msgs) StdoutLine: {'line': b'-- Set runtime path of "/home/rahul/Mir_robot/install/mir_msgs/lib/libmir_msgs__rosidl_typesupport_introspection_c.so" to ""\n'}
[20.299871] (mir_msgs) StdoutLine: {'line': b'-- Installing: /home/rahul/Mir_robot/install/mir_msgs/lib/libmir_msgs__rosidl_typesupport_c.so\n'}
[20.302092] (mir_msgs) StdoutLine: {'line': b'-- Set runtime path of "/home/rahul/Mir_robot/install/mir_msgs/lib/libmir_msgs__rosidl_typesupport_c.so" to ""\n'}
[20.302316] (mir_msgs) StdoutLine: {'line': b'-- Installing: /home/rahul/Mir_robot/install/mir_msgs/lib/libmir_msgs__rosidl_typesupport_introspection_cpp.so\n'}
[20.302537] (mir_msgs) StdoutLine: {'line': b'-- Set runtime path of "/home/rahul/Mir_robot/install/mir_msgs/lib/libmir_msgs__rosidl_typesupport_introspection_cpp.so" to ""\n'}
[20.302946] (mir_msgs) StdoutLine: {'line': b'-- Installing: /home/rahul/Mir_robot/install/mir_msgs/lib/libmir_msgs__rosidl_typesupport_cpp.so\n'}
[20.304072] (mir_msgs) StdoutLine: {'line': b'-- Set runtime path of "/home/rahul/Mir_robot/install/mir_msgs/lib/libmir_msgs__rosidl_typesupport_cpp.so" to ""\n'}
[20.383107] (mir_msgs) StdoutLine: {'line': b"Listing '/home/rahul/Mir_robot/install/mir_msgs/local/lib/python3.10/dist-packages/mir_msgs'...\n"}
[20.383358] (-) TimerEvent: {}
[20.383584] (mir_msgs) StdoutLine: {'line': b"Compiling '/home/rahul/Mir_robot/install/mir_msgs/local/lib/python3.10/dist-packages/mir_msgs/__init__.py'...\n"}
[20.383739] (mir_msgs) StdoutLine: {'line': b"Listing '/home/rahul/Mir_robot/install/mir_msgs/local/lib/python3.10/dist-packages/mir_msgs/msg'...\n"}
[20.383869] (mir_msgs) StdoutLine: {'line': b"Compiling '/home/rahul/Mir_robot/install/mir_msgs/local/lib/python3.10/dist-packages/mir_msgs/msg/__init__.py'...\n"}
[20.383994] (mir_msgs) StdoutLine: {'line': b"Compiling '/home/rahul/Mir_robot/install/mir_msgs/local/lib/python3.10/dist-packages/mir_msgs/msg/_battery_currents.py'...\n"}
[20.384165] (mir_msgs) StdoutLine: {'line': b"Compiling '/home/rahul/Mir_robot/install/mir_msgs/local/lib/python3.10/dist-packages/mir_msgs/msg/_bms_data.py'...\n"}
[20.384289] (mir_msgs) StdoutLine: {'line': b"Listing '/home/rahul/Mir_robot/install/mir_msgs/local/lib/python3.10/dist-packages/mir_msgs/srv'...\n"}
[20.384413] (mir_msgs) StdoutLine: {'line': b"Compiling '/home/rahul/Mir_robot/install/mir_msgs/local/lib/python3.10/dist-packages/mir_msgs/srv/__init__.py'...\n"}
[20.384536] (mir_msgs) StdoutLine: {'line': b"Compiling '/home/rahul/Mir_robot/install/mir_msgs/local/lib/python3.10/dist-packages/mir_msgs/srv/_exec_mission.py'...\n"}
[20.394178] (mir_msgs) StdoutLine: {'line': b'-- Installing: /home/rahul/Mir_robot/install/mir_msgs/lib/libmir_msgs__rosidl_generator_py.so\n'}
[20.394411] (mir_msgs) StdoutLine: {'line': b'-- Set runtime path of "/home/rahul/Mir_robot/install/mir_msgs/lib/libmir_msgs__rosidl_generator_py.so" to ""\n'}
[20.394541] (mir_msgs) StdoutLine: {'line': b'-- Installing: /home/rahul/Mir_robot/install/mir_msgs/share/mir_msgs/cmake/export_mir_msgs__rosidl_generator_cExport.cmake\n'}
[20.394670] (mir_msgs) StdoutLine: {'line': b'-- Installing: /home/rahul/Mir_robot/install/mir_msgs/share/mir_msgs/cmake/export_mir_msgs__rosidl_generator_cExport-noconfig.cmake\n'}
[20.395116] (mir_msgs) StdoutLine: {'line': b'-- Installing: /home/rahul/Mir_robot/install/mir_msgs/share/mir_msgs/cmake/export_mir_msgs__rosidl_typesupport_fastrtps_cExport.cmake\n'}
[20.395739] (mir_msgs) StdoutLine: {'line': b'-- Installing: /home/rahul/Mir_robot/install/mir_msgs/share/mir_msgs/cmake/export_mir_msgs__rosidl_typesupport_fastrtps_cExport-noconfig.cmake\n'}
[20.396373] (mir_msgs) StdoutLine: {'line': b'-- Installing: /home/rahul/Mir_robot/install/mir_msgs/share/mir_msgs/cmake/export_mir_msgs__rosidl_generator_cppExport.cmake\n'}
[20.396976] (mir_msgs) StdoutLine: {'line': b'-- Installing: /home/rahul/Mir_robot/install/mir_msgs/share/mir_msgs/cmake/export_mir_msgs__rosidl_typesupport_fastrtps_cppExport.cmake\n'}
[20.397637] (mir_msgs) StdoutLine: {'line': b'-- Installing: /home/rahul/Mir_robot/install/mir_msgs/share/mir_msgs/cmake/export_mir_msgs__rosidl_typesupport_fastrtps_cppExport-noconfig.cmake\n'}
[20.399180] (mir_msgs) StdoutLine: {'line': b'-- Installing: /home/rahul/Mir_robot/install/mir_msgs/share/mir_msgs/cmake/mir_msgs__rosidl_typesupport_introspection_cExport.cmake\n'}
[20.399401] (mir_msgs) StdoutLine: {'line': b'-- Installing: /home/rahul/Mir_robot/install/mir_msgs/share/mir_msgs/cmake/mir_msgs__rosidl_typesupport_introspection_cExport-noconfig.cmake\n'}
[20.399536] (mir_msgs) StdoutLine: {'line': b'-- Installing: /home/rahul/Mir_robot/install/mir_msgs/share/mir_msgs/cmake/mir_msgs__rosidl_typesupport_cExport.cmake\n'}
[20.399653] (mir_msgs) StdoutLine: {'line': b'-- Installing: /home/rahul/Mir_robot/install/mir_msgs/share/mir_msgs/cmake/mir_msgs__rosidl_typesupport_cExport-noconfig.cmake\n'}
[20.400266] (mir_msgs) StdoutLine: {'line': b'-- Installing: /home/rahul/Mir_robot/install/mir_msgs/share/mir_msgs/cmake/mir_msgs__rosidl_typesupport_introspection_cppExport.cmake\n'}
[20.400892] (mir_msgs) StdoutLine: {'line': b'-- Installing: /home/rahul/Mir_robot/install/mir_msgs/share/mir_msgs/cmake/mir_msgs__rosidl_typesupport_introspection_cppExport-noconfig.cmake\n'}
[20.403098] (mir_msgs) StdoutLine: {'line': b'-- Installing: /home/rahul/Mir_robot/install/mir_msgs/share/mir_msgs/cmake/mir_msgs__rosidl_typesupport_cppExport.cmake\n'}
[20.403416] (mir_msgs) StdoutLine: {'line': b'-- Installing: /home/rahul/Mir_robot/install/mir_msgs/share/mir_msgs/cmake/mir_msgs__rosidl_typesupport_cppExport-noconfig.cmake\n'}
[20.403566] (mir_msgs) StdoutLine: {'line': b'-- Installing: /home/rahul/Mir_robot/install/mir_msgs/share/mir_msgs/cmake/export_mir_msgs__rosidl_generator_pyExport.cmake\n'}
[20.403695] (mir_msgs) StdoutLine: {'line': b'-- Installing: /home/rahul/Mir_robot/install/mir_msgs/share/mir_msgs/cmake/export_mir_msgs__rosidl_generator_pyExport-noconfig.cmake\n'}
[20.483473] (-) TimerEvent: {}
[20.583909] (-) TimerEvent: {}
[20.643178] (mir_msgs) CommandEnded: {'returncode': 0}
[20.671580] (mir_msgs) JobEnded: {'identifier': 'mir_msgs', 'rc': 0}
[20.672438] (point_cloud_functions) JobStarted: {'identifier': 'point_cloud_functions'}
[20.685124] (-) TimerEvent: {}
[20.785479] (-) TimerEvent: {}
[20.885856] (-) TimerEvent: {}
[20.986225] (-) TimerEvent: {}
[21.087118] (-) TimerEvent: {}
[21.187479] (-) TimerEvent: {}
[21.289223] (-) TimerEvent: {}
[21.389612] (-) TimerEvent: {}
[21.490264] (-) TimerEvent: {}
[21.591451] (-) TimerEvent: {}
[21.694136] (-) TimerEvent: {}
[21.794570] (-) TimerEvent: {}
[21.898102] (-) TimerEvent: {}
[21.998487] (-) TimerEvent: {}
[22.101127] (-) TimerEvent: {}
[22.204109] (-) TimerEvent: {}
[22.306863] (-) TimerEvent: {}
[22.407345] (-) TimerEvent: {}
[22.510103] (-) TimerEvent: {}
[22.610497] (-) TimerEvent: {}
[22.711179] (-) TimerEvent: {}
[22.798294] (mir_restapi) Command: {'cmd': ['/usr/bin/python3', '-W', 'ignore:setup.py install is deprecated', '-W', 'ignore:easy_install command is deprecated', 'setup.py', 'develop', '--editable', '--build-directory', '/home/rahul/Mir_robot/build/mir_restapi/build', '--no-deps', 'symlink_data'], 'cwd': '/home/rahul/Mir_robot/build/mir_restapi', 'env': {'LESSOPEN': '| /usr/bin/lesspipe %s', 'USER': 'rahul', 'LC_TIME': 'de_DE.UTF-8', 'XDG_SESSION_TYPE': 'wayland', 'SHLVL': '1', 'LD_LIBRARY_PATH': '/usr/lib/x86_64-linux-gnu/gazebo-11/plugins:/opt/ros/humble/opt/rviz_ogre_vendor/lib:/opt/ros/humble/lib/x86_64-linux-gnu:/opt/ros/humble/lib', 'HOME': '/home/rahul', 'OLDPWD': '/home/rahul', 'DESKTOP_SESSION': 'ubuntu', 'ROS_PYTHON_VERSION': '3', 'GNOME_SHELL_SESSION_MODE': 'ubuntu', 'GTK_MODULES': 'gail:atk-bridge', 'LC_MONETARY': 'de_DE.UTF-8', 'SYSTEMD_EXEC_PID': '6479', 'DBUS_SESSION_BUS_ADDRESS': 'unix:path=/run/user/1000/bus', 'COLORTERM': 'truecolor', 'IM_CONFIG_PHASE': '1', 'WAYLAND_DISPLAY': 'wayland-0', 'ROS_DISTRO': 'humble', 'LOGNAME': 'rahul', '_': '/usr/bin/colcon', 'ROS_VERSION': '2', 'XDG_SESSION_CLASS': 'user', 'USERNAME': 'rahul', 'TERM': 'xterm-256color', 'GNOME_DESKTOP_SESSION_ID': 'this-is-deprecated', 'ROS_LOCALHOST_ONLY': '0', 'PATH': '/opt/ros/humble/bin:/home/rahul/.local/bin:/usr/local/sbin:/usr/local/bin:/usr/sbin:/usr/bin:/sbin:/bin:/usr/games:/usr/local/games:/snap/bin:/snap/bin', 'SESSION_MANAGER': 'local/rahul-Inspiron-5559:@/tmp/.ICE-unix/2054,unix/rahul-Inspiron-5559:/tmp/.ICE-unix/2054', 'XDG_MENU_PREFIX': 'gnome-', 'LC_ADDRESS': 'de_DE.UTF-8', 'GNOME_TERMINAL_SCREEN': '/org/gnome/Terminal/screen/351eedeb_30dc_418d_b420_34c5a0c83961', 'GNOME_SETUP_DISPLAY': ':1', 'XDG_RUNTIME_DIR': '/run/user/1000', 'DISPLAY': ':0', 'LANG': 'en_US.UTF-8', 'XDG_CURRENT_DESKTOP': 'ubuntu:GNOME', 'LC_TELEPHONE': 'de_DE.UTF-8', 'XMODIFIERS': '@im=ibus', 'XDG_SESSION_DESKTOP': 'ubuntu', 'XAUTHORITY': '/run/user/1000/.mutter-Xwaylandauth.VYRET3', 'LS_COLORS': 'rs=0:di=01;34:ln=01;36:mh=00:pi=40;33:so=01;35:do=01;35:bd=40;33;01:cd=40;33;01:or=40;31;01:mi=00:su=37;41:sg=30;43:ca=30;41:tw=30;42:ow=34;42:st=37;44:ex=01;32:*.tar=01;31:*.tgz=01;31:*.arc=01;31:*.arj=01;31:*.taz=01;31:*.lha=01;31:*.lz4=01;31:*.lzh=01;31:*.lzma=01;31:*.tlz=01;31:*.txz=01;31:*.tzo=01;31:*.t7z=01;31:*.zip=01;31:*.z=01;31:*.dz=01;31:*.gz=01;31:*.lrz=01;31:*.lz=01;31:*.lzo=01;31:*.xz=01;31:*.zst=01;31:*.tzst=01;31:*.bz2=01;31:*.bz=01;31:*.tbz=01;31:*.tbz2=01;31:*.tz=01;31:*.deb=01;31:*.rpm=01;31:*.jar=01;31:*.war=01;31:*.ear=01;31:*.sar=01;31:*.rar=01;31:*.alz=01;31:*.ace=01;31:*.zoo=01;31:*.cpio=01;31:*.7z=01;31:*.rz=01;31:*.cab=01;31:*.wim=01;31:*.swm=01;31:*.dwm=01;31:*.esd=01;31:*.jpg=01;35:*.jpeg=01;35:*.mjpg=01;35:*.mjpeg=01;35:*.gif=01;35:*.bmp=01;35:*.pbm=01;35:*.pgm=01;35:*.ppm=01;35:*.tga=01;35:*.xbm=01;35:*.xpm=01;35:*.tif=01;35:*.tiff=01;35:*.png=01;35:*.svg=01;35:*.svgz=01;35:*.mng=01;35:*.pcx=01;35:*.mov=01;35:*.mpg=01;35:*.mpeg=01;35:*.m2v=01;35:*.mkv=01;35:*.webm=01;35:*.webp=01;35:*.ogm=01;35:*.mp4=01;35:*.m4v=01;35:*.mp4v=01;35:*.vob=01;35:*.qt=01;35:*.nuv=01;35:*.wmv=01;35:*.asf=01;35:*.rm=01;35:*.rmvb=01;35:*.flc=01;35:*.avi=01;35:*.fli=01;35:*.flv=01;35:*.gl=01;35:*.dl=01;35:*.xcf=01;35:*.xwd=01;35:*.yuv=01;35:*.cgm=01;35:*.emf=01;35:*.ogv=01;35:*.ogx=01;35:*.aac=00;36:*.au=00;36:*.flac=00;36:*.m4a=00;36:*.mid=00;36:*.midi=00;36:*.mka=00;36:*.mp3=00;36:*.mpc=00;36:*.ogg=00;36:*.ra=00;36:*.wav=00;36:*.oga=00;36:*.opus=00;36:*.spx=00;36:*.xspf=00;36:', 'GNOME_TERMINAL_SERVICE': ':1.120', 'SSH_AGENT_LAUNCHER': 'gnome-keyring', 'SSH_AUTH_SOCK': '/run/user/1000/keyring/ssh', 'AMENT_PREFIX_PATH': '/opt/ros/humble', 'SHELL': '/bin/bash', 'LC_NAME': 'de_DE.UTF-8', 'QT_ACCESSIBILITY': '1', 'GDMSESSION': 'ubuntu', 'LESSCLOSE': '/usr/bin/lesspipe %s %s', 'LC_MEASUREMENT': 'de_DE.UTF-8', 'LC_IDENTIFICATION': 'de_DE.UTF-8', 'QT_IM_MODULE': 'ibus', 'PWD': '/home/rahul/Mir_robot/build/mir_restapi', 'XDG_CONFIG_DIRS': '/etc/xdg/xdg-ubuntu:/etc/xdg', 'XDG_DATA_DIRS': '/usr/share/ubuntu:/usr/local/share/:/usr/share/:/var/lib/snapd/desktop', 'PYTHONPATH': '/home/rahul/Mir_robot/build/mir_restapi/prefix_override:/usr/lib/python3/dist-packages/colcon_core/task/python/colcon_distutils_commands:/home/rahul/Mir_robot/install/mir_restapi/lib/python3.10/site-packages:/opt/ros/humble/lib/python3.10/site-packages:/opt/ros/humble/local/lib/python3.10/dist-packages', 'LC_NUMERIC': 'de_DE.UTF-8', 'LC_PAPER': 'de_DE.UTF-8', 'COLCON': '1', 'VTE_VERSION': '6800'}, 'shell': False}
[22.814106] (-) TimerEvent: {}
[22.914587] (-) TimerEvent: {}
[23.017323] (point_cloud_functions) Command: {'cmd': ['/usr/bin/python3', '-W', 'ignore:setup.py install is deprecated', '-W', 'ignore:easy_install command is deprecated', 'setup.py', 'develop', '--editable', '--build-directory', '/home/rahul/Mir_robot/build/point_cloud_functions/build', '--no-deps', 'symlink_data'], 'cwd': '/home/rahul/Mir_robot/build/point_cloud_functions', 'env': {'LESSOPEN': '| /usr/bin/lesspipe %s', 'USER': 'rahul', 'LC_TIME': 'de_DE.UTF-8', 'XDG_SESSION_TYPE': 'wayland', 'SHLVL': '1', 'LD_LIBRARY_PATH': '/usr/lib/x86_64-linux-gnu/gazebo-11/plugins:/opt/ros/humble/opt/rviz_ogre_vendor/lib:/opt/ros/humble/lib/x86_64-linux-gnu:/opt/ros/humble/lib', 'HOME': '/home/rahul', 'OLDPWD': '/home/rahul', 'DESKTOP_SESSION': 'ubuntu', 'ROS_PYTHON_VERSION': '3', 'GNOME_SHELL_SESSION_MODE': 'ubuntu', 'GTK_MODULES': 'gail:atk-bridge', 'LC_MONETARY': 'de_DE.UTF-8', 'SYSTEMD_EXEC_PID': '6479', 'DBUS_SESSION_BUS_ADDRESS': 'unix:path=/run/user/1000/bus', 'COLORTERM': 'truecolor', 'IM_CONFIG_PHASE': '1', 'WAYLAND_DISPLAY': 'wayland-0', 'ROS_DISTRO': 'humble', 'LOGNAME': 'rahul', '_': '/usr/bin/colcon', 'ROS_VERSION': '2', 'XDG_SESSION_CLASS': 'user', 'USERNAME': 'rahul', 'TERM': 'xterm-256color', 'GNOME_DESKTOP_SESSION_ID': 'this-is-deprecated', 'ROS_LOCALHOST_ONLY': '0', 'PATH': '/opt/ros/humble/bin:/home/rahul/.local/bin:/usr/local/sbin:/usr/local/bin:/usr/sbin:/usr/bin:/sbin:/bin:/usr/games:/usr/local/games:/snap/bin:/snap/bin', 'SESSION_MANAGER': 'local/rahul-Inspiron-5559:@/tmp/.ICE-unix/2054,unix/rahul-Inspiron-5559:/tmp/.ICE-unix/2054', 'XDG_MENU_PREFIX': 'gnome-', 'LC_ADDRESS': 'de_DE.UTF-8', 'GNOME_TERMINAL_SCREEN': '/org/gnome/Terminal/screen/351eedeb_30dc_418d_b420_34c5a0c83961', 'GNOME_SETUP_DISPLAY': ':1', 'XDG_RUNTIME_DIR': '/run/user/1000', 'DISPLAY': ':0', 'LANG': 'en_US.UTF-8', 'XDG_CURRENT_DESKTOP': 'ubuntu:GNOME', 'LC_TELEPHONE': 'de_DE.UTF-8', 'XMODIFIERS': '@im=ibus', 'XDG_SESSION_DESKTOP': 'ubuntu', 'XAUTHORITY': '/run/user/1000/.mutter-Xwaylandauth.VYRET3', 'LS_COLORS': 'rs=0:di=01;34:ln=01;36:mh=00:pi=40;33:so=01;35:do=01;35:bd=40;33;01:cd=40;33;01:or=40;31;01:mi=00:su=37;41:sg=30;43:ca=30;41:tw=30;42:ow=34;42:st=37;44:ex=01;32:*.tar=01;31:*.tgz=01;31:*.arc=01;31:*.arj=01;31:*.taz=01;31:*.lha=01;31:*.lz4=01;31:*.lzh=01;31:*.lzma=01;31:*.tlz=01;31:*.txz=01;31:*.tzo=01;31:*.t7z=01;31:*.zip=01;31:*.z=01;31:*.dz=01;31:*.gz=01;31:*.lrz=01;31:*.lz=01;31:*.lzo=01;31:*.xz=01;31:*.zst=01;31:*.tzst=01;31:*.bz2=01;31:*.bz=01;31:*.tbz=01;31:*.tbz2=01;31:*.tz=01;31:*.deb=01;31:*.rpm=01;31:*.jar=01;31:*.war=01;31:*.ear=01;31:*.sar=01;31:*.rar=01;31:*.alz=01;31:*.ace=01;31:*.zoo=01;31:*.cpio=01;31:*.7z=01;31:*.rz=01;31:*.cab=01;31:*.wim=01;31:*.swm=01;31:*.dwm=01;31:*.esd=01;31:*.jpg=01;35:*.jpeg=01;35:*.mjpg=01;35:*.mjpeg=01;35:*.gif=01;35:*.bmp=01;35:*.pbm=01;35:*.pgm=01;35:*.ppm=01;35:*.tga=01;35:*.xbm=01;35:*.xpm=01;35:*.tif=01;35:*.tiff=01;35:*.png=01;35:*.svg=01;35:*.svgz=01;35:*.mng=01;35:*.pcx=01;35:*.mov=01;35:*.mpg=01;35:*.mpeg=01;35:*.m2v=01;35:*.mkv=01;35:*.webm=01;35:*.webp=01;35:*.ogm=01;35:*.mp4=01;35:*.m4v=01;35:*.mp4v=01;35:*.vob=01;35:*.qt=01;35:*.nuv=01;35:*.wmv=01;35:*.asf=01;35:*.rm=01;35:*.rmvb=01;35:*.flc=01;35:*.avi=01;35:*.fli=01;35:*.flv=01;35:*.gl=01;35:*.dl=01;35:*.xcf=01;35:*.xwd=01;35:*.yuv=01;35:*.cgm=01;35:*.emf=01;35:*.ogv=01;35:*.ogx=01;35:*.aac=00;36:*.au=00;36:*.flac=00;36:*.m4a=00;36:*.mid=00;36:*.midi=00;36:*.mka=00;36:*.mp3=00;36:*.mpc=00;36:*.ogg=00;36:*.ra=00;36:*.wav=00;36:*.oga=00;36:*.opus=00;36:*.spx=00;36:*.xspf=00;36:', 'GNOME_TERMINAL_SERVICE': ':1.120', 'SSH_AGENT_LAUNCHER': 'gnome-keyring', 'SSH_AUTH_SOCK': '/run/user/1000/keyring/ssh', 'AMENT_PREFIX_PATH': '/opt/ros/humble', 'SHELL': '/bin/bash', 'LC_NAME': 'de_DE.UTF-8', 'QT_ACCESSIBILITY': '1', 'GDMSESSION': 'ubuntu', 'LESSCLOSE': '/usr/bin/lesspipe %s %s', 'LC_MEASUREMENT': 'de_DE.UTF-8', 'LC_IDENTIFICATION': 'de_DE.UTF-8', 'QT_IM_MODULE': 'ibus', 'PWD': '/home/rahul/Mir_robot/build/point_cloud_functions', 'XDG_CONFIG_DIRS': '/etc/xdg/xdg-ubuntu:/etc/xdg', 'XDG_DATA_DIRS': '/usr/share/ubuntu:/usr/local/share/:/usr/share/:/var/lib/snapd/desktop', 'PYTHONPATH': '/home/rahul/Mir_robot/build/point_cloud_functions/prefix_override:/usr/lib/python3/dist-packages/colcon_core/task/python/colcon_distutils_commands:/home/rahul/Mir_robot/install/point_cloud_functions/lib/python3.10/site-packages:/opt/ros/humble/lib/python3.10/site-packages:/opt/ros/humble/local/lib/python3.10/dist-packages', 'LC_NUMERIC': 'de_DE.UTF-8', 'LC_PAPER': 'de_DE.UTF-8', 'COLCON': '1', 'VTE_VERSION': '6800'}, 'shell': False}
[23.018349] (-) TimerEvent: {}
[23.118665] (-) TimerEvent: {}
[23.221265] (-) TimerEvent: {}
[23.321638] (-) TimerEvent: {}
[23.406373] (mir_restapi) StdoutLine: {'line': b'running develop\n'}
[23.421744] (-) TimerEvent: {}
[23.522112] (-) TimerEvent: {}
[23.618352] (point_cloud_functions) StdoutLine: {'line': b'running develop\n'}
[23.622219] (-) TimerEvent: {}
[23.724252] (-) TimerEvent: {}
[23.824631] (-) TimerEvent: {}
[23.859849] (mir_restapi) StdoutLine: {'line': b'running egg_info\n'}
[23.860753] (mir_restapi) StdoutLine: {'line': b'creating mir_restapi.egg-info\n'}
[23.861008] (mir_restapi) StdoutLine: {'line': b'writing mir_restapi.egg-info/PKG-INFO\n'}
[23.862016] (mir_restapi) StdoutLine: {'line': b'writing dependency_links to mir_restapi.egg-info/dependency_links.txt\n'}
[23.862311] (mir_restapi) StdoutLine: {'line': b'writing entry points to mir_restapi.egg-info/entry_points.txt\n'}
[23.862918] (mir_restapi) StdoutLine: {'line': b'writing requirements to mir_restapi.egg-info/requires.txt\n'}
[23.863597] (mir_restapi) StdoutLine: {'line': b'writing top-level names to mir_restapi.egg-info/top_level.txt\n'}
[23.863867] (mir_restapi) StdoutLine: {'line': b"writing manifest file 'mir_restapi.egg-info/SOURCES.txt'\n"}
[23.867351] (mir_restapi) StdoutLine: {'line': b"reading manifest file 'mir_restapi.egg-info/SOURCES.txt'\n"}
[23.869079] (mir_restapi) StdoutLine: {'line': b"writing manifest file 'mir_restapi.egg-info/SOURCES.txt'\n"}
[23.872153] (mir_restapi) StdoutLine: {'line': b'running build_ext\n'}
[23.872482] (mir_restapi) StdoutLine: {'line': b'Creating /home/rahul/Mir_robot/install/mir_restapi/lib/python3.10/site-packages/mir-restapi.egg-link (link to .)\n'}
[23.874171] (mir_restapi) StdoutLine: {'line': b'Installing mir_restapi_server script to /home/rahul/Mir_robot/install/mir_restapi/lib/mir_restapi\n'}
[23.875226] (mir_restapi) StdoutLine: {'line': b'Installing mir_restapi_sync_time script to /home/rahul/Mir_robot/install/mir_restapi/lib/mir_restapi\n'}
[23.875426] (mir_restapi) StdoutLine: {'line': b'\n'}
[23.875652] (mir_restapi) StdoutLine: {'line': b'Installed /home/rahul/Mir_robot/build/mir_restapi\n'}
[23.876031] (mir_restapi) StdoutLine: {'line': b'running symlink_data\n'}
[23.876497] (mir_restapi) StdoutLine: {'line': b'creating /home/rahul/Mir_robot/install/mir_restapi/share/ament_index\n'}
[23.876949] (mir_restapi) StdoutLine: {'line': b'creating /home/rahul/Mir_robot/install/mir_restapi/share/ament_index/resource_index\n'}
[23.877179] (mir_restapi) StdoutLine: {'line': b'creating /home/rahul/Mir_robot/install/mir_restapi/share/ament_index/resource_index/packages\n'}
[23.877610] (mir_restapi) StdoutLine: {'line': b'symbolically linking /home/rahul/Mir_robot/build/mir_restapi/resource/mir_restapi -> /home/rahul/Mir_robot/install/mir_restapi/share/ament_index/resource_index/packages\n'}
[23.878062] (mir_restapi) StdoutLine: {'line': b'symbolically linking /home/rahul/Mir_robot/build/mir_restapi/package.xml -> /home/rahul/Mir_robot/install/mir_restapi/share/mir_restapi\n'}
[23.878449] (mir_restapi) StdoutLine: {'line': b'creating /home/rahul/Mir_robot/install/mir_restapi/share/mir_restapi/launch\n'}
[23.926113] (-) TimerEvent: {}
[23.934177] (mir_restapi) CommandEnded: {'returncode': 0}
[23.949847] (mir_restapi) JobEnded: {'identifier': 'mir_restapi', 'rc': 0}
[23.951513] (realsense2_description) JobStarted: {'identifier': 'realsense2_description'}
[23.967723] (realsense2_description) JobProgress: {'identifier': 'realsense2_description', 'progress': 'cmake'}
[23.970299] (realsense2_description) Command: {'cmd': ['/usr/bin/cmake', '/home/rahul/Mir_robot/src/mir_robot/realsense2_description', '-DAMENT_CMAKE_SYMLINK_INSTALL=1', '-DCMAKE_INSTALL_PREFIX=/home/rahul/Mir_robot/install/realsense2_description'], 'cwd': '/home/rahul/Mir_robot/build/realsense2_description', 'env': OrderedDict([('LESSOPEN', '| /usr/bin/lesspipe %s'), ('USER', 'rahul'), ('LC_TIME', 'de_DE.UTF-8'), ('XDG_SESSION_TYPE', 'wayland'), ('SHLVL', '1'), ('LD_LIBRARY_PATH', '/usr/lib/x86_64-linux-gnu/gazebo-11/plugins:/opt/ros/humble/opt/rviz_ogre_vendor/lib:/opt/ros/humble/lib/x86_64-linux-gnu:/opt/ros/humble/lib'), ('HOME', '/home/rahul'), ('OLDPWD', '/home/rahul'), ('DESKTOP_SESSION', 'ubuntu'), ('ROS_PYTHON_VERSION', '3'), ('GNOME_SHELL_SESSION_MODE', 'ubuntu'), ('GTK_MODULES', 'gail:atk-bridge'), ('LC_MONETARY', 'de_DE.UTF-8'), ('SYSTEMD_EXEC_PID', '6479'), ('DBUS_SESSION_BUS_ADDRESS', 'unix:path=/run/user/1000/bus'), ('COLORTERM', 'truecolor'), ('IM_CONFIG_PHASE', '1'), ('WAYLAND_DISPLAY', 'wayland-0'), ('ROS_DISTRO', 'humble'), ('LOGNAME', 'rahul'), ('_', '/usr/bin/colcon'), ('ROS_VERSION', '2'), ('XDG_SESSION_CLASS', 'user'), ('USERNAME', 'rahul'), ('TERM', 'xterm-256color'), ('GNOME_DESKTOP_SESSION_ID', 'this-is-deprecated'), ('ROS_LOCALHOST_ONLY', '0'), ('PATH', '/opt/ros/humble/bin:/home/rahul/.local/bin:/usr/local/sbin:/usr/local/bin:/usr/sbin:/usr/bin:/sbin:/bin:/usr/games:/usr/local/games:/snap/bin:/snap/bin'), ('SESSION_MANAGER', 'local/rahul-Inspiron-5559:@/tmp/.ICE-unix/2054,unix/rahul-Inspiron-5559:/tmp/.ICE-unix/2054'), ('XDG_MENU_PREFIX', 'gnome-'), ('LC_ADDRESS', 'de_DE.UTF-8'), ('GNOME_TERMINAL_SCREEN', '/org/gnome/Terminal/screen/351eedeb_30dc_418d_b420_34c5a0c83961'), ('GNOME_SETUP_DISPLAY', ':1'), ('XDG_RUNTIME_DIR', '/run/user/1000'), ('DISPLAY', ':0'), ('LANG', 'en_US.UTF-8'), ('XDG_CURRENT_DESKTOP', 'ubuntu:GNOME'), ('LC_TELEPHONE', 'de_DE.UTF-8'), ('XMODIFIERS', '@im=ibus'), ('XDG_SESSION_DESKTOP', 'ubuntu'), ('XAUTHORITY', '/run/user/1000/.mutter-Xwaylandauth.VYRET3'), ('LS_COLORS', 'rs=0:di=01;34:ln=01;36:mh=00:pi=40;33:so=01;35:do=01;35:bd=40;33;01:cd=40;33;01:or=40;31;01:mi=00:su=37;41:sg=30;43:ca=30;41:tw=30;42:ow=34;42:st=37;44:ex=01;32:*.tar=01;31:*.tgz=01;31:*.arc=01;31:*.arj=01;31:*.taz=01;31:*.lha=01;31:*.lz4=01;31:*.lzh=01;31:*.lzma=01;31:*.tlz=01;31:*.txz=01;31:*.tzo=01;31:*.t7z=01;31:*.zip=01;31:*.z=01;31:*.dz=01;31:*.gz=01;31:*.lrz=01;31:*.lz=01;31:*.lzo=01;31:*.xz=01;31:*.zst=01;31:*.tzst=01;31:*.bz2=01;31:*.bz=01;31:*.tbz=01;31:*.tbz2=01;31:*.tz=01;31:*.deb=01;31:*.rpm=01;31:*.jar=01;31:*.war=01;31:*.ear=01;31:*.sar=01;31:*.rar=01;31:*.alz=01;31:*.ace=01;31:*.zoo=01;31:*.cpio=01;31:*.7z=01;31:*.rz=01;31:*.cab=01;31:*.wim=01;31:*.swm=01;31:*.dwm=01;31:*.esd=01;31:*.jpg=01;35:*.jpeg=01;35:*.mjpg=01;35:*.mjpeg=01;35:*.gif=01;35:*.bmp=01;35:*.pbm=01;35:*.pgm=01;35:*.ppm=01;35:*.tga=01;35:*.xbm=01;35:*.xpm=01;35:*.tif=01;35:*.tiff=01;35:*.png=01;35:*.svg=01;35:*.svgz=01;35:*.mng=01;35:*.pcx=01;35:*.mov=01;35:*.mpg=01;35:*.mpeg=01;35:*.m2v=01;35:*.mkv=01;35:*.webm=01;35:*.webp=01;35:*.ogm=01;35:*.mp4=01;35:*.m4v=01;35:*.mp4v=01;35:*.vob=01;35:*.qt=01;35:*.nuv=01;35:*.wmv=01;35:*.asf=01;35:*.rm=01;35:*.rmvb=01;35:*.flc=01;35:*.avi=01;35:*.fli=01;35:*.flv=01;35:*.gl=01;35:*.dl=01;35:*.xcf=01;35:*.xwd=01;35:*.yuv=01;35:*.cgm=01;35:*.emf=01;35:*.ogv=01;35:*.ogx=01;35:*.aac=00;36:*.au=00;36:*.flac=00;36:*.m4a=00;36:*.mid=00;36:*.midi=00;36:*.mka=00;36:*.mp3=00;36:*.mpc=00;36:*.ogg=00;36:*.ra=00;36:*.wav=00;36:*.oga=00;36:*.opus=00;36:*.spx=00;36:*.xspf=00;36:'), ('GNOME_TERMINAL_SERVICE', ':1.120'), ('SSH_AGENT_LAUNCHER', 'gnome-keyring'), ('SSH_AUTH_SOCK', '/run/user/1000/keyring/ssh'), ('AMENT_PREFIX_PATH', '/opt/ros/humble'), ('SHELL', '/bin/bash'), ('LC_NAME', 'de_DE.UTF-8'), ('QT_ACCESSIBILITY', '1'), ('GDMSESSION', 'ubuntu'), ('LESSCLOSE', '/usr/bin/lesspipe %s %s'), ('LC_MEASUREMENT', 'de_DE.UTF-8'), ('LC_IDENTIFICATION', 'de_DE.UTF-8'), ('QT_IM_MODULE', 'ibus'), ('PWD', '/home/rahul/Mir_robot/build/realsense2_description'), ('XDG_CONFIG_DIRS', '/etc/xdg/xdg-ubuntu:/etc/xdg'), ('XDG_DATA_DIRS', '/usr/share/ubuntu:/usr/local/share/:/usr/share/:/var/lib/snapd/desktop'), ('PYTHONPATH', '/opt/ros/humble/lib/python3.10/site-packages:/opt/ros/humble/local/lib/python3.10/dist-packages'), ('LC_NUMERIC', 'de_DE.UTF-8'), ('LC_PAPER', 'de_DE.UTF-8'), ('COLCON', '1'), ('VTE_VERSION', '6800'), ('CMAKE_PREFIX_PATH', '/opt/ros/humble')]), 'shell': False}
[24.028107] (-) TimerEvent: {}
[24.040465] (point_cloud_functions) StdoutLine: {'line': b'running egg_info\n'}
[24.040684] (point_cloud_functions) StdoutLine: {'line': b'creating point_cloud_functions.egg-info\n'}
[24.041434] (point_cloud_functions) StdoutLine: {'line': b'writing point_cloud_functions.egg-info/PKG-INFO\n'}
[24.042515] (point_cloud_functions) StdoutLine: {'line': b'writing dependency_links to point_cloud_functions.egg-info/dependency_links.txt\n'}
[24.042999] (point_cloud_functions) StdoutLine: {'line': b'writing entry points to point_cloud_functions.egg-info/entry_points.txt\n'}
[24.043376] (point_cloud_functions) StdoutLine: {'line': b'writing requirements to point_cloud_functions.egg-info/requires.txt\n'}
[24.043569] (point_cloud_functions) StdoutLine: {'line': b'writing top-level names to point_cloud_functions.egg-info/top_level.txt\n'}
[24.046102] (point_cloud_functions) StdoutLine: {'line': b"writing manifest file 'point_cloud_functions.egg-info/SOURCES.txt'\n"}
[24.049535] (point_cloud_functions) StdoutLine: {'line': b"reading manifest file 'point_cloud_functions.egg-info/SOURCES.txt'\n"}
[24.051353] (point_cloud_functions) StdoutLine: {'line': b"writing manifest file 'point_cloud_functions.egg-info/SOURCES.txt'\n"}
[24.053971] (point_cloud_functions) StdoutLine: {'line': b'running build_ext\n'}
[24.056216] (point_cloud_functions) StdoutLine: {'line': b'Creating /home/rahul/Mir_robot/install/point_cloud_functions/lib/python3.10/site-packages/point-cloud-functions.egg-link (link to .)\n'}
[24.056552] (point_cloud_functions) StdoutLine: {'line': b'Installing point_cloud_reader script to /home/rahul/Mir_robot/install/point_cloud_functions/lib/point_cloud_functions\n'}
[24.057412] (point_cloud_functions) StdoutLine: {'line': b'\n'}
[24.057691] (point_cloud_functions) StdoutLine: {'line': b'Installed /home/rahul/Mir_robot/build/point_cloud_functions\n'}
[24.058434] (point_cloud_functions) StdoutLine: {'line': b'running symlink_data\n'}
[24.058610] (point_cloud_functions) StdoutLine: {'line': b'creating /home/rahul/Mir_robot/install/point_cloud_functions/share/ament_index\n'}
[24.058723] (point_cloud_functions) StdoutLine: {'line': b'creating /home/rahul/Mir_robot/install/point_cloud_functions/share/ament_index/resource_index\n'}
[24.058822] (point_cloud_functions) StdoutLine: {'line': b'creating /home/rahul/Mir_robot/install/point_cloud_functions/share/ament_index/resource_index/packages\n'}
[24.059417] (point_cloud_functions) StdoutLine: {'line': b'symbolically linking /home/rahul/Mir_robot/build/point_cloud_functions/resource/point_cloud_functions -> /home/rahul/Mir_robot/install/point_cloud_functions/share/ament_index/resource_index/packages\n'}
[24.062221] (point_cloud_functions) StdoutLine: {'line': b'symbolically linking /home/rahul/Mir_robot/build/point_cloud_functions/package.xml -> /home/rahul/Mir_robot/install/point_cloud_functions/share/point_cloud_functions\n'}
[24.086231] (realsense2_description) StdoutLine: {'line': b'-- The C compiler identification is GNU 11.4.0\n'}
[24.118780] (point_cloud_functions) CommandEnded: {'returncode': 0}
[24.130122] (-) TimerEvent: {}
[24.132873] (point_cloud_functions) JobEnded: {'identifier': 'point_cloud_functions', 'rc': 0}
[24.133773] (realsense_gazebo_plugin) JobStarted: {'identifier': 'realsense_gazebo_plugin'}
[24.149683] (realsense_gazebo_plugin) JobProgress: {'identifier': 'realsense_gazebo_plugin', 'progress': 'cmake'}
[24.154365] (realsense_gazebo_plugin) Command: {'cmd': ['/usr/bin/cmake', '/home/rahul/Mir_robot/src/mir_robot/realsense_gazebo_plugin', '-DAMENT_CMAKE_SYMLINK_INSTALL=1', '-DCMAKE_INSTALL_PREFIX=/home/rahul/Mir_robot/install/realsense_gazebo_plugin'], 'cwd': '/home/rahul/Mir_robot/build/realsense_gazebo_plugin', 'env': OrderedDict([('LESSOPEN', '| /usr/bin/lesspipe %s'), ('USER', 'rahul'), ('LC_TIME', 'de_DE.UTF-8'), ('XDG_SESSION_TYPE', 'wayland'), ('SHLVL', '1'), ('LD_LIBRARY_PATH', '/usr/lib/x86_64-linux-gnu/gazebo-11/plugins:/opt/ros/humble/opt/rviz_ogre_vendor/lib:/opt/ros/humble/lib/x86_64-linux-gnu:/opt/ros/humble/lib'), ('HOME', '/home/rahul'), ('OLDPWD', '/home/rahul'), ('DESKTOP_SESSION', 'ubuntu'), ('ROS_PYTHON_VERSION', '3'), ('GNOME_SHELL_SESSION_MODE', 'ubuntu'), ('GTK_MODULES', 'gail:atk-bridge'), ('LC_MONETARY', 'de_DE.UTF-8'), ('SYSTEMD_EXEC_PID', '6479'), ('DBUS_SESSION_BUS_ADDRESS', 'unix:path=/run/user/1000/bus'), ('COLORTERM', 'truecolor'), ('IM_CONFIG_PHASE', '1'), ('WAYLAND_DISPLAY', 'wayland-0'), ('ROS_DISTRO', 'humble'), ('LOGNAME', 'rahul'), ('_', '/usr/bin/colcon'), ('ROS_VERSION', '2'), ('XDG_SESSION_CLASS', 'user'), ('USERNAME', 'rahul'), ('TERM', 'xterm-256color'), ('GNOME_DESKTOP_SESSION_ID', 'this-is-deprecated'), ('ROS_LOCALHOST_ONLY', '0'), ('PATH', '/opt/ros/humble/bin:/home/rahul/.local/bin:/usr/local/sbin:/usr/local/bin:/usr/sbin:/usr/bin:/sbin:/bin:/usr/games:/usr/local/games:/snap/bin:/snap/bin'), ('SESSION_MANAGER', 'local/rahul-Inspiron-5559:@/tmp/.ICE-unix/2054,unix/rahul-Inspiron-5559:/tmp/.ICE-unix/2054'), ('XDG_MENU_PREFIX', 'gnome-'), ('LC_ADDRESS', 'de_DE.UTF-8'), ('GNOME_TERMINAL_SCREEN', '/org/gnome/Terminal/screen/351eedeb_30dc_418d_b420_34c5a0c83961'), ('GNOME_SETUP_DISPLAY', ':1'), ('XDG_RUNTIME_DIR', '/run/user/1000'), ('DISPLAY', ':0'), ('LANG', 'en_US.UTF-8'), ('XDG_CURRENT_DESKTOP', 'ubuntu:GNOME'), ('LC_TELEPHONE', 'de_DE.UTF-8'), ('XMODIFIERS', '@im=ibus'), ('XDG_SESSION_DESKTOP', 'ubuntu'), ('XAUTHORITY', '/run/user/1000/.mutter-Xwaylandauth.VYRET3'), ('LS_COLORS', 'rs=0:di=01;34:ln=01;36:mh=00:pi=40;33:so=01;35:do=01;35:bd=40;33;01:cd=40;33;01:or=40;31;01:mi=00:su=37;41:sg=30;43:ca=30;41:tw=30;42:ow=34;42:st=37;44:ex=01;32:*.tar=01;31:*.tgz=01;31:*.arc=01;31:*.arj=01;31:*.taz=01;31:*.lha=01;31:*.lz4=01;31:*.lzh=01;31:*.lzma=01;31:*.tlz=01;31:*.txz=01;31:*.tzo=01;31:*.t7z=01;31:*.zip=01;31:*.z=01;31:*.dz=01;31:*.gz=01;31:*.lrz=01;31:*.lz=01;31:*.lzo=01;31:*.xz=01;31:*.zst=01;31:*.tzst=01;31:*.bz2=01;31:*.bz=01;31:*.tbz=01;31:*.tbz2=01;31:*.tz=01;31:*.deb=01;31:*.rpm=01;31:*.jar=01;31:*.war=01;31:*.ear=01;31:*.sar=01;31:*.rar=01;31:*.alz=01;31:*.ace=01;31:*.zoo=01;31:*.cpio=01;31:*.7z=01;31:*.rz=01;31:*.cab=01;31:*.wim=01;31:*.swm=01;31:*.dwm=01;31:*.esd=01;31:*.jpg=01;35:*.jpeg=01;35:*.mjpg=01;35:*.mjpeg=01;35:*.gif=01;35:*.bmp=01;35:*.pbm=01;35:*.pgm=01;35:*.ppm=01;35:*.tga=01;35:*.xbm=01;35:*.xpm=01;35:*.tif=01;35:*.tiff=01;35:*.png=01;35:*.svg=01;35:*.svgz=01;35:*.mng=01;35:*.pcx=01;35:*.mov=01;35:*.mpg=01;35:*.mpeg=01;35:*.m2v=01;35:*.mkv=01;35:*.webm=01;35:*.webp=01;35:*.ogm=01;35:*.mp4=01;35:*.m4v=01;35:*.mp4v=01;35:*.vob=01;35:*.qt=01;35:*.nuv=01;35:*.wmv=01;35:*.asf=01;35:*.rm=01;35:*.rmvb=01;35:*.flc=01;35:*.avi=01;35:*.fli=01;35:*.flv=01;35:*.gl=01;35:*.dl=01;35:*.xcf=01;35:*.xwd=01;35:*.yuv=01;35:*.cgm=01;35:*.emf=01;35:*.ogv=01;35:*.ogx=01;35:*.aac=00;36:*.au=00;36:*.flac=00;36:*.m4a=00;36:*.mid=00;36:*.midi=00;36:*.mka=00;36:*.mp3=00;36:*.mpc=00;36:*.ogg=00;36:*.ra=00;36:*.wav=00;36:*.oga=00;36:*.opus=00;36:*.spx=00;36:*.xspf=00;36:'), ('GNOME_TERMINAL_SERVICE', ':1.120'), ('SSH_AGENT_LAUNCHER', 'gnome-keyring'), ('SSH_AUTH_SOCK', '/run/user/1000/keyring/ssh'), ('AMENT_PREFIX_PATH', '/opt/ros/humble'), ('SHELL', '/bin/bash'), ('LC_NAME', 'de_DE.UTF-8'), ('QT_ACCESSIBILITY', '1'), ('GDMSESSION', 'ubuntu'), ('LESSCLOSE', '/usr/bin/lesspipe %s %s'), ('LC_MEASUREMENT', 'de_DE.UTF-8'), ('LC_IDENTIFICATION', 'de_DE.UTF-8'), ('QT_IM_MODULE', 'ibus'), ('PWD', '/home/rahul/Mir_robot/build/realsense_gazebo_plugin'), ('XDG_CONFIG_DIRS', '/etc/xdg/xdg-ubuntu:/etc/xdg'), ('XDG_DATA_DIRS', '/usr/share/ubuntu:/usr/local/share/:/usr/share/:/var/lib/snapd/desktop'), ('PYTHONPATH', '/opt/ros/humble/lib/python3.10/site-packages:/opt/ros/humble/local/lib/python3.10/dist-packages'), ('LC_NUMERIC', 'de_DE.UTF-8'), ('LC_PAPER', 'de_DE.UTF-8'), ('COLCON', '1'), ('VTE_VERSION', '6800'), ('CMAKE_PREFIX_PATH', '/opt/ros/humble')]), 'shell': False}
[24.199632] (realsense2_description) StdoutLine: {'line': b'-- The CXX compiler identification is GNU 11.4.0\n'}
[24.217372] (realsense2_description) StdoutLine: {'line': b'-- Detecting C compiler ABI info\n'}
[24.231050] (-) TimerEvent: {}
[24.262184] (realsense_gazebo_plugin) StdoutLine: {'line': b'-- The C compiler identification is GNU 11.4.0\n'}
[24.331118] (-) TimerEvent: {}
[24.361202] (realsense2_description) StdoutLine: {'line': b'-- Detecting C compiler ABI info - done\n'}
[24.375334] (realsense_gazebo_plugin) StdoutLine: {'line': b'-- The CXX compiler identification is GNU 11.4.0\n'}
[24.377702] (realsense2_description) StdoutLine: {'line': b'-- Check for working C compiler: /usr/bin/cc - skipped\n'}
[24.378484] (realsense2_description) StdoutLine: {'line': b'-- Detecting C compile features\n'}
[24.379577] (realsense2_description) StdoutLine: {'line': b'-- Detecting C compile features - done\n'}
[24.385716] (realsense2_description) StdoutLine: {'line': b'-- Detecting CXX compiler ABI info\n'}
[24.388890] (realsense_gazebo_plugin) StdoutLine: {'line': b'-- Detecting C compiler ABI info\n'}
[24.431232] (-) TimerEvent: {}
[24.518438] (realsense_gazebo_plugin) StdoutLine: {'line': b'-- Detecting C compiler ABI info - done\n'}
[24.531351] (-) TimerEvent: {}
[24.539105] (realsense_gazebo_plugin) StdoutLine: {'line': b'-- Check for working C compiler: /usr/bin/cc - skipped\n'}
[24.541851] (realsense2_description) StdoutLine: {'line': b'-- Detecting CXX compiler ABI info - done\n'}
[24.542189] (realsense_gazebo_plugin) StdoutLine: {'line': b'-- Detecting C compile features\n'}
[24.542342] (realsense_gazebo_plugin) StdoutLine: {'line': b'-- Detecting C compile features - done\n'}
[24.547515] (realsense_gazebo_plugin) StdoutLine: {'line': b'-- Detecting CXX compiler ABI info\n'}
[24.556884] (realsense2_description) StdoutLine: {'line': b'-- Check for working CXX compiler: /usr/bin/c++ - skipped\n'}
[24.557518] (realsense2_description) StdoutLine: {'line': b'-- Detecting CXX compile features\n'}
[24.559115] (realsense2_description) StdoutLine: {'line': b'-- Detecting CXX compile features - done\n'}
[24.564053] (realsense2_description) StdoutLine: {'line': b'-- Found ament_cmake: 1.3.14 (/opt/ros/humble/share/ament_cmake/cmake)\n'}
[24.631481] (-) TimerEvent: {}
[24.733658] (-) TimerEvent: {}
[24.738332] (realsense_gazebo_plugin) StdoutLine: {'line': b'-- Detecting CXX compiler ABI info - done\n'}
[24.756799] (realsense_gazebo_plugin) StdoutLine: {'line': b'-- Check for working CXX compiler: /usr/bin/c++ - skipped\n'}
[24.758755] (realsense_gazebo_plugin) StdoutLine: {'line': b'-- Detecting CXX compile features\n'}
[24.759068] (realsense_gazebo_plugin) StdoutLine: {'line': b'-- Detecting CXX compile features - done\n'}
[24.766900] (realsense_gazebo_plugin) StdoutLine: {'line': b'-- Found ament_cmake: 1.3.14 (/opt/ros/humble/share/ament_cmake/cmake)\n'}
[24.833767] (-) TimerEvent: {}
[24.871411] (realsense2_description) StdoutLine: {'line': b'-- Found Python3: /usr/bin/python3 (found version "3.10.12") found components: Interpreter \n'}
[24.933874] (-) TimerEvent: {}
[25.002161] (realsense2_description) StdoutLine: {'line': b'-- Override CMake install command with custom implementation using symlinks instead of copying resources\n'}
[25.033983] (-) TimerEvent: {}
[25.073140] (realsense_gazebo_plugin) StdoutLine: {'line': b'-- Found Python3: /usr/bin/python3 (found version "3.10.12") found components: Interpreter \n'}
[25.134103] (-) TimerEvent: {}
[25.190755] (realsense2_description) StdoutLine: {'line': b'-- Configuring done\n'}
[25.195906] (realsense2_description) StdoutLine: {'line': b'-- Generating done\n'}
[25.200106] (realsense2_description) StdoutLine: {'line': b'-- Build files have been written to: /home/rahul/Mir_robot/build/realsense2_description\n'}
[25.202236] (realsense_gazebo_plugin) StdoutLine: {'line': b'-- Override CMake install command with custom implementation using symlinks instead of copying resources\n'}
[25.208535] (realsense2_description) CommandEnded: {'returncode': 0}
[25.213136] (realsense2_description) JobProgress: {'identifier': 'realsense2_description', 'progress': 'build'}
[25.213241] (realsense2_description) Command: {'cmd': ['/usr/bin/cmake', '--build', '/home/rahul/Mir_robot/build/realsense2_description', '--', '-j4', '-l4'], 'cwd': '/home/rahul/Mir_robot/build/realsense2_description', 'env': OrderedDict([('LESSOPEN', '| /usr/bin/lesspipe %s'), ('USER', 'rahul'), ('LC_TIME', 'de_DE.UTF-8'), ('XDG_SESSION_TYPE', 'wayland'), ('SHLVL', '1'), ('LD_LIBRARY_PATH', '/usr/lib/x86_64-linux-gnu/gazebo-11/plugins:/opt/ros/humble/opt/rviz_ogre_vendor/lib:/opt/ros/humble/lib/x86_64-linux-gnu:/opt/ros/humble/lib'), ('HOME', '/home/rahul'), ('OLDPWD', '/home/rahul'), ('DESKTOP_SESSION', 'ubuntu'), ('ROS_PYTHON_VERSION', '3'), ('GNOME_SHELL_SESSION_MODE', 'ubuntu'), ('GTK_MODULES', 'gail:atk-bridge'), ('LC_MONETARY', 'de_DE.UTF-8'), ('SYSTEMD_EXEC_PID', '6479'), ('DBUS_SESSION_BUS_ADDRESS', 'unix:path=/run/user/1000/bus'), ('COLORTERM', 'truecolor'), ('IM_CONFIG_PHASE', '1'), ('WAYLAND_DISPLAY', 'wayland-0'), ('ROS_DISTRO', 'humble'), ('LOGNAME', 'rahul'), ('_', '/usr/bin/colcon'), ('ROS_VERSION', '2'), ('XDG_SESSION_CLASS', 'user'), ('USERNAME', 'rahul'), ('TERM', 'xterm-256color'), ('GNOME_DESKTOP_SESSION_ID', 'this-is-deprecated'), ('ROS_LOCALHOST_ONLY', '0'), ('PATH', '/opt/ros/humble/bin:/home/rahul/.local/bin:/usr/local/sbin:/usr/local/bin:/usr/sbin:/usr/bin:/sbin:/bin:/usr/games:/usr/local/games:/snap/bin:/snap/bin'), ('SESSION_MANAGER', 'local/rahul-Inspiron-5559:@/tmp/.ICE-unix/2054,unix/rahul-Inspiron-5559:/tmp/.ICE-unix/2054'), ('XDG_MENU_PREFIX', 'gnome-'), ('LC_ADDRESS', 'de_DE.UTF-8'), ('GNOME_TERMINAL_SCREEN', '/org/gnome/Terminal/screen/351eedeb_30dc_418d_b420_34c5a0c83961'), ('GNOME_SETUP_DISPLAY', ':1'), ('XDG_RUNTIME_DIR', '/run/user/1000'), ('DISPLAY', ':0'), ('LANG', 'en_US.UTF-8'), ('XDG_CURRENT_DESKTOP', 'ubuntu:GNOME'), ('LC_TELEPHONE', 'de_DE.UTF-8'), ('XMODIFIERS', '@im=ibus'), ('XDG_SESSION_DESKTOP', 'ubuntu'), ('XAUTHORITY', '/run/user/1000/.mutter-Xwaylandauth.VYRET3'), ('LS_COLORS', 'rs=0:di=01;34:ln=01;36:mh=00:pi=40;33:so=01;35:do=01;35:bd=40;33;01:cd=40;33;01:or=40;31;01:mi=00:su=37;41:sg=30;43:ca=30;41:tw=30;42:ow=34;42:st=37;44:ex=01;32:*.tar=01;31:*.tgz=01;31:*.arc=01;31:*.arj=01;31:*.taz=01;31:*.lha=01;31:*.lz4=01;31:*.lzh=01;31:*.lzma=01;31:*.tlz=01;31:*.txz=01;31:*.tzo=01;31:*.t7z=01;31:*.zip=01;31:*.z=01;31:*.dz=01;31:*.gz=01;31:*.lrz=01;31:*.lz=01;31:*.lzo=01;31:*.xz=01;31:*.zst=01;31:*.tzst=01;31:*.bz2=01;31:*.bz=01;31:*.tbz=01;31:*.tbz2=01;31:*.tz=01;31:*.deb=01;31:*.rpm=01;31:*.jar=01;31:*.war=01;31:*.ear=01;31:*.sar=01;31:*.rar=01;31:*.alz=01;31:*.ace=01;31:*.zoo=01;31:*.cpio=01;31:*.7z=01;31:*.rz=01;31:*.cab=01;31:*.wim=01;31:*.swm=01;31:*.dwm=01;31:*.esd=01;31:*.jpg=01;35:*.jpeg=01;35:*.mjpg=01;35:*.mjpeg=01;35:*.gif=01;35:*.bmp=01;35:*.pbm=01;35:*.pgm=01;35:*.ppm=01;35:*.tga=01;35:*.xbm=01;35:*.xpm=01;35:*.tif=01;35:*.tiff=01;35:*.png=01;35:*.svg=01;35:*.svgz=01;35:*.mng=01;35:*.pcx=01;35:*.mov=01;35:*.mpg=01;35:*.mpeg=01;35:*.m2v=01;35:*.mkv=01;35:*.webm=01;35:*.webp=01;35:*.ogm=01;35:*.mp4=01;35:*.m4v=01;35:*.mp4v=01;35:*.vob=01;35:*.qt=01;35:*.nuv=01;35:*.wmv=01;35:*.asf=01;35:*.rm=01;35:*.rmvb=01;35:*.flc=01;35:*.avi=01;35:*.fli=01;35:*.flv=01;35:*.gl=01;35:*.dl=01;35:*.xcf=01;35:*.xwd=01;35:*.yuv=01;35:*.cgm=01;35:*.emf=01;35:*.ogv=01;35:*.ogx=01;35:*.aac=00;36:*.au=00;36:*.flac=00;36:*.m4a=00;36:*.mid=00;36:*.midi=00;36:*.mka=00;36:*.mp3=00;36:*.mpc=00;36:*.ogg=00;36:*.ra=00;36:*.wav=00;36:*.oga=00;36:*.opus=00;36:*.spx=00;36:*.xspf=00;36:'), ('GNOME_TERMINAL_SERVICE', ':1.120'), ('SSH_AGENT_LAUNCHER', 'gnome-keyring'), ('SSH_AUTH_SOCK', '/run/user/1000/keyring/ssh'), ('AMENT_PREFIX_PATH', '/opt/ros/humble'), ('SHELL', '/bin/bash'), ('LC_NAME', 'de_DE.UTF-8'), ('QT_ACCESSIBILITY', '1'), ('GDMSESSION', 'ubuntu'), ('LESSCLOSE', '/usr/bin/lesspipe %s %s'), ('LC_MEASUREMENT', 'de_DE.UTF-8'), ('LC_IDENTIFICATION', 'de_DE.UTF-8'), ('QT_IM_MODULE', 'ibus'), ('PWD', '/home/rahul/Mir_robot/build/realsense2_description'), ('XDG_CONFIG_DIRS', '/etc/xdg/xdg-ubuntu:/etc/xdg'), ('XDG_DATA_DIRS', '/usr/share/ubuntu:/usr/local/share/:/usr/share/:/var/lib/snapd/desktop'), ('PYTHONPATH', '/opt/ros/humble/lib/python3.10/site-packages:/opt/ros/humble/local/lib/python3.10/dist-packages'), ('LC_NUMERIC', 'de_DE.UTF-8'), ('LC_PAPER', 'de_DE.UTF-8'), ('COLCON', '1'), ('VTE_VERSION', '6800'), ('CMAKE_PREFIX_PATH', '/opt/ros/humble')]), 'shell': False}
[25.234218] (-) TimerEvent: {}
[25.273877] (realsense_gazebo_plugin) StdoutLine: {'line': b'-- Found rclcpp: 16.0.19 (/opt/ros/humble/share/rclcpp/cmake)\n'}
[25.293356] (realsense2_description) CommandEnded: {'returncode': 0}
[25.293998] (realsense2_description) JobProgress: {'identifier': 'realsense2_description', 'progress': 'install'}
[25.294056] (realsense2_description) Command: {'cmd': ['/usr/bin/cmake', '--install', '/home/rahul/Mir_robot/build/realsense2_description'], 'cwd': '/home/rahul/Mir_robot/build/realsense2_description', 'env': OrderedDict([('LESSOPEN', '| /usr/bin/lesspipe %s'), ('USER', 'rahul'), ('LC_TIME', 'de_DE.UTF-8'), ('XDG_SESSION_TYPE', 'wayland'), ('SHLVL', '1'), ('LD_LIBRARY_PATH', '/usr/lib/x86_64-linux-gnu/gazebo-11/plugins:/opt/ros/humble/opt/rviz_ogre_vendor/lib:/opt/ros/humble/lib/x86_64-linux-gnu:/opt/ros/humble/lib'), ('HOME', '/home/rahul'), ('OLDPWD', '/home/rahul'), ('DESKTOP_SESSION', 'ubuntu'), ('ROS_PYTHON_VERSION', '3'), ('GNOME_SHELL_SESSION_MODE', 'ubuntu'), ('GTK_MODULES', 'gail:atk-bridge'), ('LC_MONETARY', 'de_DE.UTF-8'), ('SYSTEMD_EXEC_PID', '6479'), ('DBUS_SESSION_BUS_ADDRESS', 'unix:path=/run/user/1000/bus'), ('COLORTERM', 'truecolor'), ('IM_CONFIG_PHASE', '1'), ('WAYLAND_DISPLAY', 'wayland-0'), ('ROS_DISTRO', 'humble'), ('LOGNAME', 'rahul'), ('_', '/usr/bin/colcon'), ('ROS_VERSION', '2'), ('XDG_SESSION_CLASS', 'user'), ('USERNAME', 'rahul'), ('TERM', 'xterm-256color'), ('GNOME_DESKTOP_SESSION_ID', 'this-is-deprecated'), ('ROS_LOCALHOST_ONLY', '0'), ('PATH', '/opt/ros/humble/bin:/home/rahul/.local/bin:/usr/local/sbin:/usr/local/bin:/usr/sbin:/usr/bin:/sbin:/bin:/usr/games:/usr/local/games:/snap/bin:/snap/bin'), ('SESSION_MANAGER', 'local/rahul-Inspiron-5559:@/tmp/.ICE-unix/2054,unix/rahul-Inspiron-5559:/tmp/.ICE-unix/2054'), ('XDG_MENU_PREFIX', 'gnome-'), ('LC_ADDRESS', 'de_DE.UTF-8'), ('GNOME_TERMINAL_SCREEN', '/org/gnome/Terminal/screen/351eedeb_30dc_418d_b420_34c5a0c83961'), ('GNOME_SETUP_DISPLAY', ':1'), ('XDG_RUNTIME_DIR', '/run/user/1000'), ('DISPLAY', ':0'), ('LANG', 'en_US.UTF-8'), ('XDG_CURRENT_DESKTOP', 'ubuntu:GNOME'), ('LC_TELEPHONE', 'de_DE.UTF-8'), ('XMODIFIERS', '@im=ibus'), ('XDG_SESSION_DESKTOP', 'ubuntu'), ('XAUTHORITY', '/run/user/1000/.mutter-Xwaylandauth.VYRET3'), ('LS_COLORS', 'rs=0:di=01;34:ln=01;36:mh=00:pi=40;33:so=01;35:do=01;35:bd=40;33;01:cd=40;33;01:or=40;31;01:mi=00:su=37;41:sg=30;43:ca=30;41:tw=30;42:ow=34;42:st=37;44:ex=01;32:*.tar=01;31:*.tgz=01;31:*.arc=01;31:*.arj=01;31:*.taz=01;31:*.lha=01;31:*.lz4=01;31:*.lzh=01;31:*.lzma=01;31:*.tlz=01;31:*.txz=01;31:*.tzo=01;31:*.t7z=01;31:*.zip=01;31:*.z=01;31:*.dz=01;31:*.gz=01;31:*.lrz=01;31:*.lz=01;31:*.lzo=01;31:*.xz=01;31:*.zst=01;31:*.tzst=01;31:*.bz2=01;31:*.bz=01;31:*.tbz=01;31:*.tbz2=01;31:*.tz=01;31:*.deb=01;31:*.rpm=01;31:*.jar=01;31:*.war=01;31:*.ear=01;31:*.sar=01;31:*.rar=01;31:*.alz=01;31:*.ace=01;31:*.zoo=01;31:*.cpio=01;31:*.7z=01;31:*.rz=01;31:*.cab=01;31:*.wim=01;31:*.swm=01;31:*.dwm=01;31:*.esd=01;31:*.jpg=01;35:*.jpeg=01;35:*.mjpg=01;35:*.mjpeg=01;35:*.gif=01;35:*.bmp=01;35:*.pbm=01;35:*.pgm=01;35:*.ppm=01;35:*.tga=01;35:*.xbm=01;35:*.xpm=01;35:*.tif=01;35:*.tiff=01;35:*.png=01;35:*.svg=01;35:*.svgz=01;35:*.mng=01;35:*.pcx=01;35:*.mov=01;35:*.mpg=01;35:*.mpeg=01;35:*.m2v=01;35:*.mkv=01;35:*.webm=01;35:*.webp=01;35:*.ogm=01;35:*.mp4=01;35:*.m4v=01;35:*.mp4v=01;35:*.vob=01;35:*.qt=01;35:*.nuv=01;35:*.wmv=01;35:*.asf=01;35:*.rm=01;35:*.rmvb=01;35:*.flc=01;35:*.avi=01;35:*.fli=01;35:*.flv=01;35:*.gl=01;35:*.dl=01;35:*.xcf=01;35:*.xwd=01;35:*.yuv=01;35:*.cgm=01;35:*.emf=01;35:*.ogv=01;35:*.ogx=01;35:*.aac=00;36:*.au=00;36:*.flac=00;36:*.m4a=00;36:*.mid=00;36:*.midi=00;36:*.mka=00;36:*.mp3=00;36:*.mpc=00;36:*.ogg=00;36:*.ra=00;36:*.wav=00;36:*.oga=00;36:*.opus=00;36:*.spx=00;36:*.xspf=00;36:'), ('GNOME_TERMINAL_SERVICE', ':1.120'), ('SSH_AGENT_LAUNCHER', 'gnome-keyring'), ('SSH_AUTH_SOCK', '/run/user/1000/keyring/ssh'), ('AMENT_PREFIX_PATH', '/opt/ros/humble'), ('SHELL', '/bin/bash'), ('LC_NAME', 'de_DE.UTF-8'), ('QT_ACCESSIBILITY', '1'), ('GDMSESSION', 'ubuntu'), ('LESSCLOSE', '/usr/bin/lesspipe %s %s'), ('LC_MEASUREMENT', 'de_DE.UTF-8'), ('LC_IDENTIFICATION', 'de_DE.UTF-8'), ('QT_IM_MODULE', 'ibus'), ('PWD', '/home/rahul/Mir_robot/build/realsense2_description'), ('XDG_CONFIG_DIRS', '/etc/xdg/xdg-ubuntu:/etc/xdg'), ('XDG_DATA_DIRS', '/usr/share/ubuntu:/usr/local/share/:/usr/share/:/var/lib/snapd/desktop'), ('PYTHONPATH', '/opt/ros/humble/lib/python3.10/site-packages:/opt/ros/humble/local/lib/python3.10/dist-packages'), ('LC_NUMERIC', 'de_DE.UTF-8'), ('LC_PAPER', 'de_DE.UTF-8'), ('COLCON', '1'), ('VTE_VERSION', '6800'), ('CMAKE_PREFIX_PATH', '/opt/ros/humble')]), 'shell': False}
[25.307290] (realsense2_description) StdoutLine: {'line': b'-- Install configuration: ""\n'}
[25.307542] (realsense2_description) StdoutLine: {'line': b'-- Execute custom install script\n'}
[25.308080] (realsense2_description) StdoutLine: {'line': b'-- Symlinking: /home/rahul/Mir_robot/install/realsense2_description/share/realsense2_description/launch/launch_utils.py\n'}
[25.325023] (realsense2_description) StdoutLine: {'line': b'-- Symlinking: /home/rahul/Mir_robot/install/realsense2_description/share/realsense2_description/launch/view_model.launch.py\n'}
[25.334329] (-) TimerEvent: {}
[25.341356] (realsense2_description) StdoutLine: {'line': b'-- Symlinking: /home/rahul/Mir_robot/install/realsense2_description/share/realsense2_description/meshes/d405.stl\n'}
[25.357246] (realsense2_description) StdoutLine: {'line': b'-- Symlinking: /home/rahul/Mir_robot/install/realsense2_description/share/realsense2_description/meshes/d415.stl\n'}
[25.369264] (realsense_gazebo_plugin) StdoutLine: {'line': b'-- Found rosidl_generator_c: 3.1.9 (/opt/ros/humble/share/rosidl_generator_c/cmake)\n'}
[25.375768] (realsense2_description) StdoutLine: {'line': b'-- Symlinking: /home/rahul/Mir_robot/install/realsense2_description/share/realsense2_description/meshes/d435.dae\n'}
[25.380823] (realsense_gazebo_plugin) StdoutLine: {'line': b'-- Found rosidl_adapter: 3.1.9 (/opt/ros/humble/share/rosidl_adapter/cmake)\n'}
[25.391795] (realsense2_description) StdoutLine: {'line': b'-- Symlinking: /home/rahul/Mir_robot/install/realsense2_description/share/realsense2_description/meshes/d455.stl\n'}
[25.399370] (realsense_gazebo_plugin) StdoutLine: {'line': b'-- Found rosidl_generator_cpp: 3.1.9 (/opt/ros/humble/share/rosidl_generator_cpp/cmake)\n'}
[25.407926] (realsense2_description) StdoutLine: {'line': b'-- Symlinking: /home/rahul/Mir_robot/install/realsense2_description/share/realsense2_description/meshes/l515.dae\n'}
[25.424941] (realsense2_description) StdoutLine: {'line': b'-- Symlinking: /home/rahul/Mir_robot/install/realsense2_description/share/realsense2_description/meshes/plug.stl\n'}
[25.425237] (realsense_gazebo_plugin) StdoutLine: {'line': b'-- Using all available rosidl_typesupport_c: rosidl_typesupport_fastrtps_c;rosidl_typesupport_introspection_c\n'}
[25.434434] (-) TimerEvent: {}
[25.439630] (realsense2_description) StdoutLine: {'line': b'-- Symlinking: /home/rahul/Mir_robot/install/realsense2_description/share/realsense2_description/meshes/plug_collision.stl\n'}
[25.455849] (realsense2_description) StdoutLine: {'line': b'-- Symlinking: /home/rahul/Mir_robot/install/realsense2_description/share/realsense2_description/rviz/urdf.rviz\n'}
[25.464242] (realsense_gazebo_plugin) StdoutLine: {'line': b'-- Using all available rosidl_typesupport_cpp: rosidl_typesupport_fastrtps_cpp;rosidl_typesupport_introspection_cpp\n'}
[25.473810] (realsense2_description) StdoutLine: {'line': b'-- Symlinking: /home/rahul/Mir_robot/install/realsense2_description/share/realsense2_description/urdf/_d405.urdf.xacro\n'}
[25.493144] (realsense2_description) StdoutLine: {'line': b'-- Symlinking: /home/rahul/Mir_robot/install/realsense2_description/share/realsense2_description/urdf/_d415.urdf.xacro\n'}
[25.507326] (realsense2_description) StdoutLine: {'line': b'-- Symlinking: /home/rahul/Mir_robot/install/realsense2_description/share/realsense2_description/urdf/_d435.urdf.xacro\n'}
[25.523376] (realsense2_description) StdoutLine: {'line': b'-- Symlinking: /home/rahul/Mir_robot/install/realsense2_description/share/realsense2_description/urdf/_d435i.urdf.xacro\n'}
[25.534545] (-) TimerEvent: {}
[25.539375] (realsense2_description) StdoutLine: {'line': b'-- Symlinking: /home/rahul/Mir_robot/install/realsense2_description/share/realsense2_description/urdf/_d435i_gazebo.xacro\n'}
[25.556846] (realsense2_description) StdoutLine: {'line': b'-- Symlinking: /home/rahul/Mir_robot/install/realsense2_description/share/realsense2_description/urdf/_d435i_imu_modules.urdf.xacro\n'}
[25.562750] (realsense_gazebo_plugin) StdoutLine: {'line': b'-- Found rmw_implementation_cmake: 6.1.2 (/opt/ros/humble/share/rmw_implementation_cmake/cmake)\n'}
[25.568311] (realsense_gazebo_plugin) StdoutLine: {'line': b'-- Found rmw_fastrtps_cpp: 6.2.10 (/opt/ros/humble/share/rmw_fastrtps_cpp/cmake)\n'}
[25.576485] (realsense2_description) StdoutLine: {'line': b'-- Symlinking: /home/rahul/Mir_robot/install/realsense2_description/share/realsense2_description/urdf/_d455.urdf.xacro\n'}
[25.593425] (realsense2_description) StdoutLine: {'line': b'-- Symlinking: /home/rahul/Mir_robot/install/realsense2_description/share/realsense2_description/urdf/_materials.urdf.xacro\n'}
[25.609389] (realsense2_description) StdoutLine: {'line': b'-- Symlinking: /home/rahul/Mir_robot/install/realsense2_description/share/realsense2_description/urdf/_r410.urdf.xacro\n'}
[25.626412] (realsense2_description) StdoutLine: {'line': b'-- Symlinking: /home/rahul/Mir_robot/install/realsense2_description/share/realsense2_description/urdf/_r430.urdf.xacro\n'}
[25.636328] (-) TimerEvent: {}
[25.642420] (realsense2_description) StdoutLine: {'line': b'-- Symlinking: /home/rahul/Mir_robot/install/realsense2_description/share/realsense2_description/urdf/_usb_plug.urdf.xacro\n'}
[25.659349] (realsense2_description) StdoutLine: {'line': b'-- Symlinking: /home/rahul/Mir_robot/install/realsense2_description/share/realsense2_description/urdf/test_d405_camera.urdf.xacro\n'}
[25.679910] (realsense2_description) StdoutLine: {'line': b'-- Symlinking: /home/rahul/Mir_robot/install/realsense2_description/share/realsense2_description/urdf/test_d415_camera.urdf.xacro\n'}
[25.696124] (realsense2_description) StdoutLine: {'line': b'-- Symlinking: /home/rahul/Mir_robot/install/realsense2_description/share/realsense2_description/urdf/test_d435_camera.urdf.xacro\n'}
[25.713017] (realsense2_description) StdoutLine: {'line': b'-- Symlinking: /home/rahul/Mir_robot/install/realsense2_description/share/realsense2_description/urdf/test_d435_multiple_cameras.urdf.xacro\n'}
[25.731532] (realsense2_description) StdoutLine: {'line': b'-- Symlinking: /home/rahul/Mir_robot/install/realsense2_description/share/realsense2_description/urdf/test_d435i_camera.urdf.xacro\n'}
[25.736441] (-) TimerEvent: {}
[25.748329] (realsense2_description) StdoutLine: {'line': b'-- Symlinking: /home/rahul/Mir_robot/install/realsense2_description/share/realsense2_description/urdf/test_d455_camera.urdf.xacro\n'}
[25.756124] (realsense_gazebo_plugin) StdoutLine: {'line': b'-- Found OpenSSL: /usr/lib/x86_64-linux-gnu/libcrypto.so (found version "3.0.2")  \n'}
[25.763515] (realsense2_description) StdoutLine: {'line': b'-- Symlinking: /home/rahul/Mir_robot/install/realsense2_description/share/realsense2_description/urdf/test_r410_camera.urdf.xacro\n'}
[25.779828] (realsense2_description) StdoutLine: {'line': b'-- Symlinking: /home/rahul/Mir_robot/install/realsense2_description/share/realsense2_description/urdf/test_r430_camera.urdf.xacro\n'}
[25.796793] (realsense2_description) StdoutLine: {'line': b'-- Symlinking: /home/rahul/Mir_robot/install/realsense2_description/share/ament_index/resource_index/package_run_dependencies/realsense2_description\n'}
[25.814668] (realsense2_description) StdoutLine: {'line': b'-- Symlinking: /home/rahul/Mir_robot/install/realsense2_description/share/ament_index/resource_index/parent_prefix_path/realsense2_description\n'}
[25.820112] (realsense_gazebo_plugin) StdoutLine: {'line': b'-- Found FastRTPS: /opt/ros/foxy/include  \n'}
[25.829924] (realsense2_description) StdoutLine: {'line': b'-- Symlinking: /home/rahul/Mir_robot/install/realsense2_description/share/realsense2_description/environment/ament_prefix_path.sh\n'}
[25.836548] (-) TimerEvent: {}
[25.847537] (realsense2_description) StdoutLine: {'line': b'-- Symlinking: /home/rahul/Mir_robot/install/realsense2_description/share/realsense2_description/environment/ament_prefix_path.dsv\n'}
[25.864118] (realsense2_description) StdoutLine: {'line': b'-- Symlinking: /home/rahul/Mir_robot/install/realsense2_description/share/realsense2_description/environment/path.sh\n'}
[25.882640] (realsense2_description) StdoutLine: {'line': b'-- Symlinking: /home/rahul/Mir_robot/install/realsense2_description/share/realsense2_description/environment/path.dsv\n'}
[25.898677] (realsense2_description) StdoutLine: {'line': b'-- Symlinking: /home/rahul/Mir_robot/install/realsense2_description/share/realsense2_description/local_setup.bash\n'}
[25.904488] (realsense_gazebo_plugin) StdoutLine: {'line': b"-- Using RMW implementation 'rmw_fastrtps_cpp' as default\n"}
[25.916817] (realsense2_description) StdoutLine: {'line': b'-- Symlinking: /home/rahul/Mir_robot/install/realsense2_description/share/realsense2_description/local_setup.sh\n'}
[25.923147] (realsense_gazebo_plugin) StdoutLine: {'line': b'-- Looking for pthread.h\n'}
[25.933343] (realsense2_description) StdoutLine: {'line': b'-- Symlinking: /home/rahul/Mir_robot/install/realsense2_description/share/realsense2_description/local_setup.zsh\n'}
[25.937394] (-) TimerEvent: {}
[25.953864] (realsense2_description) StdoutLine: {'line': b'-- Symlinking: /home/rahul/Mir_robot/install/realsense2_description/share/realsense2_description/local_setup.dsv\n'}
[25.973122] (realsense2_description) StdoutLine: {'line': b'-- Symlinking: /home/rahul/Mir_robot/install/realsense2_description/share/realsense2_description/package.dsv\n'}
[25.992148] (realsense2_description) StdoutLine: {'line': b'-- Symlinking: /home/rahul/Mir_robot/install/realsense2_description/share/ament_index/resource_index/packages/realsense2_description\n'}
[26.008483] (realsense2_description) StdoutLine: {'line': b'-- Symlinking: /home/rahul/Mir_robot/install/realsense2_description/share/realsense2_description/cmake/realsense2_descriptionConfig.cmake\n'}
[26.027214] (realsense2_description) StdoutLine: {'line': b'-- Symlinking: /home/rahul/Mir_robot/install/realsense2_description/share/realsense2_description/cmake/realsense2_descriptionConfig-version.cmake\n'}
[26.037512] (-) TimerEvent: {}
[26.041563] (realsense2_description) StdoutLine: {'line': b'-- Symlinking: /home/rahul/Mir_robot/install/realsense2_description/share/realsense2_description/package.xml\n'}
[26.063151] (realsense2_description) CommandEnded: {'returncode': 0}
[26.068279] (realsense_gazebo_plugin) StdoutLine: {'line': b'-- Looking for pthread.h - found\n'}
[26.070419] (realsense_gazebo_plugin) StdoutLine: {'line': b'-- Performing Test CMAKE_HAVE_LIBC_PTHREAD\n'}
[26.093717] (realsense2_description) JobEnded: {'identifier': 'realsense2_description', 'rc': 0}
[26.096166] (robotiq_description) JobStarted: {'identifier': 'robotiq_description'}
[26.106584] (robotiq_description) JobProgress: {'identifier': 'robotiq_description', 'progress': 'cmake'}
[26.115186] (robotiq_description) Command: {'cmd': ['/usr/bin/cmake', '/home/rahul/Mir_robot/src/mir_robot/robotiq_description', '-DAMENT_CMAKE_SYMLINK_INSTALL=1', '-DCMAKE_INSTALL_PREFIX=/home/rahul/Mir_robot/install/robotiq_description'], 'cwd': '/home/rahul/Mir_robot/build/robotiq_description', 'env': OrderedDict([('LESSOPEN', '| /usr/bin/lesspipe %s'), ('USER', 'rahul'), ('LC_TIME', 'de_DE.UTF-8'), ('XDG_SESSION_TYPE', 'wayland'), ('SHLVL', '1'), ('LD_LIBRARY_PATH', '/usr/lib/x86_64-linux-gnu/gazebo-11/plugins:/opt/ros/humble/opt/rviz_ogre_vendor/lib:/opt/ros/humble/lib/x86_64-linux-gnu:/opt/ros/humble/lib'), ('HOME', '/home/rahul'), ('OLDPWD', '/home/rahul'), ('DESKTOP_SESSION', 'ubuntu'), ('ROS_PYTHON_VERSION', '3'), ('GNOME_SHELL_SESSION_MODE', 'ubuntu'), ('GTK_MODULES', 'gail:atk-bridge'), ('LC_MONETARY', 'de_DE.UTF-8'), ('SYSTEMD_EXEC_PID', '6479'), ('DBUS_SESSION_BUS_ADDRESS', 'unix:path=/run/user/1000/bus'), ('COLORTERM', 'truecolor'), ('IM_CONFIG_PHASE', '1'), ('WAYLAND_DISPLAY', 'wayland-0'), ('ROS_DISTRO', 'humble'), ('LOGNAME', 'rahul'), ('_', '/usr/bin/colcon'), ('ROS_VERSION', '2'), ('XDG_SESSION_CLASS', 'user'), ('USERNAME', 'rahul'), ('TERM', 'xterm-256color'), ('GNOME_DESKTOP_SESSION_ID', 'this-is-deprecated'), ('ROS_LOCALHOST_ONLY', '0'), ('PATH', '/opt/ros/humble/bin:/home/rahul/.local/bin:/usr/local/sbin:/usr/local/bin:/usr/sbin:/usr/bin:/sbin:/bin:/usr/games:/usr/local/games:/snap/bin:/snap/bin'), ('SESSION_MANAGER', 'local/rahul-Inspiron-5559:@/tmp/.ICE-unix/2054,unix/rahul-Inspiron-5559:/tmp/.ICE-unix/2054'), ('XDG_MENU_PREFIX', 'gnome-'), ('LC_ADDRESS', 'de_DE.UTF-8'), ('GNOME_TERMINAL_SCREEN', '/org/gnome/Terminal/screen/351eedeb_30dc_418d_b420_34c5a0c83961'), ('GNOME_SETUP_DISPLAY', ':1'), ('XDG_RUNTIME_DIR', '/run/user/1000'), ('DISPLAY', ':0'), ('LANG', 'en_US.UTF-8'), ('XDG_CURRENT_DESKTOP', 'ubuntu:GNOME'), ('LC_TELEPHONE', 'de_DE.UTF-8'), ('XMODIFIERS', '@im=ibus'), ('XDG_SESSION_DESKTOP', 'ubuntu'), ('XAUTHORITY', '/run/user/1000/.mutter-Xwaylandauth.VYRET3'), ('LS_COLORS', 'rs=0:di=01;34:ln=01;36:mh=00:pi=40;33:so=01;35:do=01;35:bd=40;33;01:cd=40;33;01:or=40;31;01:mi=00:su=37;41:sg=30;43:ca=30;41:tw=30;42:ow=34;42:st=37;44:ex=01;32:*.tar=01;31:*.tgz=01;31:*.arc=01;31:*.arj=01;31:*.taz=01;31:*.lha=01;31:*.lz4=01;31:*.lzh=01;31:*.lzma=01;31:*.tlz=01;31:*.txz=01;31:*.tzo=01;31:*.t7z=01;31:*.zip=01;31:*.z=01;31:*.dz=01;31:*.gz=01;31:*.lrz=01;31:*.lz=01;31:*.lzo=01;31:*.xz=01;31:*.zst=01;31:*.tzst=01;31:*.bz2=01;31:*.bz=01;31:*.tbz=01;31:*.tbz2=01;31:*.tz=01;31:*.deb=01;31:*.rpm=01;31:*.jar=01;31:*.war=01;31:*.ear=01;31:*.sar=01;31:*.rar=01;31:*.alz=01;31:*.ace=01;31:*.zoo=01;31:*.cpio=01;31:*.7z=01;31:*.rz=01;31:*.cab=01;31:*.wim=01;31:*.swm=01;31:*.dwm=01;31:*.esd=01;31:*.jpg=01;35:*.jpeg=01;35:*.mjpg=01;35:*.mjpeg=01;35:*.gif=01;35:*.bmp=01;35:*.pbm=01;35:*.pgm=01;35:*.ppm=01;35:*.tga=01;35:*.xbm=01;35:*.xpm=01;35:*.tif=01;35:*.tiff=01;35:*.png=01;35:*.svg=01;35:*.svgz=01;35:*.mng=01;35:*.pcx=01;35:*.mov=01;35:*.mpg=01;35:*.mpeg=01;35:*.m2v=01;35:*.mkv=01;35:*.webm=01;35:*.webp=01;35:*.ogm=01;35:*.mp4=01;35:*.m4v=01;35:*.mp4v=01;35:*.vob=01;35:*.qt=01;35:*.nuv=01;35:*.wmv=01;35:*.asf=01;35:*.rm=01;35:*.rmvb=01;35:*.flc=01;35:*.avi=01;35:*.fli=01;35:*.flv=01;35:*.gl=01;35:*.dl=01;35:*.xcf=01;35:*.xwd=01;35:*.yuv=01;35:*.cgm=01;35:*.emf=01;35:*.ogv=01;35:*.ogx=01;35:*.aac=00;36:*.au=00;36:*.flac=00;36:*.m4a=00;36:*.mid=00;36:*.midi=00;36:*.mka=00;36:*.mp3=00;36:*.mpc=00;36:*.ogg=00;36:*.ra=00;36:*.wav=00;36:*.oga=00;36:*.opus=00;36:*.spx=00;36:*.xspf=00;36:'), ('GNOME_TERMINAL_SERVICE', ':1.120'), ('SSH_AGENT_LAUNCHER', 'gnome-keyring'), ('SSH_AUTH_SOCK', '/run/user/1000/keyring/ssh'), ('AMENT_PREFIX_PATH', '/opt/ros/humble'), ('SHELL', '/bin/bash'), ('LC_NAME', 'de_DE.UTF-8'), ('QT_ACCESSIBILITY', '1'), ('GDMSESSION', 'ubuntu'), ('LESSCLOSE', '/usr/bin/lesspipe %s %s'), ('LC_MEASUREMENT', 'de_DE.UTF-8'), ('LC_IDENTIFICATION', 'de_DE.UTF-8'), ('QT_IM_MODULE', 'ibus'), ('PWD', '/home/rahul/Mir_robot/build/robotiq_description'), ('XDG_CONFIG_DIRS', '/etc/xdg/xdg-ubuntu:/etc/xdg'), ('XDG_DATA_DIRS', '/usr/share/ubuntu:/usr/local/share/:/usr/share/:/var/lib/snapd/desktop'), ('PYTHONPATH', '/opt/ros/humble/lib/python3.10/site-packages:/opt/ros/humble/local/lib/python3.10/dist-packages'), ('LC_NUMERIC', 'de_DE.UTF-8'), ('LC_PAPER', 'de_DE.UTF-8'), ('COLCON', '1'), ('VTE_VERSION', '6800'), ('CMAKE_PREFIX_PATH', '/opt/ros/humble')]), 'shell': False}
[26.138379] (-) TimerEvent: {}
[26.232215] (realsense_gazebo_plugin) StdoutLine: {'line': b'-- Performing Test CMAKE_HAVE_LIBC_PTHREAD - Success\n'}
[26.233299] (robotiq_description) StdoutLine: {'line': b'-- The C compiler identification is GNU 11.4.0\n'}
[26.235130] (realsense_gazebo_plugin) StdoutLine: {'line': b'-- Found Threads: TRUE  \n'}
[26.238487] (-) TimerEvent: {}
[26.338881] (-) TimerEvent: {}
[26.350928] (robotiq_description) StdoutLine: {'line': b'-- The CXX compiler identification is GNU 11.4.0\n'}
[26.364498] (robotiq_description) StdoutLine: {'line': b'-- Detecting C compiler ABI info\n'}
[26.368506] (realsense_gazebo_plugin) StdoutLine: {'line': b'-- Found gazebo_ros: 3.9.0 (/opt/ros/humble/share/gazebo_ros/cmake)\n'}
[26.389681] (realsense_gazebo_plugin) StdoutLine: {'line': b'-- Found PkgConfig: /usr/bin/pkg-config (found version "0.29.2") \n'}
[26.392623] (realsense_gazebo_plugin) StdoutLine: {'line': b"-- Checking for module 'bullet>=2.82'\n"}
[26.419223] (realsense_gazebo_plugin) StdoutLine: {'line': b'--   Found bullet, version 3.05\n'}
[26.441116] (-) TimerEvent: {}
[26.517126] (robotiq_description) StdoutLine: {'line': b'-- Detecting C compiler ABI info - done\n'}
[26.541222] (-) TimerEvent: {}
[26.562619] (robotiq_description) StdoutLine: {'line': b'-- Check for working C compiler: /usr/bin/cc - skipped\n'}
[26.566178] (robotiq_description) StdoutLine: {'line': b'-- Detecting C compile features\n'}
[26.566396] (robotiq_description) StdoutLine: {'line': b'-- Detecting C compile features - done\n'}
[26.574268] (robotiq_description) StdoutLine: {'line': b'-- Detecting CXX compiler ABI info\n'}
[26.641325] (-) TimerEvent: {}
[26.691202] (realsense_gazebo_plugin) StdoutLine: {'line': b'-- Found fcl: /usr/include (found suitable version "0.7.0", minimum required is "0.5.0") \n'}
[26.741442] (-) TimerEvent: {}
[26.753535] (robotiq_description) StdoutLine: {'line': b'-- Detecting CXX compiler ABI info - done\n'}
[26.778628] (robotiq_description) StdoutLine: {'line': b'-- Check for working CXX compiler: /usr/bin/c++ - skipped\n'}
[26.778884] (robotiq_description) StdoutLine: {'line': b'-- Detecting CXX compile features\n'}
[26.779606] (robotiq_description) StdoutLine: {'line': b'-- Detecting CXX compile features - done\n'}
[26.786715] (robotiq_description) StdoutLine: {'line': b'-- Found ament_cmake: 1.3.14 (/opt/ros/humble/share/ament_cmake/cmake)\n'}
[26.802352] (realsense_gazebo_plugin) StdoutLine: {'line': b'-- Found assimp: /usr/include (found version "5.2.0") \n'}
[26.836355] (realsense_gazebo_plugin) StdoutLine: {'line': b'-- Found DART: /usr/include (Required is at least version "6.6") found components: dart \n'}
[26.841557] (-) TimerEvent: {}
[26.898878] (realsense_gazebo_plugin) StdoutLine: {'line': b'-- Found Boost: /usr/lib/x86_64-linux-gnu/cmake/Boost-1.74.0/BoostConfig.cmake (found suitable version "1.74.0", minimum required is "1.40.0") found components: thread system filesystem program_options regex iostreams date_time \n'}
[26.929908] (realsense_gazebo_plugin) StdoutLine: {'line': b'-- Found Protobuf: /usr/lib/x86_64-linux-gnu/libprotobuf.so (found version "3.12.4") \n'}
[26.940193] (realsense_gazebo_plugin) StdoutLine: {'line': b'-- Looking for ignition-math6 -- found version 6.16.0\n'}
[26.941664] (-) TimerEvent: {}
[26.951380] (realsense_gazebo_plugin) StdoutLine: {'line': b'-- Searching for dependencies of ignition-math6\n'}
[26.953774] (realsense_gazebo_plugin) StdoutLine: {'line': b'-- Looking for OGRE...\n'}
[26.954560] (realsense_gazebo_plugin) StdoutLine: {'line': b'-- OGRE_PREFIX_WATCH changed.\n'}
[26.964850] (realsense_gazebo_plugin) StdoutLine: {'line': b"-- Checking for module 'OGRE'\n"}
[26.996666] (realsense_gazebo_plugin) StdoutLine: {'line': b'--   Found OGRE, version 1.9.0\n'}
[27.041781] (-) TimerEvent: {}
[27.069868] (realsense_gazebo_plugin) StdoutLine: {'line': b'-- Found Ogre Ghadamon (1.9.0)\n'}
[27.088293] (realsense_gazebo_plugin) StdoutLine: {'line': b'-- Found OGRE: optimized;/usr/lib/x86_64-linux-gnu/libOgreMain.so;debug;/usr/lib/x86_64-linux-gnu/libOgreMain.so\n'}
[27.095114] (robotiq_description) StdoutLine: {'line': b'-- Found Python3: /usr/bin/python3 (found version "3.10.12") found components: Interpreter \n'}
[27.108688] (realsense_gazebo_plugin) StdoutLine: {'line': b'-- Looking for OGRE_Paging...\n'}
[27.125482] (realsense_gazebo_plugin) StdoutLine: {'line': b'-- Found OGRE_Paging: optimized;/usr/lib/x86_64-linux-gnu/libOgrePaging.so;debug;/usr/lib/x86_64-linux-gnu/libOgrePaging.so\n'}
[27.128103] (realsense_gazebo_plugin) StdoutLine: {'line': b'-- Looking for OGRE_Terrain...\n'}
[27.141895] (-) TimerEvent: {}
[27.143183] (realsense_gazebo_plugin) StdoutLine: {'line': b'-- Found OGRE_Terrain: optimized;/usr/lib/x86_64-linux-gnu/libOgreTerrain.so;debug;/usr/lib/x86_64-linux-gnu/libOgreTerrain.so\n'}
[27.145132] (realsense_gazebo_plugin) StdoutLine: {'line': b'-- Looking for OGRE_Property...\n'}
[27.160100] (realsense_gazebo_plugin) StdoutLine: {'line': b'-- Found OGRE_Property: optimized;/usr/lib/x86_64-linux-gnu/libOgreProperty.so;debug;/usr/lib/x86_64-linux-gnu/libOgreProperty.so\n'}
[27.160610] (realsense_gazebo_plugin) StdoutLine: {'line': b'-- Looking for OGRE_RTShaderSystem...\n'}
[27.177372] (realsense_gazebo_plugin) StdoutLine: {'line': b'-- Found OGRE_RTShaderSystem: optimized;/usr/lib/x86_64-linux-gnu/libOgreRTShaderSystem.so;debug;/usr/lib/x86_64-linux-gnu/libOgreRTShaderSystem.so\n'}
[27.179164] (realsense_gazebo_plugin) StdoutLine: {'line': b'-- Looking for OGRE_Volume...\n'}
[27.194695] (realsense_gazebo_plugin) StdoutLine: {'line': b'-- Found OGRE_Volume: optimized;/usr/lib/x86_64-linux-gnu/libOgreVolume.so;debug;/usr/lib/x86_64-linux-gnu/libOgreVolume.so\n'}
[27.195152] (realsense_gazebo_plugin) StdoutLine: {'line': b'-- Looking for OGRE_Overlay...\n'}
[27.217387] (realsense_gazebo_plugin) StdoutLine: {'line': b'-- Found OGRE_Overlay: optimized;/usr/lib/x86_64-linux-gnu/libOgreOverlay.so;debug;/usr/lib/x86_64-linux-gnu/libOgreOverlay.so\n'}
[27.225151] (robotiq_description) StdoutLine: {'line': b'-- Override CMake install command with custom implementation using symlinks instead of copying resources\n'}
[27.242019] (-) TimerEvent: {}
[27.282492] (robotiq_description) StdoutLine: {'line': b'-- Found ament_lint_auto: 0.12.15 (/opt/ros/humble/share/ament_lint_auto/cmake)\n'}
[27.342122] (-) TimerEvent: {}
[27.442506] (-) TimerEvent: {}
[27.451122] (robotiq_description) StdoutLine: {'line': b"-- Added test 'copyright' to check source files copyright and LICENSE\n"}
[27.455720] (robotiq_description) StdoutLine: {'line': b"-- Added test 'lint_cmake' to check CMake code style\n"}
[27.459575] (robotiq_description) StdoutLine: {'line': b"-- Added test 'xmllint' to check XML markup files\n"}
[27.462469] (robotiq_description) StdoutLine: {'line': b'-- Configuring done\n'}
[27.467865] (robotiq_description) StdoutLine: {'line': b'-- Generating done\n'}
[27.471199] (robotiq_description) StdoutLine: {'line': b'-- Build files have been written to: /home/rahul/Mir_robot/build/robotiq_description\n'}
[27.479707] (robotiq_description) CommandEnded: {'returncode': 0}
[27.480661] (robotiq_description) JobProgress: {'identifier': 'robotiq_description', 'progress': 'build'}
[27.481443] (robotiq_description) Command: {'cmd': ['/usr/bin/cmake', '--build', '/home/rahul/Mir_robot/build/robotiq_description', '--', '-j4', '-l4'], 'cwd': '/home/rahul/Mir_robot/build/robotiq_description', 'env': OrderedDict([('LESSOPEN', '| /usr/bin/lesspipe %s'), ('USER', 'rahul'), ('LC_TIME', 'de_DE.UTF-8'), ('XDG_SESSION_TYPE', 'wayland'), ('SHLVL', '1'), ('LD_LIBRARY_PATH', '/usr/lib/x86_64-linux-gnu/gazebo-11/plugins:/opt/ros/humble/opt/rviz_ogre_vendor/lib:/opt/ros/humble/lib/x86_64-linux-gnu:/opt/ros/humble/lib'), ('HOME', '/home/rahul'), ('OLDPWD', '/home/rahul'), ('DESKTOP_SESSION', 'ubuntu'), ('ROS_PYTHON_VERSION', '3'), ('GNOME_SHELL_SESSION_MODE', 'ubuntu'), ('GTK_MODULES', 'gail:atk-bridge'), ('LC_MONETARY', 'de_DE.UTF-8'), ('SYSTEMD_EXEC_PID', '6479'), ('DBUS_SESSION_BUS_ADDRESS', 'unix:path=/run/user/1000/bus'), ('COLORTERM', 'truecolor'), ('IM_CONFIG_PHASE', '1'), ('WAYLAND_DISPLAY', 'wayland-0'), ('ROS_DISTRO', 'humble'), ('LOGNAME', 'rahul'), ('_', '/usr/bin/colcon'), ('ROS_VERSION', '2'), ('XDG_SESSION_CLASS', 'user'), ('USERNAME', 'rahul'), ('TERM', 'xterm-256color'), ('GNOME_DESKTOP_SESSION_ID', 'this-is-deprecated'), ('ROS_LOCALHOST_ONLY', '0'), ('PATH', '/opt/ros/humble/bin:/home/rahul/.local/bin:/usr/local/sbin:/usr/local/bin:/usr/sbin:/usr/bin:/sbin:/bin:/usr/games:/usr/local/games:/snap/bin:/snap/bin'), ('SESSION_MANAGER', 'local/rahul-Inspiron-5559:@/tmp/.ICE-unix/2054,unix/rahul-Inspiron-5559:/tmp/.ICE-unix/2054'), ('XDG_MENU_PREFIX', 'gnome-'), ('LC_ADDRESS', 'de_DE.UTF-8'), ('GNOME_TERMINAL_SCREEN', '/org/gnome/Terminal/screen/351eedeb_30dc_418d_b420_34c5a0c83961'), ('GNOME_SETUP_DISPLAY', ':1'), ('XDG_RUNTIME_DIR', '/run/user/1000'), ('DISPLAY', ':0'), ('LANG', 'en_US.UTF-8'), ('XDG_CURRENT_DESKTOP', 'ubuntu:GNOME'), ('LC_TELEPHONE', 'de_DE.UTF-8'), ('XMODIFIERS', '@im=ibus'), ('XDG_SESSION_DESKTOP', 'ubuntu'), ('XAUTHORITY', '/run/user/1000/.mutter-Xwaylandauth.VYRET3'), ('LS_COLORS', 'rs=0:di=01;34:ln=01;36:mh=00:pi=40;33:so=01;35:do=01;35:bd=40;33;01:cd=40;33;01:or=40;31;01:mi=00:su=37;41:sg=30;43:ca=30;41:tw=30;42:ow=34;42:st=37;44:ex=01;32:*.tar=01;31:*.tgz=01;31:*.arc=01;31:*.arj=01;31:*.taz=01;31:*.lha=01;31:*.lz4=01;31:*.lzh=01;31:*.lzma=01;31:*.tlz=01;31:*.txz=01;31:*.tzo=01;31:*.t7z=01;31:*.zip=01;31:*.z=01;31:*.dz=01;31:*.gz=01;31:*.lrz=01;31:*.lz=01;31:*.lzo=01;31:*.xz=01;31:*.zst=01;31:*.tzst=01;31:*.bz2=01;31:*.bz=01;31:*.tbz=01;31:*.tbz2=01;31:*.tz=01;31:*.deb=01;31:*.rpm=01;31:*.jar=01;31:*.war=01;31:*.ear=01;31:*.sar=01;31:*.rar=01;31:*.alz=01;31:*.ace=01;31:*.zoo=01;31:*.cpio=01;31:*.7z=01;31:*.rz=01;31:*.cab=01;31:*.wim=01;31:*.swm=01;31:*.dwm=01;31:*.esd=01;31:*.jpg=01;35:*.jpeg=01;35:*.mjpg=01;35:*.mjpeg=01;35:*.gif=01;35:*.bmp=01;35:*.pbm=01;35:*.pgm=01;35:*.ppm=01;35:*.tga=01;35:*.xbm=01;35:*.xpm=01;35:*.tif=01;35:*.tiff=01;35:*.png=01;35:*.svg=01;35:*.svgz=01;35:*.mng=01;35:*.pcx=01;35:*.mov=01;35:*.mpg=01;35:*.mpeg=01;35:*.m2v=01;35:*.mkv=01;35:*.webm=01;35:*.webp=01;35:*.ogm=01;35:*.mp4=01;35:*.m4v=01;35:*.mp4v=01;35:*.vob=01;35:*.qt=01;35:*.nuv=01;35:*.wmv=01;35:*.asf=01;35:*.rm=01;35:*.rmvb=01;35:*.flc=01;35:*.avi=01;35:*.fli=01;35:*.flv=01;35:*.gl=01;35:*.dl=01;35:*.xcf=01;35:*.xwd=01;35:*.yuv=01;35:*.cgm=01;35:*.emf=01;35:*.ogv=01;35:*.ogx=01;35:*.aac=00;36:*.au=00;36:*.flac=00;36:*.m4a=00;36:*.mid=00;36:*.midi=00;36:*.mka=00;36:*.mp3=00;36:*.mpc=00;36:*.ogg=00;36:*.ra=00;36:*.wav=00;36:*.oga=00;36:*.opus=00;36:*.spx=00;36:*.xspf=00;36:'), ('GNOME_TERMINAL_SERVICE', ':1.120'), ('SSH_AGENT_LAUNCHER', 'gnome-keyring'), ('SSH_AUTH_SOCK', '/run/user/1000/keyring/ssh'), ('AMENT_PREFIX_PATH', '/opt/ros/humble'), ('SHELL', '/bin/bash'), ('LC_NAME', 'de_DE.UTF-8'), ('QT_ACCESSIBILITY', '1'), ('GDMSESSION', 'ubuntu'), ('LESSCLOSE', '/usr/bin/lesspipe %s %s'), ('LC_MEASUREMENT', 'de_DE.UTF-8'), ('LC_IDENTIFICATION', 'de_DE.UTF-8'), ('QT_IM_MODULE', 'ibus'), ('PWD', '/home/rahul/Mir_robot/build/robotiq_description'), ('XDG_CONFIG_DIRS', '/etc/xdg/xdg-ubuntu:/etc/xdg'), ('XDG_DATA_DIRS', '/usr/share/ubuntu:/usr/local/share/:/usr/share/:/var/lib/snapd/desktop'), ('PYTHONPATH', '/opt/ros/humble/lib/python3.10/site-packages:/opt/ros/humble/local/lib/python3.10/dist-packages'), ('LC_NUMERIC', 'de_DE.UTF-8'), ('LC_PAPER', 'de_DE.UTF-8'), ('COLCON', '1'), ('VTE_VERSION', '6800'), ('CMAKE_PREFIX_PATH', '/opt/ros/humble')]), 'shell': False}
[27.544113] (-) TimerEvent: {}
[27.557320] (robotiq_description) CommandEnded: {'returncode': 0}
[27.557947] (robotiq_description) JobProgress: {'identifier': 'robotiq_description', 'progress': 'install'}
[27.557995] (robotiq_description) Command: {'cmd': ['/usr/bin/cmake', '--install', '/home/rahul/Mir_robot/build/robotiq_description'], 'cwd': '/home/rahul/Mir_robot/build/robotiq_description', 'env': OrderedDict([('LESSOPEN', '| /usr/bin/lesspipe %s'), ('USER', 'rahul'), ('LC_TIME', 'de_DE.UTF-8'), ('XDG_SESSION_TYPE', 'wayland'), ('SHLVL', '1'), ('LD_LIBRARY_PATH', '/usr/lib/x86_64-linux-gnu/gazebo-11/plugins:/opt/ros/humble/opt/rviz_ogre_vendor/lib:/opt/ros/humble/lib/x86_64-linux-gnu:/opt/ros/humble/lib'), ('HOME', '/home/rahul'), ('OLDPWD', '/home/rahul'), ('DESKTOP_SESSION', 'ubuntu'), ('ROS_PYTHON_VERSION', '3'), ('GNOME_SHELL_SESSION_MODE', 'ubuntu'), ('GTK_MODULES', 'gail:atk-bridge'), ('LC_MONETARY', 'de_DE.UTF-8'), ('SYSTEMD_EXEC_PID', '6479'), ('DBUS_SESSION_BUS_ADDRESS', 'unix:path=/run/user/1000/bus'), ('COLORTERM', 'truecolor'), ('IM_CONFIG_PHASE', '1'), ('WAYLAND_DISPLAY', 'wayland-0'), ('ROS_DISTRO', 'humble'), ('LOGNAME', 'rahul'), ('_', '/usr/bin/colcon'), ('ROS_VERSION', '2'), ('XDG_SESSION_CLASS', 'user'), ('USERNAME', 'rahul'), ('TERM', 'xterm-256color'), ('GNOME_DESKTOP_SESSION_ID', 'this-is-deprecated'), ('ROS_LOCALHOST_ONLY', '0'), ('PATH', '/opt/ros/humble/bin:/home/rahul/.local/bin:/usr/local/sbin:/usr/local/bin:/usr/sbin:/usr/bin:/sbin:/bin:/usr/games:/usr/local/games:/snap/bin:/snap/bin'), ('SESSION_MANAGER', 'local/rahul-Inspiron-5559:@/tmp/.ICE-unix/2054,unix/rahul-Inspiron-5559:/tmp/.ICE-unix/2054'), ('XDG_MENU_PREFIX', 'gnome-'), ('LC_ADDRESS', 'de_DE.UTF-8'), ('GNOME_TERMINAL_SCREEN', '/org/gnome/Terminal/screen/351eedeb_30dc_418d_b420_34c5a0c83961'), ('GNOME_SETUP_DISPLAY', ':1'), ('XDG_RUNTIME_DIR', '/run/user/1000'), ('DISPLAY', ':0'), ('LANG', 'en_US.UTF-8'), ('XDG_CURRENT_DESKTOP', 'ubuntu:GNOME'), ('LC_TELEPHONE', 'de_DE.UTF-8'), ('XMODIFIERS', '@im=ibus'), ('XDG_SESSION_DESKTOP', 'ubuntu'), ('XAUTHORITY', '/run/user/1000/.mutter-Xwaylandauth.VYRET3'), ('LS_COLORS', 'rs=0:di=01;34:ln=01;36:mh=00:pi=40;33:so=01;35:do=01;35:bd=40;33;01:cd=40;33;01:or=40;31;01:mi=00:su=37;41:sg=30;43:ca=30;41:tw=30;42:ow=34;42:st=37;44:ex=01;32:*.tar=01;31:*.tgz=01;31:*.arc=01;31:*.arj=01;31:*.taz=01;31:*.lha=01;31:*.lz4=01;31:*.lzh=01;31:*.lzma=01;31:*.tlz=01;31:*.txz=01;31:*.tzo=01;31:*.t7z=01;31:*.zip=01;31:*.z=01;31:*.dz=01;31:*.gz=01;31:*.lrz=01;31:*.lz=01;31:*.lzo=01;31:*.xz=01;31:*.zst=01;31:*.tzst=01;31:*.bz2=01;31:*.bz=01;31:*.tbz=01;31:*.tbz2=01;31:*.tz=01;31:*.deb=01;31:*.rpm=01;31:*.jar=01;31:*.war=01;31:*.ear=01;31:*.sar=01;31:*.rar=01;31:*.alz=01;31:*.ace=01;31:*.zoo=01;31:*.cpio=01;31:*.7z=01;31:*.rz=01;31:*.cab=01;31:*.wim=01;31:*.swm=01;31:*.dwm=01;31:*.esd=01;31:*.jpg=01;35:*.jpeg=01;35:*.mjpg=01;35:*.mjpeg=01;35:*.gif=01;35:*.bmp=01;35:*.pbm=01;35:*.pgm=01;35:*.ppm=01;35:*.tga=01;35:*.xbm=01;35:*.xpm=01;35:*.tif=01;35:*.tiff=01;35:*.png=01;35:*.svg=01;35:*.svgz=01;35:*.mng=01;35:*.pcx=01;35:*.mov=01;35:*.mpg=01;35:*.mpeg=01;35:*.m2v=01;35:*.mkv=01;35:*.webm=01;35:*.webp=01;35:*.ogm=01;35:*.mp4=01;35:*.m4v=01;35:*.mp4v=01;35:*.vob=01;35:*.qt=01;35:*.nuv=01;35:*.wmv=01;35:*.asf=01;35:*.rm=01;35:*.rmvb=01;35:*.flc=01;35:*.avi=01;35:*.fli=01;35:*.flv=01;35:*.gl=01;35:*.dl=01;35:*.xcf=01;35:*.xwd=01;35:*.yuv=01;35:*.cgm=01;35:*.emf=01;35:*.ogv=01;35:*.ogx=01;35:*.aac=00;36:*.au=00;36:*.flac=00;36:*.m4a=00;36:*.mid=00;36:*.midi=00;36:*.mka=00;36:*.mp3=00;36:*.mpc=00;36:*.ogg=00;36:*.ra=00;36:*.wav=00;36:*.oga=00;36:*.opus=00;36:*.spx=00;36:*.xspf=00;36:'), ('GNOME_TERMINAL_SERVICE', ':1.120'), ('SSH_AGENT_LAUNCHER', 'gnome-keyring'), ('SSH_AUTH_SOCK', '/run/user/1000/keyring/ssh'), ('AMENT_PREFIX_PATH', '/opt/ros/humble'), ('SHELL', '/bin/bash'), ('LC_NAME', 'de_DE.UTF-8'), ('QT_ACCESSIBILITY', '1'), ('GDMSESSION', 'ubuntu'), ('LESSCLOSE', '/usr/bin/lesspipe %s %s'), ('LC_MEASUREMENT', 'de_DE.UTF-8'), ('LC_IDENTIFICATION', 'de_DE.UTF-8'), ('QT_IM_MODULE', 'ibus'), ('PWD', '/home/rahul/Mir_robot/build/robotiq_description'), ('XDG_CONFIG_DIRS', '/etc/xdg/xdg-ubuntu:/etc/xdg'), ('XDG_DATA_DIRS', '/usr/share/ubuntu:/usr/local/share/:/usr/share/:/var/lib/snapd/desktop'), ('PYTHONPATH', '/opt/ros/humble/lib/python3.10/site-packages:/opt/ros/humble/local/lib/python3.10/dist-packages'), ('LC_NUMERIC', 'de_DE.UTF-8'), ('LC_PAPER', 'de_DE.UTF-8'), ('COLCON', '1'), ('VTE_VERSION', '6800'), ('CMAKE_PREFIX_PATH', '/opt/ros/humble')]), 'shell': False}
[27.563761] (realsense_gazebo_plugin) StdoutLine: {'line': b'-- Looking for ignition-math6 -- found version 6.16.0\n'}
[27.566393] (realsense_gazebo_plugin) StdoutLine: {'line': b'-- Looking for ignition-transport8 -- found version 8.2.1\n'}
[27.566529] (realsense_gazebo_plugin) StdoutLine: {'line': b'-- Searching for dependencies of ignition-transport8\n'}
[27.574583] (robotiq_description) StdoutLine: {'line': b'-- Install configuration: ""\n'}
[27.575528] (robotiq_description) StdoutLine: {'line': b'-- Execute custom install script\n'}
[27.578127] (robotiq_description) StdoutLine: {'line': b'-- Symlinking: /home/rahul/Mir_robot/install/robotiq_description/share/robotiq_description/urdf/robotiq_85_gripper.transmission.xacro\n'}
[27.595001] (robotiq_description) StdoutLine: {'line': b'-- Symlinking: /home/rahul/Mir_robot/install/robotiq_description/share/robotiq_description/urdf/robotiq_85_gripper.urdf.xacro\n'}
[27.600587] (realsense_gazebo_plugin) StdoutLine: {'line': b'-- Found Protobuf: /usr/lib/x86_64-linux-gnu/libprotobuf.so (found suitable version "3.12.4", minimum required is "3") \n'}
[27.612467] (robotiq_description) StdoutLine: {'line': b'-- Symlinking: /home/rahul/Mir_robot/install/robotiq_description/share/robotiq_description/urdf/robotiq_85_gripper.xacro\n'}
[27.623367] (realsense_gazebo_plugin) StdoutLine: {'line': b'-- Config-file not installed for ZeroMQ -- checking for pkg-config\n'}
[27.628182] (robotiq_description) StdoutLine: {'line': b'-- Symlinking: /home/rahul/Mir_robot/install/robotiq_description/share/robotiq_description/urdf/robotiq_85_gripper_sim_base.urdf.xacro\n'}
[27.633251] (realsense_gazebo_plugin) StdoutLine: {'line': b"-- Checking for module 'libzmq >= 4'\n"}
[27.644226] (-) TimerEvent: {}
[27.645281] (robotiq_description) StdoutLine: {'line': b'-- Symlinking: /home/rahul/Mir_robot/install/robotiq_description/share/robotiq_description/meshes/collision/robotiq_85_base_link.stl\n'}
[27.663454] (robotiq_description) StdoutLine: {'line': b'-- Symlinking: /home/rahul/Mir_robot/install/robotiq_description/share/robotiq_description/meshes/collision/robotiq_85_finger_link.stl\n'}
[27.663709] (realsense_gazebo_plugin) StdoutLine: {'line': b'--   Found libzmq , version 4.3.4\n'}
[27.680109] (robotiq_description) StdoutLine: {'line': b'-- Symlinking: /home/rahul/Mir_robot/install/robotiq_description/share/robotiq_description/meshes/collision/robotiq_85_finger_tip_link.stl\n'}
[27.696961] (robotiq_description) StdoutLine: {'line': b'-- Symlinking: /home/rahul/Mir_robot/install/robotiq_description/share/robotiq_description/meshes/collision/robotiq_85_inner_knuckle_link.stl\n'}
[27.717115] (robotiq_description) StdoutLine: {'line': b'-- Symlinking: /home/rahul/Mir_robot/install/robotiq_description/share/robotiq_description/meshes/collision/robotiq_85_knuckle_link.stl\n'}
[27.731133] (robotiq_description) StdoutLine: {'line': b'-- Symlinking: /home/rahul/Mir_robot/install/robotiq_description/share/robotiq_description/meshes/robotiq_85_coupler.stl\n'}
[27.744339] (-) TimerEvent: {}
[27.748566] (robotiq_description) StdoutLine: {'line': b'-- Symlinking: /home/rahul/Mir_robot/install/robotiq_description/share/robotiq_description/meshes/visual/robotiq_85_base_link.dae\n'}
[27.752597] (realsense_gazebo_plugin) StdoutLine: {'line': b'-- Found ZeroMQ: TRUE (Required is at least version "4") \n'}
[27.765306] (realsense_gazebo_plugin) StdoutLine: {'line': b"-- Checking for module 'uuid'\n"}
[27.766307] (robotiq_description) StdoutLine: {'line': b'-- Symlinking: /home/rahul/Mir_robot/install/robotiq_description/share/robotiq_description/meshes/visual/robotiq_85_finger_link.dae\n'}
[27.784241] (robotiq_description) StdoutLine: {'line': b'-- Symlinking: /home/rahul/Mir_robot/install/robotiq_description/share/robotiq_description/meshes/visual/robotiq_85_finger_tip_link.dae\n'}
[27.795003] (realsense_gazebo_plugin) StdoutLine: {'line': b'--   Found uuid, version 2.37.2\n'}
[27.802351] (robotiq_description) StdoutLine: {'line': b'-- Symlinking: /home/rahul/Mir_robot/install/robotiq_description/share/robotiq_description/meshes/visual/robotiq_85_inner_knuckle_link.dae\n'}
[27.820124] (robotiq_description) StdoutLine: {'line': b'-- Symlinking: /home/rahul/Mir_robot/install/robotiq_description/share/robotiq_description/meshes/visual/robotiq_85_knuckle_link.dae\n'}
[27.837255] (robotiq_description) StdoutLine: {'line': b'-- Symlinking: /home/rahul/Mir_robot/install/robotiq_description/share/ament_index/resource_index/package_run_dependencies/robotiq_description\n'}
[27.846116] (-) TimerEvent: {}
[27.854116] (robotiq_description) StdoutLine: {'line': b'-- Symlinking: /home/rahul/Mir_robot/install/robotiq_description/share/ament_index/resource_index/parent_prefix_path/robotiq_description\n'}
[27.871961] (robotiq_description) StdoutLine: {'line': b'-- Symlinking: /home/rahul/Mir_robot/install/robotiq_description/share/robotiq_description/environment/ament_prefix_path.sh\n'}
[27.872719] (realsense_gazebo_plugin) StdoutLine: {'line': b'-- Found UUID: TRUE  \n'}
[27.877960] (realsense_gazebo_plugin) StdoutLine: {'line': b'-- Looking for ignition-msgs5 -- found version 5.8.1\n'}
[27.879632] (realsense_gazebo_plugin) StdoutLine: {'line': b'-- Searching for dependencies of ignition-msgs5\n'}
[27.893119] (robotiq_description) StdoutLine: {'line': b'-- Symlinking: /home/rahul/Mir_robot/install/robotiq_description/share/robotiq_description/environment/ament_prefix_path.dsv\n'}
[27.907987] (robotiq_description) StdoutLine: {'line': b'-- Symlinking: /home/rahul/Mir_robot/install/robotiq_description/share/robotiq_description/environment/path.sh\n'}
[27.917995] (realsense_gazebo_plugin) StdoutLine: {'line': b'-- Looking for ignition-math6 -- found version 6.16.0\n'}
[27.924880] (robotiq_description) StdoutLine: {'line': b'-- Symlinking: /home/rahul/Mir_robot/install/robotiq_description/share/robotiq_description/environment/path.dsv\n'}
[27.930184] (realsense_gazebo_plugin) StdoutLine: {'line': b"-- Checking for module 'tinyxml2'\n"}
[27.941965] (robotiq_description) StdoutLine: {'line': b'-- Symlinking: /home/rahul/Mir_robot/install/robotiq_description/share/robotiq_description/local_setup.bash\n'}
[27.946229] (-) TimerEvent: {}
[27.959306] (realsense_gazebo_plugin) StdoutLine: {'line': b'--   Found tinyxml2, version 9.0.0\n'}
[27.959606] (robotiq_description) StdoutLine: {'line': b'-- Symlinking: /home/rahul/Mir_robot/install/robotiq_description/share/robotiq_description/local_setup.sh\n'}
[27.979198] (robotiq_description) StdoutLine: {'line': b'-- Symlinking: /home/rahul/Mir_robot/install/robotiq_description/share/robotiq_description/local_setup.zsh\n'}
[27.996882] (robotiq_description) StdoutLine: {'line': b'-- Symlinking: /home/rahul/Mir_robot/install/robotiq_description/share/robotiq_description/local_setup.dsv\n'}
[28.014890] (robotiq_description) StdoutLine: {'line': b'-- Symlinking: /home/rahul/Mir_robot/install/robotiq_description/share/robotiq_description/package.dsv\n'}
[28.032754] (robotiq_description) StdoutLine: {'line': b'-- Symlinking: /home/rahul/Mir_robot/install/robotiq_description/share/ament_index/resource_index/packages/robotiq_description\n'}
[28.037872] (realsense_gazebo_plugin) StdoutLine: {'line': b'-- Looking for ignition-msgs5 -- found version 5.8.1\n'}
[28.043738] (realsense_gazebo_plugin) StdoutLine: {'line': b'-- Looking for ignition-common3 -- found version 3.14.0\n'}
[28.044064] (realsense_gazebo_plugin) StdoutLine: {'line': b'-- Searching for dependencies of ignition-common3\n'}
[28.044264] (realsense_gazebo_plugin) StdoutLine: {'line': b'-- Looking for dlfcn.h - found\n'}
[28.046056] (realsense_gazebo_plugin) StdoutLine: {'line': b'-- Looking for libdl - found\n'}
[28.046266] (-) TimerEvent: {}
[28.048731] (realsense_gazebo_plugin) StdoutLine: {'line': b'-- Found DL: TRUE  \n'}
[28.049066] (robotiq_description) StdoutLine: {'line': b'-- Symlinking: /home/rahul/Mir_robot/install/robotiq_description/share/robotiq_description/cmake/robotiq_descriptionConfig.cmake\n'}
[28.068704] (robotiq_description) StdoutLine: {'line': b'-- Symlinking: /home/rahul/Mir_robot/install/robotiq_description/share/robotiq_description/cmake/robotiq_descriptionConfig-version.cmake\n'}
[28.076685] (realsense_gazebo_plugin) StdoutLine: {'line': b'-- Found tinyobjloader: /usr/lib/x86_64-linux-gnu/cmake/tinyobjloader/tinyobjloader-config.cmake (found version "2.0.0") \n'}
[28.076931] (realsense_gazebo_plugin) StdoutLine: {'line': b'-- Searching for <ignition-common3> component [graphics]\n'}
[28.081351] (realsense_gazebo_plugin) StdoutLine: {'line': b'-- Looking for ignition-common3-graphics -- found version 3.14.0\n'}
[28.084195] (realsense_gazebo_plugin) StdoutLine: {'line': b'-- Searching for dependencies of ignition-common3-graphics\n'}
[28.084421] (realsense_gazebo_plugin) StdoutLine: {'line': b'-- Looking for ignition-math6 -- found version 6.16.0\n'}
[28.086098] (robotiq_description) StdoutLine: {'line': b'-- Symlinking: /home/rahul/Mir_robot/install/robotiq_description/share/robotiq_description/package.xml\n'}
[28.092075] (realsense_gazebo_plugin) StdoutLine: {'line': b'-- Looking for ignition-fuel_tools4 -- found version 4.4.0\n'}
[28.092705] (realsense_gazebo_plugin) StdoutLine: {'line': b'-- Searching for dependencies of ignition-fuel_tools4\n'}
[28.111379] (robotiq_description) CommandEnded: {'returncode': 0}
[28.137534] (robotiq_description) JobEnded: {'identifier': 'robotiq_description', 'rc': 0}
[28.138130] (ur_description) JobStarted: {'identifier': 'ur_description'}
[28.150150] (-) TimerEvent: {}
[28.152461] (ur_description) JobProgress: {'identifier': 'ur_description', 'progress': 'cmake'}
[28.158336] (ur_description) Command: {'cmd': ['/usr/bin/cmake', '/home/rahul/Mir_robot/src/mir_robot/Universal_Robots_ROS2_Description', '-DAMENT_CMAKE_SYMLINK_INSTALL=1', '-DCMAKE_INSTALL_PREFIX=/home/rahul/Mir_robot/install/ur_description'], 'cwd': '/home/rahul/Mir_robot/build/ur_description', 'env': OrderedDict([('LESSOPEN', '| /usr/bin/lesspipe %s'), ('USER', 'rahul'), ('LC_TIME', 'de_DE.UTF-8'), ('XDG_SESSION_TYPE', 'wayland'), ('SHLVL', '1'), ('LD_LIBRARY_PATH', '/usr/lib/x86_64-linux-gnu/gazebo-11/plugins:/opt/ros/humble/opt/rviz_ogre_vendor/lib:/opt/ros/humble/lib/x86_64-linux-gnu:/opt/ros/humble/lib'), ('HOME', '/home/rahul'), ('OLDPWD', '/home/rahul'), ('DESKTOP_SESSION', 'ubuntu'), ('ROS_PYTHON_VERSION', '3'), ('GNOME_SHELL_SESSION_MODE', 'ubuntu'), ('GTK_MODULES', 'gail:atk-bridge'), ('LC_MONETARY', 'de_DE.UTF-8'), ('SYSTEMD_EXEC_PID', '6479'), ('DBUS_SESSION_BUS_ADDRESS', 'unix:path=/run/user/1000/bus'), ('COLORTERM', 'truecolor'), ('IM_CONFIG_PHASE', '1'), ('WAYLAND_DISPLAY', 'wayland-0'), ('ROS_DISTRO', 'humble'), ('LOGNAME', 'rahul'), ('_', '/usr/bin/colcon'), ('ROS_VERSION', '2'), ('XDG_SESSION_CLASS', 'user'), ('USERNAME', 'rahul'), ('TERM', 'xterm-256color'), ('GNOME_DESKTOP_SESSION_ID', 'this-is-deprecated'), ('ROS_LOCALHOST_ONLY', '0'), ('PATH', '/opt/ros/humble/bin:/home/rahul/.local/bin:/usr/local/sbin:/usr/local/bin:/usr/sbin:/usr/bin:/sbin:/bin:/usr/games:/usr/local/games:/snap/bin:/snap/bin'), ('SESSION_MANAGER', 'local/rahul-Inspiron-5559:@/tmp/.ICE-unix/2054,unix/rahul-Inspiron-5559:/tmp/.ICE-unix/2054'), ('XDG_MENU_PREFIX', 'gnome-'), ('LC_ADDRESS', 'de_DE.UTF-8'), ('GNOME_TERMINAL_SCREEN', '/org/gnome/Terminal/screen/351eedeb_30dc_418d_b420_34c5a0c83961'), ('GNOME_SETUP_DISPLAY', ':1'), ('XDG_RUNTIME_DIR', '/run/user/1000'), ('DISPLAY', ':0'), ('LANG', 'en_US.UTF-8'), ('XDG_CURRENT_DESKTOP', 'ubuntu:GNOME'), ('LC_TELEPHONE', 'de_DE.UTF-8'), ('XMODIFIERS', '@im=ibus'), ('XDG_SESSION_DESKTOP', 'ubuntu'), ('XAUTHORITY', '/run/user/1000/.mutter-Xwaylandauth.VYRET3'), ('LS_COLORS', 'rs=0:di=01;34:ln=01;36:mh=00:pi=40;33:so=01;35:do=01;35:bd=40;33;01:cd=40;33;01:or=40;31;01:mi=00:su=37;41:sg=30;43:ca=30;41:tw=30;42:ow=34;42:st=37;44:ex=01;32:*.tar=01;31:*.tgz=01;31:*.arc=01;31:*.arj=01;31:*.taz=01;31:*.lha=01;31:*.lz4=01;31:*.lzh=01;31:*.lzma=01;31:*.tlz=01;31:*.txz=01;31:*.tzo=01;31:*.t7z=01;31:*.zip=01;31:*.z=01;31:*.dz=01;31:*.gz=01;31:*.lrz=01;31:*.lz=01;31:*.lzo=01;31:*.xz=01;31:*.zst=01;31:*.tzst=01;31:*.bz2=01;31:*.bz=01;31:*.tbz=01;31:*.tbz2=01;31:*.tz=01;31:*.deb=01;31:*.rpm=01;31:*.jar=01;31:*.war=01;31:*.ear=01;31:*.sar=01;31:*.rar=01;31:*.alz=01;31:*.ace=01;31:*.zoo=01;31:*.cpio=01;31:*.7z=01;31:*.rz=01;31:*.cab=01;31:*.wim=01;31:*.swm=01;31:*.dwm=01;31:*.esd=01;31:*.jpg=01;35:*.jpeg=01;35:*.mjpg=01;35:*.mjpeg=01;35:*.gif=01;35:*.bmp=01;35:*.pbm=01;35:*.pgm=01;35:*.ppm=01;35:*.tga=01;35:*.xbm=01;35:*.xpm=01;35:*.tif=01;35:*.tiff=01;35:*.png=01;35:*.svg=01;35:*.svgz=01;35:*.mng=01;35:*.pcx=01;35:*.mov=01;35:*.mpg=01;35:*.mpeg=01;35:*.m2v=01;35:*.mkv=01;35:*.webm=01;35:*.webp=01;35:*.ogm=01;35:*.mp4=01;35:*.m4v=01;35:*.mp4v=01;35:*.vob=01;35:*.qt=01;35:*.nuv=01;35:*.wmv=01;35:*.asf=01;35:*.rm=01;35:*.rmvb=01;35:*.flc=01;35:*.avi=01;35:*.fli=01;35:*.flv=01;35:*.gl=01;35:*.dl=01;35:*.xcf=01;35:*.xwd=01;35:*.yuv=01;35:*.cgm=01;35:*.emf=01;35:*.ogv=01;35:*.ogx=01;35:*.aac=00;36:*.au=00;36:*.flac=00;36:*.m4a=00;36:*.mid=00;36:*.midi=00;36:*.mka=00;36:*.mp3=00;36:*.mpc=00;36:*.ogg=00;36:*.ra=00;36:*.wav=00;36:*.oga=00;36:*.opus=00;36:*.spx=00;36:*.xspf=00;36:'), ('GNOME_TERMINAL_SERVICE', ':1.120'), ('SSH_AGENT_LAUNCHER', 'gnome-keyring'), ('SSH_AUTH_SOCK', '/run/user/1000/keyring/ssh'), ('AMENT_PREFIX_PATH', '/opt/ros/humble'), ('SHELL', '/bin/bash'), ('LC_NAME', 'de_DE.UTF-8'), ('QT_ACCESSIBILITY', '1'), ('GDMSESSION', 'ubuntu'), ('LESSCLOSE', '/usr/bin/lesspipe %s %s'), ('LC_MEASUREMENT', 'de_DE.UTF-8'), ('LC_IDENTIFICATION', 'de_DE.UTF-8'), ('QT_IM_MODULE', 'ibus'), ('PWD', '/home/rahul/Mir_robot/build/ur_description'), ('XDG_CONFIG_DIRS', '/etc/xdg/xdg-ubuntu:/etc/xdg'), ('XDG_DATA_DIRS', '/usr/share/ubuntu:/usr/local/share/:/usr/share/:/var/lib/snapd/desktop'), ('PYTHONPATH', '/opt/ros/humble/lib/python3.10/site-packages:/opt/ros/humble/local/lib/python3.10/dist-packages'), ('LC_NUMERIC', 'de_DE.UTF-8'), ('LC_PAPER', 'de_DE.UTF-8'), ('COLCON', '1'), ('VTE_VERSION', '6800'), ('CMAKE_PREFIX_PATH', '/opt/ros/humble')]), 'shell': False}
[28.251150] (-) TimerEvent: {}
[28.279424] (ur_description) StdoutLine: {'line': b'-- The C compiler identification is GNU 11.4.0\n'}
[28.295904] (realsense_gazebo_plugin) StdoutLine: {'line': b'-- Found CURL: /usr/lib/x86_64-linux-gnu/libcurl.so (found version "7.81.0")  \n'}
[28.313322] (realsense_gazebo_plugin) StdoutLine: {'line': b"-- Checking for module 'jsoncpp'\n"}
[28.342108] (realsense_gazebo_plugin) StdoutLine: {'line': b'--   Found jsoncpp, version 1.9.5\n'}
[28.351253] (-) TimerEvent: {}
[28.399252] (ur_description) StdoutLine: {'line': b'-- The CXX compiler identification is GNU 11.4.0\n'}
[28.414261] (ur_description) StdoutLine: {'line': b'-- Detecting C compiler ABI info\n'}
[28.419107] (realsense_gazebo_plugin) StdoutLine: {'line': b'-- Found JSONCPP: TRUE  \n'}
[28.429497] (realsense_gazebo_plugin) StdoutLine: {'line': b"-- Checking for module 'libzip'\n"}
[28.451367] (-) TimerEvent: {}
[28.458768] (realsense_gazebo_plugin) StdoutLine: {'line': b'--   Found libzip, version 1.7.3\n'}
[28.532522] (realsense_gazebo_plugin) StdoutLine: {'line': b'-- Found ZIP: TRUE  \n'}
[28.532772] (realsense_gazebo_plugin) StdoutLine: {'line': b'-- Looking for ignition-common3 -- found version 3.14.0\n'}
[28.533385] (realsense_gazebo_plugin) StdoutLine: {'line': b'-- Looking for ignition-math6 -- found version 6.16.0\n'}
[28.534289] (realsense_gazebo_plugin) StdoutLine: {'line': b'-- Looking for ignition-msgs5 -- found version 5.8.1\n'}
[28.541686] (realsense_gazebo_plugin) StdoutLine: {'line': b'-- Gazebo version: 11.10\n'}
[28.544131] (realsense_gazebo_plugin) StdoutLine: {'line': b"-- Checking for module 'tbb'\n"}
[28.553097] (ur_description) StdoutLine: {'line': b'-- Detecting C compiler ABI info - done\n'}
[28.553328] (-) TimerEvent: {}
[28.571443] (ur_description) StdoutLine: {'line': b'-- Check for working C compiler: /usr/bin/cc - skipped\n'}
[28.574191] (ur_description) StdoutLine: {'line': b'-- Detecting C compile features\n'}
[28.574425] (ur_description) StdoutLine: {'line': b'-- Detecting C compile features - done\n'}
[28.575902] (realsense_gazebo_plugin) StdoutLine: {'line': b'--   Found tbb, version 2021.5.0\n'}
[28.585115] (ur_description) StdoutLine: {'line': b'-- Detecting CXX compiler ABI info\n'}
[28.653457] (-) TimerEvent: {}
[28.659955] (realsense_gazebo_plugin) StdoutLine: {'line': b'-- Found image_transport: 3.1.13 (/opt/ros/humble/share/image_transport/cmake)\n'}
[28.753573] (-) TimerEvent: {}
[28.766598] (ur_description) StdoutLine: {'line': b'-- Detecting CXX compiler ABI info - done\n'}
[28.792463] (ur_description) StdoutLine: {'line': b'-- Check for working CXX compiler: /usr/bin/c++ - skipped\n'}
[28.793608] (ur_description) StdoutLine: {'line': b'-- Detecting CXX compile features\n'}
[28.795219] (ur_description) StdoutLine: {'line': b'-- Detecting CXX compile features - done\n'}
[28.806201] (ur_description) StdoutLine: {'line': b'-- Found ament_cmake: 1.3.14 (/opt/ros/humble/share/ament_cmake/cmake)\n'}
[28.822187] (realsense_gazebo_plugin) StdoutLine: {'line': b'-- Found camera_info_manager: 3.1.13 (/opt/ros/humble/share/camera_info_manager/cmake)\n'}
[28.853693] (-) TimerEvent: {}
[28.860475] (realsense_gazebo_plugin) StdoutLine: {'line': b'-- Found ament_lint_auto: 0.12.15 (/opt/ros/humble/share/ament_lint_auto/cmake)\n'}
[28.953798] (-) TimerEvent: {}
[29.046489] (realsense_gazebo_plugin) StdoutLine: {'line': b"-- Added test 'copyright' to check source files copyright and LICENSE\n"}
[29.049677] (realsense_gazebo_plugin) StdoutLine: {'line': b"-- Added test 'cppcheck' to perform static code analysis on C / C++ code\n"}
[29.056202] (realsense_gazebo_plugin) StdoutLine: {'line': b'-- Configured cppcheck include dirs: /home/rahul/Mir_robot/src/mir_robot/realsense_gazebo_plugin/include\n'}
[29.056427] (-) TimerEvent: {}
[29.056636] (realsense_gazebo_plugin) StdoutLine: {'line': b'-- Configured cppcheck exclude dirs and/or files: \n'}
[29.058141] (realsense_gazebo_plugin) StdoutLine: {'line': b"-- Added test 'cpplint' to check C / C++ code against the Google style\n"}
[29.058512] (realsense_gazebo_plugin) StdoutLine: {'line': b'-- Configured cpplint exclude dirs and/or files: \n'}
[29.060636] (realsense_gazebo_plugin) StdoutLine: {'line': b"-- Added test 'lint_cmake' to check CMake code style\n"}
[29.063955] (realsense_gazebo_plugin) StdoutLine: {'line': b"-- Added test 'uncrustify' to check C / C++ code style\n"}
[29.064373] (realsense_gazebo_plugin) StdoutLine: {'line': b'-- Configured uncrustify additional arguments: \n'}
[29.065800] (realsense_gazebo_plugin) StdoutLine: {'line': b"-- Added test 'xmllint' to check XML markup files\n"}
[29.073161] (realsense_gazebo_plugin) StdoutLine: {'line': b'-- Configuring done\n'}
[29.116860] (ur_description) StdoutLine: {'line': b'-- Found Python3: /usr/bin/python3 (found version "3.10.12") found components: Interpreter \n'}
[29.136422] (realsense_gazebo_plugin) StdoutLine: {'line': b'-- Generating done\n'}
[29.147250] (realsense_gazebo_plugin) StdoutLine: {'line': b'-- Build files have been written to: /home/rahul/Mir_robot/build/realsense_gazebo_plugin\n'}
[29.159111] (-) TimerEvent: {}
[29.178700] (realsense_gazebo_plugin) CommandEnded: {'returncode': 0}
[29.180140] (realsense_gazebo_plugin) JobProgress: {'identifier': 'realsense_gazebo_plugin', 'progress': 'build'}
[29.181011] (realsense_gazebo_plugin) Command: {'cmd': ['/usr/bin/cmake', '--build', '/home/rahul/Mir_robot/build/realsense_gazebo_plugin', '--', '-j4', '-l4'], 'cwd': '/home/rahul/Mir_robot/build/realsense_gazebo_plugin', 'env': OrderedDict([('LESSOPEN', '| /usr/bin/lesspipe %s'), ('USER', 'rahul'), ('LC_TIME', 'de_DE.UTF-8'), ('XDG_SESSION_TYPE', 'wayland'), ('SHLVL', '1'), ('LD_LIBRARY_PATH', '/usr/lib/x86_64-linux-gnu/gazebo-11/plugins:/opt/ros/humble/opt/rviz_ogre_vendor/lib:/opt/ros/humble/lib/x86_64-linux-gnu:/opt/ros/humble/lib'), ('HOME', '/home/rahul'), ('OLDPWD', '/home/rahul'), ('DESKTOP_SESSION', 'ubuntu'), ('ROS_PYTHON_VERSION', '3'), ('GNOME_SHELL_SESSION_MODE', 'ubuntu'), ('GTK_MODULES', 'gail:atk-bridge'), ('LC_MONETARY', 'de_DE.UTF-8'), ('SYSTEMD_EXEC_PID', '6479'), ('DBUS_SESSION_BUS_ADDRESS', 'unix:path=/run/user/1000/bus'), ('COLORTERM', 'truecolor'), ('IM_CONFIG_PHASE', '1'), ('WAYLAND_DISPLAY', 'wayland-0'), ('ROS_DISTRO', 'humble'), ('LOGNAME', 'rahul'), ('_', '/usr/bin/colcon'), ('ROS_VERSION', '2'), ('XDG_SESSION_CLASS', 'user'), ('USERNAME', 'rahul'), ('TERM', 'xterm-256color'), ('GNOME_DESKTOP_SESSION_ID', 'this-is-deprecated'), ('ROS_LOCALHOST_ONLY', '0'), ('PATH', '/opt/ros/humble/bin:/home/rahul/.local/bin:/usr/local/sbin:/usr/local/bin:/usr/sbin:/usr/bin:/sbin:/bin:/usr/games:/usr/local/games:/snap/bin:/snap/bin'), ('SESSION_MANAGER', 'local/rahul-Inspiron-5559:@/tmp/.ICE-unix/2054,unix/rahul-Inspiron-5559:/tmp/.ICE-unix/2054'), ('XDG_MENU_PREFIX', 'gnome-'), ('LC_ADDRESS', 'de_DE.UTF-8'), ('GNOME_TERMINAL_SCREEN', '/org/gnome/Terminal/screen/351eedeb_30dc_418d_b420_34c5a0c83961'), ('GNOME_SETUP_DISPLAY', ':1'), ('XDG_RUNTIME_DIR', '/run/user/1000'), ('DISPLAY', ':0'), ('LANG', 'en_US.UTF-8'), ('XDG_CURRENT_DESKTOP', 'ubuntu:GNOME'), ('LC_TELEPHONE', 'de_DE.UTF-8'), ('XMODIFIERS', '@im=ibus'), ('XDG_SESSION_DESKTOP', 'ubuntu'), ('XAUTHORITY', '/run/user/1000/.mutter-Xwaylandauth.VYRET3'), ('LS_COLORS', 'rs=0:di=01;34:ln=01;36:mh=00:pi=40;33:so=01;35:do=01;35:bd=40;33;01:cd=40;33;01:or=40;31;01:mi=00:su=37;41:sg=30;43:ca=30;41:tw=30;42:ow=34;42:st=37;44:ex=01;32:*.tar=01;31:*.tgz=01;31:*.arc=01;31:*.arj=01;31:*.taz=01;31:*.lha=01;31:*.lz4=01;31:*.lzh=01;31:*.lzma=01;31:*.tlz=01;31:*.txz=01;31:*.tzo=01;31:*.t7z=01;31:*.zip=01;31:*.z=01;31:*.dz=01;31:*.gz=01;31:*.lrz=01;31:*.lz=01;31:*.lzo=01;31:*.xz=01;31:*.zst=01;31:*.tzst=01;31:*.bz2=01;31:*.bz=01;31:*.tbz=01;31:*.tbz2=01;31:*.tz=01;31:*.deb=01;31:*.rpm=01;31:*.jar=01;31:*.war=01;31:*.ear=01;31:*.sar=01;31:*.rar=01;31:*.alz=01;31:*.ace=01;31:*.zoo=01;31:*.cpio=01;31:*.7z=01;31:*.rz=01;31:*.cab=01;31:*.wim=01;31:*.swm=01;31:*.dwm=01;31:*.esd=01;31:*.jpg=01;35:*.jpeg=01;35:*.mjpg=01;35:*.mjpeg=01;35:*.gif=01;35:*.bmp=01;35:*.pbm=01;35:*.pgm=01;35:*.ppm=01;35:*.tga=01;35:*.xbm=01;35:*.xpm=01;35:*.tif=01;35:*.tiff=01;35:*.png=01;35:*.svg=01;35:*.svgz=01;35:*.mng=01;35:*.pcx=01;35:*.mov=01;35:*.mpg=01;35:*.mpeg=01;35:*.m2v=01;35:*.mkv=01;35:*.webm=01;35:*.webp=01;35:*.ogm=01;35:*.mp4=01;35:*.m4v=01;35:*.mp4v=01;35:*.vob=01;35:*.qt=01;35:*.nuv=01;35:*.wmv=01;35:*.asf=01;35:*.rm=01;35:*.rmvb=01;35:*.flc=01;35:*.avi=01;35:*.fli=01;35:*.flv=01;35:*.gl=01;35:*.dl=01;35:*.xcf=01;35:*.xwd=01;35:*.yuv=01;35:*.cgm=01;35:*.emf=01;35:*.ogv=01;35:*.ogx=01;35:*.aac=00;36:*.au=00;36:*.flac=00;36:*.m4a=00;36:*.mid=00;36:*.midi=00;36:*.mka=00;36:*.mp3=00;36:*.mpc=00;36:*.ogg=00;36:*.ra=00;36:*.wav=00;36:*.oga=00;36:*.opus=00;36:*.spx=00;36:*.xspf=00;36:'), ('GNOME_TERMINAL_SERVICE', ':1.120'), ('SSH_AGENT_LAUNCHER', 'gnome-keyring'), ('SSH_AUTH_SOCK', '/run/user/1000/keyring/ssh'), ('AMENT_PREFIX_PATH', '/opt/ros/humble'), ('SHELL', '/bin/bash'), ('LC_NAME', 'de_DE.UTF-8'), ('QT_ACCESSIBILITY', '1'), ('GDMSESSION', 'ubuntu'), ('LESSCLOSE', '/usr/bin/lesspipe %s %s'), ('LC_MEASUREMENT', 'de_DE.UTF-8'), ('LC_IDENTIFICATION', 'de_DE.UTF-8'), ('QT_IM_MODULE', 'ibus'), ('PWD', '/home/rahul/Mir_robot/build/realsense_gazebo_plugin'), ('XDG_CONFIG_DIRS', '/etc/xdg/xdg-ubuntu:/etc/xdg'), ('XDG_DATA_DIRS', '/usr/share/ubuntu:/usr/local/share/:/usr/share/:/var/lib/snapd/desktop'), ('PYTHONPATH', '/opt/ros/humble/lib/python3.10/site-packages:/opt/ros/humble/local/lib/python3.10/dist-packages'), ('LC_NUMERIC', 'de_DE.UTF-8'), ('LC_PAPER', 'de_DE.UTF-8'), ('COLCON', '1'), ('VTE_VERSION', '6800'), ('CMAKE_PREFIX_PATH', '/opt/ros/humble')]), 'shell': False}
[29.258121] (ur_description) StdoutLine: {'line': b'-- Override CMake install command with custom implementation using symlinks instead of copying resources\n'}
[29.259214] (-) TimerEvent: {}
[29.299633] (realsense_gazebo_plugin) StdoutLine: {'line': b'[ 33%] \x1b[32mBuilding CXX object CMakeFiles/realsense_gazebo_plugin.dir/src/RealSensePlugin.cpp.o\x1b[0m\n'}
[29.313162] (realsense_gazebo_plugin) StdoutLine: {'line': b'[ 66%] \x1b[32mBuilding CXX object CMakeFiles/realsense_gazebo_plugin.dir/src/gazebo_ros_realsense.cpp.o\x1b[0m\n'}
[29.328174] (ur_description) StdoutLine: {'line': b'-- Found ament_cmake_pytest: 1.3.14 (/opt/ros/humble/share/ament_cmake_pytest/cmake)\n'}
[29.359333] (-) TimerEvent: {}
[29.460255] (-) TimerEvent: {}
[29.563255] (-) TimerEvent: {}
[29.663661] (-) TimerEvent: {}
[29.764245] (-) TimerEvent: {}
[29.868112] (-) TimerEvent: {}
[29.968488] (-) TimerEvent: {}
[30.068899] (-) TimerEvent: {}
[30.172107] (-) TimerEvent: {}
[30.272526] (-) TimerEvent: {}
[30.372895] (-) TimerEvent: {}
[30.475105] (-) TimerEvent: {}
[30.575721] (-) TimerEvent: {}
[30.676078] (-) TimerEvent: {}
[30.776440] (-) TimerEvent: {}
[30.876924] (-) TimerEvent: {}
[30.977294] (-) TimerEvent: {}
[31.079362] (-) TimerEvent: {}
[31.179754] (-) TimerEvent: {}
[31.280107] (-) TimerEvent: {}
[31.384099] (-) TimerEvent: {}
[31.484460] (-) TimerEvent: {}
[31.586099] (-) TimerEvent: {}
[31.686485] (-) TimerEvent: {}
[31.786894] (-) TimerEvent: {}
[31.887495] (-) TimerEvent: {}
[31.989333] (-) TimerEvent: {}
[32.093117] (-) TimerEvent: {}
[32.193507] (-) TimerEvent: {}
[32.293881] (-) TimerEvent: {}
[32.394269] (-) TimerEvent: {}
[32.494737] (-) TimerEvent: {}
[32.597258] (-) TimerEvent: {}
[32.697736] (-) TimerEvent: {}
[32.798317] (-) TimerEvent: {}
[32.898670] (-) TimerEvent: {}
[33.091270] (-) TimerEvent: {}
[33.194205] (-) TimerEvent: {}
[33.294568] (-) TimerEvent: {}
[33.353057] (ira_laser_tools) StdoutLine: {'line': b'[ 50%] \x1b[32m\x1b[1mLinking CXX static library libCloudPile.a\x1b[0m\n'}
[33.394666] (-) TimerEvent: {}
[33.495012] (-) TimerEvent: {}
[33.595384] (-) TimerEvent: {}
[33.698116] (-) TimerEvent: {}
[33.798497] (-) TimerEvent: {}
[33.901169] (-) TimerEvent: {}
[33.911983] (ira_laser_tools) StdoutLine: {'line': b'[ 50%] Built target CloudPile\n'}
[33.970316] (ira_laser_tools) StdoutLine: {'line': b'[ 75%] \x1b[32mBuilding CXX object CMakeFiles/laserscan_multi_merger.dir/src/laserscan_multi_merger.cpp.o\x1b[0m\n'}
[34.001292] (-) TimerEvent: {}
[34.020718] (ur_description) StdoutLine: {'line': b'-- Configuring done\n'}
[34.026082] (ur_description) StdoutLine: {'line': b'-- Generating done\n'}
[34.031211] (ur_description) StdoutLine: {'line': b'-- Build files have been written to: /home/rahul/Mir_robot/build/ur_description\n'}
[34.038240] (ur_description) CommandEnded: {'returncode': 0}
[34.043370] (ur_description) JobProgress: {'identifier': 'ur_description', 'progress': 'build'}
[34.043482] (ur_description) Command: {'cmd': ['/usr/bin/cmake', '--build', '/home/rahul/Mir_robot/build/ur_description', '--', '-j4', '-l4'], 'cwd': '/home/rahul/Mir_robot/build/ur_description', 'env': OrderedDict([('LESSOPEN', '| /usr/bin/lesspipe %s'), ('USER', 'rahul'), ('LC_TIME', 'de_DE.UTF-8'), ('XDG_SESSION_TYPE', 'wayland'), ('SHLVL', '1'), ('LD_LIBRARY_PATH', '/usr/lib/x86_64-linux-gnu/gazebo-11/plugins:/opt/ros/humble/opt/rviz_ogre_vendor/lib:/opt/ros/humble/lib/x86_64-linux-gnu:/opt/ros/humble/lib'), ('HOME', '/home/rahul'), ('OLDPWD', '/home/rahul'), ('DESKTOP_SESSION', 'ubuntu'), ('ROS_PYTHON_VERSION', '3'), ('GNOME_SHELL_SESSION_MODE', 'ubuntu'), ('GTK_MODULES', 'gail:atk-bridge'), ('LC_MONETARY', 'de_DE.UTF-8'), ('SYSTEMD_EXEC_PID', '6479'), ('DBUS_SESSION_BUS_ADDRESS', 'unix:path=/run/user/1000/bus'), ('COLORTERM', 'truecolor'), ('IM_CONFIG_PHASE', '1'), ('WAYLAND_DISPLAY', 'wayland-0'), ('ROS_DISTRO', 'humble'), ('LOGNAME', 'rahul'), ('_', '/usr/bin/colcon'), ('ROS_VERSION', '2'), ('XDG_SESSION_CLASS', 'user'), ('USERNAME', 'rahul'), ('TERM', 'xterm-256color'), ('GNOME_DESKTOP_SESSION_ID', 'this-is-deprecated'), ('ROS_LOCALHOST_ONLY', '0'), ('PATH', '/opt/ros/humble/bin:/home/rahul/.local/bin:/usr/local/sbin:/usr/local/bin:/usr/sbin:/usr/bin:/sbin:/bin:/usr/games:/usr/local/games:/snap/bin:/snap/bin'), ('SESSION_MANAGER', 'local/rahul-Inspiron-5559:@/tmp/.ICE-unix/2054,unix/rahul-Inspiron-5559:/tmp/.ICE-unix/2054'), ('XDG_MENU_PREFIX', 'gnome-'), ('LC_ADDRESS', 'de_DE.UTF-8'), ('GNOME_TERMINAL_SCREEN', '/org/gnome/Terminal/screen/351eedeb_30dc_418d_b420_34c5a0c83961'), ('GNOME_SETUP_DISPLAY', ':1'), ('XDG_RUNTIME_DIR', '/run/user/1000'), ('DISPLAY', ':0'), ('LANG', 'en_US.UTF-8'), ('XDG_CURRENT_DESKTOP', 'ubuntu:GNOME'), ('LC_TELEPHONE', 'de_DE.UTF-8'), ('XMODIFIERS', '@im=ibus'), ('XDG_SESSION_DESKTOP', 'ubuntu'), ('XAUTHORITY', '/run/user/1000/.mutter-Xwaylandauth.VYRET3'), ('LS_COLORS', 'rs=0:di=01;34:ln=01;36:mh=00:pi=40;33:so=01;35:do=01;35:bd=40;33;01:cd=40;33;01:or=40;31;01:mi=00:su=37;41:sg=30;43:ca=30;41:tw=30;42:ow=34;42:st=37;44:ex=01;32:*.tar=01;31:*.tgz=01;31:*.arc=01;31:*.arj=01;31:*.taz=01;31:*.lha=01;31:*.lz4=01;31:*.lzh=01;31:*.lzma=01;31:*.tlz=01;31:*.txz=01;31:*.tzo=01;31:*.t7z=01;31:*.zip=01;31:*.z=01;31:*.dz=01;31:*.gz=01;31:*.lrz=01;31:*.lz=01;31:*.lzo=01;31:*.xz=01;31:*.zst=01;31:*.tzst=01;31:*.bz2=01;31:*.bz=01;31:*.tbz=01;31:*.tbz2=01;31:*.tz=01;31:*.deb=01;31:*.rpm=01;31:*.jar=01;31:*.war=01;31:*.ear=01;31:*.sar=01;31:*.rar=01;31:*.alz=01;31:*.ace=01;31:*.zoo=01;31:*.cpio=01;31:*.7z=01;31:*.rz=01;31:*.cab=01;31:*.wim=01;31:*.swm=01;31:*.dwm=01;31:*.esd=01;31:*.jpg=01;35:*.jpeg=01;35:*.mjpg=01;35:*.mjpeg=01;35:*.gif=01;35:*.bmp=01;35:*.pbm=01;35:*.pgm=01;35:*.ppm=01;35:*.tga=01;35:*.xbm=01;35:*.xpm=01;35:*.tif=01;35:*.tiff=01;35:*.png=01;35:*.svg=01;35:*.svgz=01;35:*.mng=01;35:*.pcx=01;35:*.mov=01;35:*.mpg=01;35:*.mpeg=01;35:*.m2v=01;35:*.mkv=01;35:*.webm=01;35:*.webp=01;35:*.ogm=01;35:*.mp4=01;35:*.m4v=01;35:*.mp4v=01;35:*.vob=01;35:*.qt=01;35:*.nuv=01;35:*.wmv=01;35:*.asf=01;35:*.rm=01;35:*.rmvb=01;35:*.flc=01;35:*.avi=01;35:*.fli=01;35:*.flv=01;35:*.gl=01;35:*.dl=01;35:*.xcf=01;35:*.xwd=01;35:*.yuv=01;35:*.cgm=01;35:*.emf=01;35:*.ogv=01;35:*.ogx=01;35:*.aac=00;36:*.au=00;36:*.flac=00;36:*.m4a=00;36:*.mid=00;36:*.midi=00;36:*.mka=00;36:*.mp3=00;36:*.mpc=00;36:*.ogg=00;36:*.ra=00;36:*.wav=00;36:*.oga=00;36:*.opus=00;36:*.spx=00;36:*.xspf=00;36:'), ('GNOME_TERMINAL_SERVICE', ':1.120'), ('SSH_AGENT_LAUNCHER', 'gnome-keyring'), ('SSH_AUTH_SOCK', '/run/user/1000/keyring/ssh'), ('AMENT_PREFIX_PATH', '/opt/ros/humble'), ('SHELL', '/bin/bash'), ('LC_NAME', 'de_DE.UTF-8'), ('QT_ACCESSIBILITY', '1'), ('GDMSESSION', 'ubuntu'), ('LESSCLOSE', '/usr/bin/lesspipe %s %s'), ('LC_MEASUREMENT', 'de_DE.UTF-8'), ('LC_IDENTIFICATION', 'de_DE.UTF-8'), ('QT_IM_MODULE', 'ibus'), ('PWD', '/home/rahul/Mir_robot/build/ur_description'), ('XDG_CONFIG_DIRS', '/etc/xdg/xdg-ubuntu:/etc/xdg'), ('XDG_DATA_DIRS', '/usr/share/ubuntu:/usr/local/share/:/usr/share/:/var/lib/snapd/desktop'), ('PYTHONPATH', '/opt/ros/humble/lib/python3.10/site-packages:/opt/ros/humble/local/lib/python3.10/dist-packages'), ('LC_NUMERIC', 'de_DE.UTF-8'), ('LC_PAPER', 'de_DE.UTF-8'), ('COLCON', '1'), ('VTE_VERSION', '6800'), ('CMAKE_PREFIX_PATH', '/opt/ros/humble')]), 'shell': False}
[34.101406] (-) TimerEvent: {}
[34.187609] (ur_description) CommandEnded: {'returncode': 0}
[34.188279] (ur_description) JobProgress: {'identifier': 'ur_description', 'progress': 'install'}
[34.188337] (ur_description) Command: {'cmd': ['/usr/bin/cmake', '--install', '/home/rahul/Mir_robot/build/ur_description'], 'cwd': '/home/rahul/Mir_robot/build/ur_description', 'env': OrderedDict([('LESSOPEN', '| /usr/bin/lesspipe %s'), ('USER', 'rahul'), ('LC_TIME', 'de_DE.UTF-8'), ('XDG_SESSION_TYPE', 'wayland'), ('SHLVL', '1'), ('LD_LIBRARY_PATH', '/usr/lib/x86_64-linux-gnu/gazebo-11/plugins:/opt/ros/humble/opt/rviz_ogre_vendor/lib:/opt/ros/humble/lib/x86_64-linux-gnu:/opt/ros/humble/lib'), ('HOME', '/home/rahul'), ('OLDPWD', '/home/rahul'), ('DESKTOP_SESSION', 'ubuntu'), ('ROS_PYTHON_VERSION', '3'), ('GNOME_SHELL_SESSION_MODE', 'ubuntu'), ('GTK_MODULES', 'gail:atk-bridge'), ('LC_MONETARY', 'de_DE.UTF-8'), ('SYSTEMD_EXEC_PID', '6479'), ('DBUS_SESSION_BUS_ADDRESS', 'unix:path=/run/user/1000/bus'), ('COLORTERM', 'truecolor'), ('IM_CONFIG_PHASE', '1'), ('WAYLAND_DISPLAY', 'wayland-0'), ('ROS_DISTRO', 'humble'), ('LOGNAME', 'rahul'), ('_', '/usr/bin/colcon'), ('ROS_VERSION', '2'), ('XDG_SESSION_CLASS', 'user'), ('USERNAME', 'rahul'), ('TERM', 'xterm-256color'), ('GNOME_DESKTOP_SESSION_ID', 'this-is-deprecated'), ('ROS_LOCALHOST_ONLY', '0'), ('PATH', '/opt/ros/humble/bin:/home/rahul/.local/bin:/usr/local/sbin:/usr/local/bin:/usr/sbin:/usr/bin:/sbin:/bin:/usr/games:/usr/local/games:/snap/bin:/snap/bin'), ('SESSION_MANAGER', 'local/rahul-Inspiron-5559:@/tmp/.ICE-unix/2054,unix/rahul-Inspiron-5559:/tmp/.ICE-unix/2054'), ('XDG_MENU_PREFIX', 'gnome-'), ('LC_ADDRESS', 'de_DE.UTF-8'), ('GNOME_TERMINAL_SCREEN', '/org/gnome/Terminal/screen/351eedeb_30dc_418d_b420_34c5a0c83961'), ('GNOME_SETUP_DISPLAY', ':1'), ('XDG_RUNTIME_DIR', '/run/user/1000'), ('DISPLAY', ':0'), ('LANG', 'en_US.UTF-8'), ('XDG_CURRENT_DESKTOP', 'ubuntu:GNOME'), ('LC_TELEPHONE', 'de_DE.UTF-8'), ('XMODIFIERS', '@im=ibus'), ('XDG_SESSION_DESKTOP', 'ubuntu'), ('XAUTHORITY', '/run/user/1000/.mutter-Xwaylandauth.VYRET3'), ('LS_COLORS', 'rs=0:di=01;34:ln=01;36:mh=00:pi=40;33:so=01;35:do=01;35:bd=40;33;01:cd=40;33;01:or=40;31;01:mi=00:su=37;41:sg=30;43:ca=30;41:tw=30;42:ow=34;42:st=37;44:ex=01;32:*.tar=01;31:*.tgz=01;31:*.arc=01;31:*.arj=01;31:*.taz=01;31:*.lha=01;31:*.lz4=01;31:*.lzh=01;31:*.lzma=01;31:*.tlz=01;31:*.txz=01;31:*.tzo=01;31:*.t7z=01;31:*.zip=01;31:*.z=01;31:*.dz=01;31:*.gz=01;31:*.lrz=01;31:*.lz=01;31:*.lzo=01;31:*.xz=01;31:*.zst=01;31:*.tzst=01;31:*.bz2=01;31:*.bz=01;31:*.tbz=01;31:*.tbz2=01;31:*.tz=01;31:*.deb=01;31:*.rpm=01;31:*.jar=01;31:*.war=01;31:*.ear=01;31:*.sar=01;31:*.rar=01;31:*.alz=01;31:*.ace=01;31:*.zoo=01;31:*.cpio=01;31:*.7z=01;31:*.rz=01;31:*.cab=01;31:*.wim=01;31:*.swm=01;31:*.dwm=01;31:*.esd=01;31:*.jpg=01;35:*.jpeg=01;35:*.mjpg=01;35:*.mjpeg=01;35:*.gif=01;35:*.bmp=01;35:*.pbm=01;35:*.pgm=01;35:*.ppm=01;35:*.tga=01;35:*.xbm=01;35:*.xpm=01;35:*.tif=01;35:*.tiff=01;35:*.png=01;35:*.svg=01;35:*.svgz=01;35:*.mng=01;35:*.pcx=01;35:*.mov=01;35:*.mpg=01;35:*.mpeg=01;35:*.m2v=01;35:*.mkv=01;35:*.webm=01;35:*.webp=01;35:*.ogm=01;35:*.mp4=01;35:*.m4v=01;35:*.mp4v=01;35:*.vob=01;35:*.qt=01;35:*.nuv=01;35:*.wmv=01;35:*.asf=01;35:*.rm=01;35:*.rmvb=01;35:*.flc=01;35:*.avi=01;35:*.fli=01;35:*.flv=01;35:*.gl=01;35:*.dl=01;35:*.xcf=01;35:*.xwd=01;35:*.yuv=01;35:*.cgm=01;35:*.emf=01;35:*.ogv=01;35:*.ogx=01;35:*.aac=00;36:*.au=00;36:*.flac=00;36:*.m4a=00;36:*.mid=00;36:*.midi=00;36:*.mka=00;36:*.mp3=00;36:*.mpc=00;36:*.ogg=00;36:*.ra=00;36:*.wav=00;36:*.oga=00;36:*.opus=00;36:*.spx=00;36:*.xspf=00;36:'), ('GNOME_TERMINAL_SERVICE', ':1.120'), ('SSH_AGENT_LAUNCHER', 'gnome-keyring'), ('SSH_AUTH_SOCK', '/run/user/1000/keyring/ssh'), ('AMENT_PREFIX_PATH', '/opt/ros/humble'), ('SHELL', '/bin/bash'), ('LC_NAME', 'de_DE.UTF-8'), ('QT_ACCESSIBILITY', '1'), ('GDMSESSION', 'ubuntu'), ('LESSCLOSE', '/usr/bin/lesspipe %s %s'), ('LC_MEASUREMENT', 'de_DE.UTF-8'), ('LC_IDENTIFICATION', 'de_DE.UTF-8'), ('QT_IM_MODULE', 'ibus'), ('PWD', '/home/rahul/Mir_robot/build/ur_description'), ('XDG_CONFIG_DIRS', '/etc/xdg/xdg-ubuntu:/etc/xdg'), ('XDG_DATA_DIRS', '/usr/share/ubuntu:/usr/local/share/:/usr/share/:/var/lib/snapd/desktop'), ('PYTHONPATH', '/opt/ros/humble/lib/python3.10/site-packages:/opt/ros/humble/local/lib/python3.10/dist-packages'), ('LC_NUMERIC', 'de_DE.UTF-8'), ('LC_PAPER', 'de_DE.UTF-8'), ('COLCON', '1'), ('VTE_VERSION', '6800'), ('CMAKE_PREFIX_PATH', '/opt/ros/humble')]), 'shell': False}
[34.202234] (-) TimerEvent: {}
[34.212025] (ur_description) StdoutLine: {'line': b'-- Install configuration: ""\n'}
[34.215987] (ur_description) StdoutLine: {'line': b'-- Execute custom install script\n'}
[34.217480] (ur_description) StdoutLine: {'line': b'-- Symlinking: /home/rahul/Mir_robot/install/ur_description/share/ur_description/config/initial_positions.yaml\n'}
[34.250651] (ur_description) StdoutLine: {'line': b'-- Symlinking: /home/rahul/Mir_robot/install/ur_description/share/ur_description/config/ur10/default_kinematics.yaml\n'}
[34.281946] (ur_description) StdoutLine: {'line': b'-- Symlinking: /home/rahul/Mir_robot/install/ur_description/share/ur_description/config/ur10/joint_limits.yaml\n'}
[34.305118] (-) TimerEvent: {}
[34.313080] (ur_description) StdoutLine: {'line': b'-- Symlinking: /home/rahul/Mir_robot/install/ur_description/share/ur_description/config/ur10/physical_parameters.yaml\n'}
[34.345483] (ur_description) StdoutLine: {'line': b'-- Symlinking: /home/rahul/Mir_robot/install/ur_description/share/ur_description/config/ur10/visual_parameters.yaml\n'}
[34.381973] (ur_description) StdoutLine: {'line': b'-- Symlinking: /home/rahul/Mir_robot/install/ur_description/share/ur_description/config/ur10e/default_kinematics.yaml\n'}
[34.405225] (-) TimerEvent: {}
[34.416414] (ur_description) StdoutLine: {'line': b'-- Symlinking: /home/rahul/Mir_robot/install/ur_description/share/ur_description/config/ur10e/joint_limits.yaml\n'}
[34.451205] (ur_description) StdoutLine: {'line': b'-- Symlinking: /home/rahul/Mir_robot/install/ur_description/share/ur_description/config/ur10e/physical_parameters.yaml\n'}
[34.483876] (ur_description) StdoutLine: {'line': b'-- Symlinking: /home/rahul/Mir_robot/install/ur_description/share/ur_description/config/ur10e/visual_parameters.yaml\n'}
[34.505337] (-) TimerEvent: {}
[34.520136] (ur_description) StdoutLine: {'line': b'-- Symlinking: /home/rahul/Mir_robot/install/ur_description/share/ur_description/config/ur16e/default_kinematics.yaml\n'}
[34.552748] (ur_description) StdoutLine: {'line': b'-- Symlinking: /home/rahul/Mir_robot/install/ur_description/share/ur_description/config/ur16e/joint_limits.yaml\n'}
[34.586017] (ur_description) StdoutLine: {'line': b'-- Symlinking: /home/rahul/Mir_robot/install/ur_description/share/ur_description/config/ur16e/physical_parameters.yaml\n'}
[34.605450] (-) TimerEvent: {}
[34.616189] (ur_description) StdoutLine: {'line': b'-- Symlinking: /home/rahul/Mir_robot/install/ur_description/share/ur_description/config/ur16e/visual_parameters.yaml\n'}
[34.633170] (ur_description) StdoutLine: {'line': b'-- Symlinking: /home/rahul/Mir_robot/install/ur_description/share/ur_description/config/ur20/default_kinematics.yaml\n'}
[34.650133] (ur_description) StdoutLine: {'line': b'-- Symlinking: /home/rahul/Mir_robot/install/ur_description/share/ur_description/config/ur20/joint_limits.yaml\n'}
[34.668143] (ur_description) StdoutLine: {'line': b'-- Symlinking: /home/rahul/Mir_robot/install/ur_description/share/ur_description/config/ur20/physical_parameters.yaml\n'}
[34.684260] (ur_description) StdoutLine: {'line': b'-- Symlinking: /home/rahul/Mir_robot/install/ur_description/share/ur_description/config/ur20/visual_parameters.yaml\n'}
[34.701298] (ur_description) StdoutLine: {'line': b'-- Symlinking: /home/rahul/Mir_robot/install/ur_description/share/ur_description/config/ur3/default_kinematics.yaml\n'}
[34.705560] (-) TimerEvent: {}
[34.718833] (ur_description) StdoutLine: {'line': b'-- Symlinking: /home/rahul/Mir_robot/install/ur_description/share/ur_description/config/ur3/joint_limits.yaml\n'}
[34.737235] (ur_description) StdoutLine: {'line': b'-- Symlinking: /home/rahul/Mir_robot/install/ur_description/share/ur_description/config/ur3/physical_parameters.yaml\n'}
[34.754826] (ur_description) StdoutLine: {'line': b'-- Symlinking: /home/rahul/Mir_robot/install/ur_description/share/ur_description/config/ur3/visual_parameters.yaml\n'}
[34.773117] (ur_description) StdoutLine: {'line': b'-- Symlinking: /home/rahul/Mir_robot/install/ur_description/share/ur_description/config/ur3e/default_kinematics.yaml\n'}
[34.791100] (ur_description) StdoutLine: {'line': b'-- Symlinking: /home/rahul/Mir_robot/install/ur_description/share/ur_description/config/ur3e/joint_limits.yaml\n'}
[34.805670] (-) TimerEvent: {}
[34.809666] (ur_description) StdoutLine: {'line': b'-- Symlinking: /home/rahul/Mir_robot/install/ur_description/share/ur_description/config/ur3e/physical_parameters.yaml\n'}
[34.827750] (ur_description) StdoutLine: {'line': b'-- Symlinking: /home/rahul/Mir_robot/install/ur_description/share/ur_description/config/ur3e/visual_parameters.yaml\n'}
[34.848305] (ur_description) StdoutLine: {'line': b'-- Symlinking: /home/rahul/Mir_robot/install/ur_description/share/ur_description/config/ur5/default_kinematics.yaml\n'}
[34.867462] (ur_description) StdoutLine: {'line': b'-- Symlinking: /home/rahul/Mir_robot/install/ur_description/share/ur_description/config/ur5/joint_limits.yaml\n'}
[34.885130] (ur_description) StdoutLine: {'line': b'-- Symlinking: /home/rahul/Mir_robot/install/ur_description/share/ur_description/config/ur5/physical_parameters.yaml\n'}
[34.902011] (ur_description) StdoutLine: {'line': b'-- Symlinking: /home/rahul/Mir_robot/install/ur_description/share/ur_description/config/ur5/visual_parameters.yaml\n'}
[34.905848] (-) TimerEvent: {}
[34.920893] (ur_description) StdoutLine: {'line': b'-- Symlinking: /home/rahul/Mir_robot/install/ur_description/share/ur_description/config/ur5e/default_kinematics.yaml\n'}
[34.941613] (ur_description) StdoutLine: {'line': b'-- Symlinking: /home/rahul/Mir_robot/install/ur_description/share/ur_description/config/ur5e/joint_limits.yaml\n'}
[34.957939] (ur_description) StdoutLine: {'line': b'-- Symlinking: /home/rahul/Mir_robot/install/ur_description/share/ur_description/config/ur5e/physical_parameters.yaml\n'}
[34.979105] (ur_description) StdoutLine: {'line': b'-- Symlinking: /home/rahul/Mir_robot/install/ur_description/share/ur_description/config/ur5e/visual_parameters.yaml\n'}
[34.994302] (ur_description) StdoutLine: {'line': b'-- Symlinking: /home/rahul/Mir_robot/install/ur_description/share/ur_description/launch/view_ur.launch.py\n'}
[35.005974] (-) TimerEvent: {}
[35.016180] (ur_description) StdoutLine: {'line': b'-- Symlinking: /home/rahul/Mir_robot/install/ur_description/share/ur_description/meshes/ur10/collision/base.stl\n'}
[35.036504] (ur_description) StdoutLine: {'line': b'-- Symlinking: /home/rahul/Mir_robot/install/ur_description/share/ur_description/meshes/ur10/collision/forearm.stl\n'}
[35.053997] (ur_description) StdoutLine: {'line': b'-- Symlinking: /home/rahul/Mir_robot/install/ur_description/share/ur_description/meshes/ur10/collision/shoulder.stl\n'}
[35.075120] (ur_description) StdoutLine: {'line': b'-- Symlinking: /home/rahul/Mir_robot/install/ur_description/share/ur_description/meshes/ur10/collision/upperarm.stl\n'}
[35.089802] (ur_description) StdoutLine: {'line': b'-- Symlinking: /home/rahul/Mir_robot/install/ur_description/share/ur_description/meshes/ur10/collision/wrist1.stl\n'}
[35.106099] (-) TimerEvent: {}
[35.108484] (ur_description) StdoutLine: {'line': b'-- Symlinking: /home/rahul/Mir_robot/install/ur_description/share/ur_description/meshes/ur10/collision/wrist2.stl\n'}
[35.127245] (ur_description) StdoutLine: {'line': b'-- Symlinking: /home/rahul/Mir_robot/install/ur_description/share/ur_description/meshes/ur10/collision/wrist3.stl\n'}
[35.148344] (ur_description) StdoutLine: {'line': b'-- Symlinking: /home/rahul/Mir_robot/install/ur_description/share/ur_description/meshes/ur10/visual/base.dae\n'}
[35.170112] (ur_description) StdoutLine: {'line': b'-- Symlinking: /home/rahul/Mir_robot/install/ur_description/share/ur_description/meshes/ur10/visual/forearm.dae\n'}
[35.185138] (ur_description) StdoutLine: {'line': b'-- Symlinking: /home/rahul/Mir_robot/install/ur_description/share/ur_description/meshes/ur10/visual/shoulder.dae\n'}
[35.203283] (ur_description) StdoutLine: {'line': b'-- Symlinking: /home/rahul/Mir_robot/install/ur_description/share/ur_description/meshes/ur10/visual/upperarm.dae\n'}
[35.206215] (-) TimerEvent: {}
[35.222404] (ur_description) StdoutLine: {'line': b'-- Symlinking: /home/rahul/Mir_robot/install/ur_description/share/ur_description/meshes/ur10/visual/wrist1.dae\n'}
[35.241029] (ur_description) StdoutLine: {'line': b'-- Symlinking: /home/rahul/Mir_robot/install/ur_description/share/ur_description/meshes/ur10/visual/wrist2.dae\n'}
[35.262135] (ur_description) StdoutLine: {'line': b'-- Symlinking: /home/rahul/Mir_robot/install/ur_description/share/ur_description/meshes/ur10/visual/wrist3.dae\n'}
[35.276811] (ur_description) StdoutLine: {'line': b'-- Symlinking: /home/rahul/Mir_robot/install/ur_description/share/ur_description/meshes/ur10e/collision/base.stl\n'}
[35.294359] (ur_description) StdoutLine: {'line': b'-- Symlinking: /home/rahul/Mir_robot/install/ur_description/share/ur_description/meshes/ur10e/collision/forearm.stl\n'}
[35.306331] (-) TimerEvent: {}
[35.312438] (ur_description) StdoutLine: {'line': b'-- Symlinking: /home/rahul/Mir_robot/install/ur_description/share/ur_description/meshes/ur10e/collision/shoulder.stl\n'}
[35.331269] (ur_description) StdoutLine: {'line': b'-- Symlinking: /home/rahul/Mir_robot/install/ur_description/share/ur_description/meshes/ur10e/collision/upperarm.stl\n'}
[35.352073] (ur_description) StdoutLine: {'line': b'-- Symlinking: /home/rahul/Mir_robot/install/ur_description/share/ur_description/meshes/ur10e/collision/wrist1.stl\n'}
[35.370241] (ur_description) StdoutLine: {'line': b'-- Symlinking: /home/rahul/Mir_robot/install/ur_description/share/ur_description/meshes/ur10e/collision/wrist2.stl\n'}
[35.386678] (ur_description) StdoutLine: {'line': b'-- Symlinking: /home/rahul/Mir_robot/install/ur_description/share/ur_description/meshes/ur10e/collision/wrist3.stl\n'}
[35.405802] (ur_description) StdoutLine: {'line': b'-- Symlinking: /home/rahul/Mir_robot/install/ur_description/share/ur_description/meshes/ur10e/visual/base.dae\n'}
[35.406411] (-) TimerEvent: {}
[35.423298] (ur_description) StdoutLine: {'line': b'-- Symlinking: /home/rahul/Mir_robot/install/ur_description/share/ur_description/meshes/ur10e/visual/forearm.dae\n'}
[35.443202] (ur_description) StdoutLine: {'line': b'-- Symlinking: /home/rahul/Mir_robot/install/ur_description/share/ur_description/meshes/ur10e/visual/shoulder.dae\n'}
[35.460882] (ur_description) StdoutLine: {'line': b'-- Symlinking: /home/rahul/Mir_robot/install/ur_description/share/ur_description/meshes/ur10e/visual/upperarm.dae\n'}
[35.477964] (ur_description) StdoutLine: {'line': b'-- Symlinking: /home/rahul/Mir_robot/install/ur_description/share/ur_description/meshes/ur10e/visual/wrist1.dae\n'}
[35.494727] (ur_description) StdoutLine: {'line': b'-- Symlinking: /home/rahul/Mir_robot/install/ur_description/share/ur_description/meshes/ur10e/visual/wrist2.dae\n'}
[35.509128] (-) TimerEvent: {}
[35.512120] (ur_description) StdoutLine: {'line': b'-- Symlinking: /home/rahul/Mir_robot/install/ur_description/share/ur_description/meshes/ur10e/visual/wrist3.dae\n'}
[35.528279] (ur_description) StdoutLine: {'line': b'-- Symlinking: /home/rahul/Mir_robot/install/ur_description/share/ur_description/meshes/ur16e/collision/forearm.stl\n'}
[35.548916] (ur_description) StdoutLine: {'line': b'-- Symlinking: /home/rahul/Mir_robot/install/ur_description/share/ur_description/meshes/ur16e/collision/upperarm.stl\n'}
[35.565461] (ur_description) StdoutLine: {'line': b'-- Symlinking: /home/rahul/Mir_robot/install/ur_description/share/ur_description/meshes/ur16e/visual/forearm.dae\n'}
[35.582490] (ur_description) StdoutLine: {'line': b'-- Symlinking: /home/rahul/Mir_robot/install/ur_description/share/ur_description/meshes/ur16e/visual/upperarm.dae\n'}
[35.600108] (ur_description) StdoutLine: {'line': b'-- Symlinking: /home/rahul/Mir_robot/install/ur_description/share/ur_description/meshes/ur20/LICENSE.txt\n'}
[35.612118] (-) TimerEvent: {}
[35.617486] (ur_description) StdoutLine: {'line': b'-- Symlinking: /home/rahul/Mir_robot/install/ur_description/share/ur_description/meshes/ur20/collision/base.stl\n'}
[35.636544] (ur_description) StdoutLine: {'line': b'-- Symlinking: /home/rahul/Mir_robot/install/ur_description/share/ur_description/meshes/ur20/collision/forearm.stl\n'}
[35.658827] (ur_description) StdoutLine: {'line': b'-- Symlinking: /home/rahul/Mir_robot/install/ur_description/share/ur_description/meshes/ur20/collision/shoulder.stl\n'}
[35.676746] (ur_description) StdoutLine: {'line': b'-- Symlinking: /home/rahul/Mir_robot/install/ur_description/share/ur_description/meshes/ur20/collision/upperarm.stl\n'}
[35.693846] (ur_description) StdoutLine: {'line': b'-- Symlinking: /home/rahul/Mir_robot/install/ur_description/share/ur_description/meshes/ur20/collision/wrist1.stl\n'}
[35.711051] (ur_description) StdoutLine: {'line': b'-- Symlinking: /home/rahul/Mir_robot/install/ur_description/share/ur_description/meshes/ur20/collision/wrist2.stl\n'}
[35.714132] (-) TimerEvent: {}
[35.729514] (ur_description) StdoutLine: {'line': b'-- Symlinking: /home/rahul/Mir_robot/install/ur_description/share/ur_description/meshes/ur20/collision/wrist3.stl\n'}
[35.749875] (ur_description) StdoutLine: {'line': b'-- Symlinking: /home/rahul/Mir_robot/install/ur_description/share/ur_description/meshes/ur20/visual/UR20_DIFF_8bit_2K.png\n'}
[35.767337] (ur_description) StdoutLine: {'line': b'-- Symlinking: /home/rahul/Mir_robot/install/ur_description/share/ur_description/meshes/ur20/visual/base.dae\n'}
[35.786378] (ur_description) StdoutLine: {'line': b'-- Symlinking: /home/rahul/Mir_robot/install/ur_description/share/ur_description/meshes/ur20/visual/forearm.dae\n'}
[35.802818] (ur_description) StdoutLine: {'line': b'-- Symlinking: /home/rahul/Mir_robot/install/ur_description/share/ur_description/meshes/ur20/visual/shoulder.dae\n'}
[35.815243] (-) TimerEvent: {}
[35.820149] (ur_description) StdoutLine: {'line': b'-- Symlinking: /home/rahul/Mir_robot/install/ur_description/share/ur_description/meshes/ur20/visual/upperarm.dae\n'}
[35.838717] (ur_description) StdoutLine: {'line': b'-- Symlinking: /home/rahul/Mir_robot/install/ur_description/share/ur_description/meshes/ur20/visual/wrist1.dae\n'}
[35.858316] (ur_description) StdoutLine: {'line': b'-- Symlinking: /home/rahul/Mir_robot/install/ur_description/share/ur_description/meshes/ur20/visual/wrist2.dae\n'}
[35.876065] (ur_description) StdoutLine: {'line': b'-- Symlinking: /home/rahul/Mir_robot/install/ur_description/share/ur_description/meshes/ur20/visual/wrist3.dae\n'}
[35.894399] (ur_description) StdoutLine: {'line': b'-- Symlinking: /home/rahul/Mir_robot/install/ur_description/share/ur_description/meshes/ur3/collision/base.stl\n'}
[35.910672] (ur_description) StdoutLine: {'line': b'-- Symlinking: /home/rahul/Mir_robot/install/ur_description/share/ur_description/meshes/ur3/collision/forearm.stl\n'}
[35.917109] (-) TimerEvent: {}
[35.927971] (ur_description) StdoutLine: {'line': b'-- Symlinking: /home/rahul/Mir_robot/install/ur_description/share/ur_description/meshes/ur3/collision/shoulder.stl\n'}
[35.948145] (ur_description) StdoutLine: {'line': b'-- Symlinking: /home/rahul/Mir_robot/install/ur_description/share/ur_description/meshes/ur3/collision/upperarm.stl\n'}
[35.965894] (ur_description) StdoutLine: {'line': b'-- Symlinking: /home/rahul/Mir_robot/install/ur_description/share/ur_description/meshes/ur3/collision/wrist1.stl\n'}
[35.984863] (ur_description) StdoutLine: {'line': b'-- Symlinking: /home/rahul/Mir_robot/install/ur_description/share/ur_description/meshes/ur3/collision/wrist2.stl\n'}
[36.003931] (ur_description) StdoutLine: {'line': b'-- Symlinking: /home/rahul/Mir_robot/install/ur_description/share/ur_description/meshes/ur3/collision/wrist3.stl\n'}
[36.019121] (-) TimerEvent: {}
[36.021755] (ur_description) StdoutLine: {'line': b'-- Symlinking: /home/rahul/Mir_robot/install/ur_description/share/ur_description/meshes/ur3/visual/base.dae\n'}
[36.040882] (ur_description) StdoutLine: {'line': b'-- Symlinking: /home/rahul/Mir_robot/install/ur_description/share/ur_description/meshes/ur3/visual/forearm.dae\n'}
[36.062779] (ur_description) StdoutLine: {'line': b'-- Symlinking: /home/rahul/Mir_robot/install/ur_description/share/ur_description/meshes/ur3/visual/shoulder.dae\n'}
[36.079729] (ur_description) StdoutLine: {'line': b'-- Symlinking: /home/rahul/Mir_robot/install/ur_description/share/ur_description/meshes/ur3/visual/upperarm.dae\n'}
[36.098117] (ur_description) StdoutLine: {'line': b'-- Symlinking: /home/rahul/Mir_robot/install/ur_description/share/ur_description/meshes/ur3/visual/wrist1.dae\n'}
[36.114707] (ur_description) StdoutLine: {'line': b'-- Symlinking: /home/rahul/Mir_robot/install/ur_description/share/ur_description/meshes/ur3/visual/wrist2.dae\n'}
[36.121117] (-) TimerEvent: {}
[36.134197] (ur_description) StdoutLine: {'line': b'-- Symlinking: /home/rahul/Mir_robot/install/ur_description/share/ur_description/meshes/ur3/visual/wrist3.dae\n'}
[36.152897] (ur_description) StdoutLine: {'line': b'-- Symlinking: /home/rahul/Mir_robot/install/ur_description/share/ur_description/meshes/ur3e/collision/base.stl\n'}
[36.172988] (ur_description) StdoutLine: {'line': b'-- Symlinking: /home/rahul/Mir_robot/install/ur_description/share/ur_description/meshes/ur3e/collision/forearm.stl\n'}
[36.191704] (ur_description) StdoutLine: {'line': b'-- Symlinking: /home/rahul/Mir_robot/install/ur_description/share/ur_description/meshes/ur3e/collision/shoulder.stl\n'}
[36.209260] (ur_description) StdoutLine: {'line': b'-- Symlinking: /home/rahul/Mir_robot/install/ur_description/share/ur_description/meshes/ur3e/collision/upperarm.stl\n'}
[36.222112] (-) TimerEvent: {}
[36.227482] (ur_description) StdoutLine: {'line': b'-- Symlinking: /home/rahul/Mir_robot/install/ur_description/share/ur_description/meshes/ur3e/collision/wrist1.stl\n'}
[36.243404] (ur_description) StdoutLine: {'line': b'-- Symlinking: /home/rahul/Mir_robot/install/ur_description/share/ur_description/meshes/ur3e/collision/wrist2.stl\n'}
[36.265553] (ur_description) StdoutLine: {'line': b'-- Symlinking: /home/rahul/Mir_robot/install/ur_description/share/ur_description/meshes/ur3e/collision/wrist3.stl\n'}
[36.279960] (ur_description) StdoutLine: {'line': b'-- Symlinking: /home/rahul/Mir_robot/install/ur_description/share/ur_description/meshes/ur3e/visual/base.dae\n'}
[36.296308] (ur_description) StdoutLine: {'line': b'-- Symlinking: /home/rahul/Mir_robot/install/ur_description/share/ur_description/meshes/ur3e/visual/forearm.dae\n'}
[36.312418] (ur_description) StdoutLine: {'line': b'-- Symlinking: /home/rahul/Mir_robot/install/ur_description/share/ur_description/meshes/ur3e/visual/shoulder.dae\n'}
[36.325108] (-) TimerEvent: {}
[36.329649] (ur_description) StdoutLine: {'line': b'-- Symlinking: /home/rahul/Mir_robot/install/ur_description/share/ur_description/meshes/ur3e/visual/upperarm.dae\n'}
[36.345544] (ur_description) StdoutLine: {'line': b'-- Symlinking: /home/rahul/Mir_robot/install/ur_description/share/ur_description/meshes/ur3e/visual/wrist1.dae\n'}
[36.366359] (ur_description) StdoutLine: {'line': b'-- Symlinking: /home/rahul/Mir_robot/install/ur_description/share/ur_description/meshes/ur3e/visual/wrist2.dae\n'}
[36.382171] (ur_description) StdoutLine: {'line': b'-- Symlinking: /home/rahul/Mir_robot/install/ur_description/share/ur_description/meshes/ur3e/visual/wrist3.dae\n'}
[36.398624] (ur_description) StdoutLine: {'line': b'-- Symlinking: /home/rahul/Mir_robot/install/ur_description/share/ur_description/meshes/ur5/collision/base.stl\n'}
[36.414515] (ur_description) StdoutLine: {'line': b'-- Symlinking: /home/rahul/Mir_robot/install/ur_description/share/ur_description/meshes/ur5/collision/forearm.stl\n'}
[36.427189] (-) TimerEvent: {}
[36.431337] (ur_description) StdoutLine: {'line': b'-- Symlinking: /home/rahul/Mir_robot/install/ur_description/share/ur_description/meshes/ur5/collision/shoulder.stl\n'}
[36.447197] (ur_description) StdoutLine: {'line': b'-- Symlinking: /home/rahul/Mir_robot/install/ur_description/share/ur_description/meshes/ur5/collision/upperarm.stl\n'}
[36.468255] (ur_description) StdoutLine: {'line': b'-- Symlinking: /home/rahul/Mir_robot/install/ur_description/share/ur_description/meshes/ur5/collision/wrist1.stl\n'}
[36.485019] (ur_description) StdoutLine: {'line': b'-- Symlinking: /home/rahul/Mir_robot/install/ur_description/share/ur_description/meshes/ur5/collision/wrist2.stl\n'}
[36.500495] (ur_description) StdoutLine: {'line': b'-- Symlinking: /home/rahul/Mir_robot/install/ur_description/share/ur_description/meshes/ur5/collision/wrist3.stl\n'}
[36.517433] (ur_description) StdoutLine: {'line': b'-- Symlinking: /home/rahul/Mir_robot/install/ur_description/share/ur_description/meshes/ur5/visual/base.dae\n'}
[36.529299] (-) TimerEvent: {}
[36.534431] (ur_description) StdoutLine: {'line': b'-- Symlinking: /home/rahul/Mir_robot/install/ur_description/share/ur_description/meshes/ur5/visual/forearm.dae\n'}
[36.552699] (ur_description) StdoutLine: {'line': b'-- Symlinking: /home/rahul/Mir_robot/install/ur_description/share/ur_description/meshes/ur5/visual/shoulder.dae\n'}
[36.573075] (ur_description) StdoutLine: {'line': b'-- Symlinking: /home/rahul/Mir_robot/install/ur_description/share/ur_description/meshes/ur5/visual/upperarm.dae\n'}
[36.592140] (ur_description) StdoutLine: {'line': b'-- Symlinking: /home/rahul/Mir_robot/install/ur_description/share/ur_description/meshes/ur5/visual/wrist1.dae\n'}
[36.610780] (ur_description) StdoutLine: {'line': b'-- Symlinking: /home/rahul/Mir_robot/install/ur_description/share/ur_description/meshes/ur5/visual/wrist2.dae\n'}
[36.628825] (ur_description) StdoutLine: {'line': b'-- Symlinking: /home/rahul/Mir_robot/install/ur_description/share/ur_description/meshes/ur5/visual/wrist3.dae\n'}
[36.629386] (-) TimerEvent: {}
[36.647502] (ur_description) StdoutLine: {'line': b'-- Symlinking: /home/rahul/Mir_robot/install/ur_description/share/ur_description/meshes/ur5e/collision/base.stl\n'}
[36.667435] (ur_description) StdoutLine: {'line': b'-- Symlinking: /home/rahul/Mir_robot/install/ur_description/share/ur_description/meshes/ur5e/collision/forearm.stl\n'}
[36.687502] (ur_description) StdoutLine: {'line': b'-- Symlinking: /home/rahul/Mir_robot/install/ur_description/share/ur_description/meshes/ur5e/collision/shoulder.stl\n'}
[36.705865] (ur_description) StdoutLine: {'line': b'-- Symlinking: /home/rahul/Mir_robot/install/ur_description/share/ur_description/meshes/ur5e/collision/upperarm.stl\n'}
[36.723616] (ur_description) StdoutLine: {'line': b'-- Symlinking: /home/rahul/Mir_robot/install/ur_description/share/ur_description/meshes/ur5e/collision/wrist1.stl\n'}
[36.732119] (-) TimerEvent: {}
[36.741748] (ur_description) StdoutLine: {'line': b'-- Symlinking: /home/rahul/Mir_robot/install/ur_description/share/ur_description/meshes/ur5e/collision/wrist2.stl\n'}
[36.761984] (ur_description) StdoutLine: {'line': b'-- Symlinking: /home/rahul/Mir_robot/install/ur_description/share/ur_description/meshes/ur5e/collision/wrist3.stl\n'}
[36.782553] (ur_description) StdoutLine: {'line': b'-- Symlinking: /home/rahul/Mir_robot/install/ur_description/share/ur_description/meshes/ur5e/visual/base.dae\n'}
[36.800006] (ur_description) StdoutLine: {'line': b'-- Symlinking: /home/rahul/Mir_robot/install/ur_description/share/ur_description/meshes/ur5e/visual/forearm.dae\n'}
[36.817783] (ur_description) StdoutLine: {'line': b'-- Symlinking: /home/rahul/Mir_robot/install/ur_description/share/ur_description/meshes/ur5e/visual/shoulder.dae\n'}
[36.832269] (-) TimerEvent: {}
[36.836131] (ur_description) StdoutLine: {'line': b'-- Symlinking: /home/rahul/Mir_robot/install/ur_description/share/ur_description/meshes/ur5e/visual/upperarm.dae\n'}
[36.857171] (ur_description) StdoutLine: {'line': b'-- Symlinking: /home/rahul/Mir_robot/install/ur_description/share/ur_description/meshes/ur5e/visual/wrist1.dae\n'}
[36.872336] (ur_description) StdoutLine: {'line': b'-- Symlinking: /home/rahul/Mir_robot/install/ur_description/share/ur_description/meshes/ur5e/visual/wrist2.dae\n'}
[36.890538] (ur_description) StdoutLine: {'line': b'-- Symlinking: /home/rahul/Mir_robot/install/ur_description/share/ur_description/meshes/ur5e/visual/wrist3.dae\n'}
[36.907036] (ur_description) StdoutLine: {'line': b'-- Symlinking: /home/rahul/Mir_robot/install/ur_description/share/ur_description/rviz/view_robot.rviz\n'}
[36.923605] (ur_description) StdoutLine: {'line': b'-- Symlinking: /home/rahul/Mir_robot/install/ur_description/share/ur_description/urdf/inc/ur_common.xacro\n'}
[36.932376] (-) TimerEvent: {}
[36.940762] (ur_description) StdoutLine: {'line': b'-- Symlinking: /home/rahul/Mir_robot/install/ur_description/share/ur_description/urdf/inc/ur_transmissions.xacro\n'}
[36.957270] (ur_description) StdoutLine: {'line': b'-- Symlinking: /home/rahul/Mir_robot/install/ur_description/share/ur_description/urdf/ur.ros2_control.xacro\n'}
[36.976571] (ur_description) StdoutLine: {'line': b'-- Symlinking: /home/rahul/Mir_robot/install/ur_description/share/ur_description/urdf/ur.urdf.xacro\n'}
[36.993824] (ur_description) StdoutLine: {'line': b'-- Symlinking: /home/rahul/Mir_robot/install/ur_description/share/ur_description/urdf/ur_macro.xacro\n'}
[37.010792] (ur_description) StdoutLine: {'line': b'-- Symlinking: /home/rahul/Mir_robot/install/ur_description/share/ur_description/test/test_ur_urdf_xacro.py\n'}
[37.026499] (ur_description) StdoutLine: {'line': b'-- Symlinking: /home/rahul/Mir_robot/install/ur_description/share/ur_description/test/test_view_ur_launch.py\n'}
[37.035116] (-) TimerEvent: {}
[37.043908] (ur_description) StdoutLine: {'line': b'-- Symlinking: /home/rahul/Mir_robot/install/ur_description/share/ament_index/resource_index/package_run_dependencies/ur_description\n'}
[37.063468] (ur_description) StdoutLine: {'line': b'-- Symlinking: /home/rahul/Mir_robot/install/ur_description/share/ament_index/resource_index/parent_prefix_path/ur_description\n'}
[37.082299] (ur_description) StdoutLine: {'line': b'-- Symlinking: /home/rahul/Mir_robot/install/ur_description/share/ur_description/environment/ament_prefix_path.sh\n'}
[37.099057] (ur_description) StdoutLine: {'line': b'-- Symlinking: /home/rahul/Mir_robot/install/ur_description/share/ur_description/environment/ament_prefix_path.dsv\n'}
[37.116297] (ur_description) StdoutLine: {'line': b'-- Symlinking: /home/rahul/Mir_robot/install/ur_description/share/ur_description/environment/path.sh\n'}
[37.132502] (ur_description) StdoutLine: {'line': b'-- Symlinking: /home/rahul/Mir_robot/install/ur_description/share/ur_description/environment/path.dsv\n'}
[37.135224] (-) TimerEvent: {}
[37.149991] (ur_description) StdoutLine: {'line': b'-- Symlinking: /home/rahul/Mir_robot/install/ur_description/share/ur_description/local_setup.bash\n'}
[37.170913] (ur_description) StdoutLine: {'line': b'-- Symlinking: /home/rahul/Mir_robot/install/ur_description/share/ur_description/local_setup.sh\n'}
[37.189810] (ur_description) StdoutLine: {'line': b'-- Symlinking: /home/rahul/Mir_robot/install/ur_description/share/ur_description/local_setup.zsh\n'}
[37.207171] (ur_description) StdoutLine: {'line': b'-- Symlinking: /home/rahul/Mir_robot/install/ur_description/share/ur_description/local_setup.dsv\n'}
[37.223230] (ur_description) StdoutLine: {'line': b'-- Symlinking: /home/rahul/Mir_robot/install/ur_description/share/ur_description/package.dsv\n'}
[37.235329] (-) TimerEvent: {}
[37.241067] (ur_description) StdoutLine: {'line': b'-- Symlinking: /home/rahul/Mir_robot/install/ur_description/share/ament_index/resource_index/packages/ur_description\n'}
[37.257172] (ur_description) StdoutLine: {'line': b'-- Symlinking: /home/rahul/Mir_robot/install/ur_description/share/ur_description/cmake/ur_descriptionConfig.cmake\n'}
[37.277848] (ur_description) StdoutLine: {'line': b'-- Symlinking: /home/rahul/Mir_robot/install/ur_description/share/ur_description/cmake/ur_descriptionConfig-version.cmake\n'}
[37.294363] (ur_description) StdoutLine: {'line': b'-- Symlinking: /home/rahul/Mir_robot/install/ur_description/share/ur_description/package.xml\n'}
[37.321192] (ur_description) CommandEnded: {'returncode': 0}
[37.350142] (-) TimerEvent: {}
[37.370172] (ur_description) JobEnded: {'identifier': 'ur_description', 'rc': 0}
[37.371017] (ros2_aruco) JobStarted: {'identifier': 'ros2_aruco'}
[37.450252] (-) TimerEvent: {}
[37.550638] (-) TimerEvent: {}
[37.651029] (-) TimerEvent: {}
[37.751432] (-) TimerEvent: {}
[37.851822] (-) TimerEvent: {}
[37.952226] (-) TimerEvent: {}
[38.052591] (-) TimerEvent: {}
[38.152976] (-) TimerEvent: {}
[38.253382] (-) TimerEvent: {}
[38.356107] (-) TimerEvent: {}
[38.456572] (-) TimerEvent: {}
[38.557119] (-) TimerEvent: {}
[38.657567] (-) TimerEvent: {}
[38.760294] (-) TimerEvent: {}
[38.860657] (-) TimerEvent: {}
[38.961013] (-) TimerEvent: {}
[39.061392] (-) TimerEvent: {}
[39.164237] (-) TimerEvent: {}
[39.264656] (-) TimerEvent: {}
[39.365097] (-) TimerEvent: {}
[39.465598] (-) TimerEvent: {}
[39.568352] (-) TimerEvent: {}
[39.668755] (-) TimerEvent: {}
[39.769169] (-) TimerEvent: {}
[39.870267] (-) TimerEvent: {}
[39.970634] (-) TimerEvent: {}
[40.072245] (-) TimerEvent: {}
[40.172636] (-) TimerEvent: {}
[40.273010] (-) TimerEvent: {}
[40.373495] (-) TimerEvent: {}
[40.443472] (ros2_aruco) Command: {'cmd': ['/usr/bin/python3', '-W', 'ignore:setup.py install is deprecated', '-W', 'ignore:easy_install command is deprecated', 'setup.py', 'develop', '--editable', '--build-directory', '/home/rahul/Mir_robot/build/ros2_aruco/build', '--no-deps', 'symlink_data'], 'cwd': '/home/rahul/Mir_robot/build/ros2_aruco', 'env': {'LESSOPEN': '| /usr/bin/lesspipe %s', 'USER': 'rahul', 'LC_TIME': 'de_DE.UTF-8', 'XDG_SESSION_TYPE': 'wayland', 'SHLVL': '1', 'LD_LIBRARY_PATH': '/home/rahul/Mir_robot/install/ros2_aruco_interfaces/lib:/usr/lib/x86_64-linux-gnu/gazebo-11/plugins:/opt/ros/humble/opt/rviz_ogre_vendor/lib:/opt/ros/humble/lib/x86_64-linux-gnu:/opt/ros/humble/lib', 'HOME': '/home/rahul', 'OLDPWD': '/home/rahul', 'DESKTOP_SESSION': 'ubuntu', 'ROS_PYTHON_VERSION': '3', 'GNOME_SHELL_SESSION_MODE': 'ubuntu', 'GTK_MODULES': 'gail:atk-bridge', 'LC_MONETARY': 'de_DE.UTF-8', 'SYSTEMD_EXEC_PID': '6479', 'DBUS_SESSION_BUS_ADDRESS': 'unix:path=/run/user/1000/bus', 'COLORTERM': 'truecolor', 'IM_CONFIG_PHASE': '1', 'WAYLAND_DISPLAY': 'wayland-0', 'ROS_DISTRO': 'humble', 'LOGNAME': 'rahul', '_': '/usr/bin/colcon', 'ROS_VERSION': '2', 'XDG_SESSION_CLASS': 'user', 'USERNAME': 'rahul', 'TERM': 'xterm-256color', 'GNOME_DESKTOP_SESSION_ID': 'this-is-deprecated', 'ROS_LOCALHOST_ONLY': '0', 'PATH': '/opt/ros/humble/bin:/home/rahul/.local/bin:/usr/local/sbin:/usr/local/bin:/usr/sbin:/usr/bin:/sbin:/bin:/usr/games:/usr/local/games:/snap/bin:/snap/bin', 'SESSION_MANAGER': 'local/rahul-Inspiron-5559:@/tmp/.ICE-unix/2054,unix/rahul-Inspiron-5559:/tmp/.ICE-unix/2054', 'XDG_MENU_PREFIX': 'gnome-', 'LC_ADDRESS': 'de_DE.UTF-8', 'GNOME_TERMINAL_SCREEN': '/org/gnome/Terminal/screen/351eedeb_30dc_418d_b420_34c5a0c83961', 'GNOME_SETUP_DISPLAY': ':1', 'XDG_RUNTIME_DIR': '/run/user/1000', 'DISPLAY': ':0', 'LANG': 'en_US.UTF-8', 'XDG_CURRENT_DESKTOP': 'ubuntu:GNOME', 'LC_TELEPHONE': 'de_DE.UTF-8', 'XMODIFIERS': '@im=ibus', 'XDG_SESSION_DESKTOP': 'ubuntu', 'XAUTHORITY': '/run/user/1000/.mutter-Xwaylandauth.VYRET3', 'LS_COLORS': 'rs=0:di=01;34:ln=01;36:mh=00:pi=40;33:so=01;35:do=01;35:bd=40;33;01:cd=40;33;01:or=40;31;01:mi=00:su=37;41:sg=30;43:ca=30;41:tw=30;42:ow=34;42:st=37;44:ex=01;32:*.tar=01;31:*.tgz=01;31:*.arc=01;31:*.arj=01;31:*.taz=01;31:*.lha=01;31:*.lz4=01;31:*.lzh=01;31:*.lzma=01;31:*.tlz=01;31:*.txz=01;31:*.tzo=01;31:*.t7z=01;31:*.zip=01;31:*.z=01;31:*.dz=01;31:*.gz=01;31:*.lrz=01;31:*.lz=01;31:*.lzo=01;31:*.xz=01;31:*.zst=01;31:*.tzst=01;31:*.bz2=01;31:*.bz=01;31:*.tbz=01;31:*.tbz2=01;31:*.tz=01;31:*.deb=01;31:*.rpm=01;31:*.jar=01;31:*.war=01;31:*.ear=01;31:*.sar=01;31:*.rar=01;31:*.alz=01;31:*.ace=01;31:*.zoo=01;31:*.cpio=01;31:*.7z=01;31:*.rz=01;31:*.cab=01;31:*.wim=01;31:*.swm=01;31:*.dwm=01;31:*.esd=01;31:*.jpg=01;35:*.jpeg=01;35:*.mjpg=01;35:*.mjpeg=01;35:*.gif=01;35:*.bmp=01;35:*.pbm=01;35:*.pgm=01;35:*.ppm=01;35:*.tga=01;35:*.xbm=01;35:*.xpm=01;35:*.tif=01;35:*.tiff=01;35:*.png=01;35:*.svg=01;35:*.svgz=01;35:*.mng=01;35:*.pcx=01;35:*.mov=01;35:*.mpg=01;35:*.mpeg=01;35:*.m2v=01;35:*.mkv=01;35:*.webm=01;35:*.webp=01;35:*.ogm=01;35:*.mp4=01;35:*.m4v=01;35:*.mp4v=01;35:*.vob=01;35:*.qt=01;35:*.nuv=01;35:*.wmv=01;35:*.asf=01;35:*.rm=01;35:*.rmvb=01;35:*.flc=01;35:*.avi=01;35:*.fli=01;35:*.flv=01;35:*.gl=01;35:*.dl=01;35:*.xcf=01;35:*.xwd=01;35:*.yuv=01;35:*.cgm=01;35:*.emf=01;35:*.ogv=01;35:*.ogx=01;35:*.aac=00;36:*.au=00;36:*.flac=00;36:*.m4a=00;36:*.mid=00;36:*.midi=00;36:*.mka=00;36:*.mp3=00;36:*.mpc=00;36:*.ogg=00;36:*.ra=00;36:*.wav=00;36:*.oga=00;36:*.opus=00;36:*.spx=00;36:*.xspf=00;36:', 'GNOME_TERMINAL_SERVICE': ':1.120', 'SSH_AGENT_LAUNCHER': 'gnome-keyring', 'SSH_AUTH_SOCK': '/run/user/1000/keyring/ssh', 'AMENT_PREFIX_PATH': '/home/rahul/Mir_robot/install/ros2_aruco_interfaces:/opt/ros/humble', 'SHELL': '/bin/bash', 'LC_NAME': 'de_DE.UTF-8', 'QT_ACCESSIBILITY': '1', 'GDMSESSION': 'ubuntu', 'LESSCLOSE': '/usr/bin/lesspipe %s %s', 'LC_MEASUREMENT': 'de_DE.UTF-8', 'LC_IDENTIFICATION': 'de_DE.UTF-8', 'QT_IM_MODULE': 'ibus', 'PWD': '/home/rahul/Mir_robot/build/ros2_aruco', 'XDG_CONFIG_DIRS': '/etc/xdg/xdg-ubuntu:/etc/xdg', 'XDG_DATA_DIRS': '/usr/share/ubuntu:/usr/local/share/:/usr/share/:/var/lib/snapd/desktop', 'PYTHONPATH': '/home/rahul/Mir_robot/build/ros2_aruco/prefix_override:/usr/lib/python3/dist-packages/colcon_core/task/python/colcon_distutils_commands:/home/rahul/Mir_robot/install/ros2_aruco/lib/python3.10/site-packages:/home/rahul/Mir_robot/install/ros2_aruco_interfaces/local/lib/python3.10/dist-packages:/opt/ros/humble/lib/python3.10/site-packages:/opt/ros/humble/local/lib/python3.10/dist-packages', 'LC_NUMERIC': 'de_DE.UTF-8', 'LC_PAPER': 'de_DE.UTF-8', 'COLCON': '1', 'VTE_VERSION': '6800', 'CMAKE_PREFIX_PATH': '/home/rahul/Mir_robot/install/ros2_aruco_interfaces'}, 'shell': False}
[40.475107] (-) TimerEvent: {}
[40.575489] (-) TimerEvent: {}
[40.675877] (-) TimerEvent: {}
[40.779118] (-) TimerEvent: {}
[40.882113] (-) TimerEvent: {}
[40.982527] (-) TimerEvent: {}
[41.082913] (-) TimerEvent: {}
[41.143037] (ros2_aruco) StdoutLine: {'line': b'running develop\n'}
[41.183032] (-) TimerEvent: {}
[41.286105] (-) TimerEvent: {}
[41.386503] (-) TimerEvent: {}
[41.486896] (-) TimerEvent: {}
[41.587268] (-) TimerEvent: {}
[41.690108] (-) TimerEvent: {}
[41.779731] (ros2_aruco) StdoutLine: {'line': b'running egg_info\n'}
[41.779958] (ros2_aruco) StdoutLine: {'line': b'creating ros2_aruco.egg-info\n'}
[41.780108] (ros2_aruco) StdoutLine: {'line': b'writing ros2_aruco.egg-info/PKG-INFO\n'}
[41.780245] (ros2_aruco) StdoutLine: {'line': b'writing dependency_links to ros2_aruco.egg-info/dependency_links.txt\n'}
[41.780458] (ros2_aruco) StdoutLine: {'line': b'writing entry points to ros2_aruco.egg-info/entry_points.txt\n'}
[41.781074] (ros2_aruco) StdoutLine: {'line': b'writing requirements to ros2_aruco.egg-info/requires.txt\n'}
[41.782085] (ros2_aruco) StdoutLine: {'line': b'writing top-level names to ros2_aruco.egg-info/top_level.txt\n'}
[41.788211] (ros2_aruco) StdoutLine: {'line': b"writing manifest file 'ros2_aruco.egg-info/SOURCES.txt'\n"}
[41.790226] (-) TimerEvent: {}
[41.791605] (ros2_aruco) StdoutLine: {'line': b"reading manifest file 'ros2_aruco.egg-info/SOURCES.txt'\n"}
[41.800171] (ros2_aruco) StdoutLine: {'line': b"writing manifest file 'ros2_aruco.egg-info/SOURCES.txt'\n"}
[41.803421] (ros2_aruco) StdoutLine: {'line': b'running build_ext\n'}
[41.805981] (ros2_aruco) StdoutLine: {'line': b'Creating /home/rahul/Mir_robot/install/ros2_aruco/lib/python3.10/site-packages/ros2-aruco.egg-link (link to .)\n'}
[41.806300] (ros2_aruco) StdoutLine: {'line': b'Installing aruco_generate_marker script to /home/rahul/Mir_robot/install/ros2_aruco/lib/ros2_aruco\n'}
[41.810409] (ros2_aruco) StdoutLine: {'line': b'Installing aruco_node script to /home/rahul/Mir_robot/install/ros2_aruco/lib/ros2_aruco\n'}
[41.810634] (ros2_aruco) StdoutLine: {'line': b'Installing aruco_pose_to_manipulate script to /home/rahul/Mir_robot/install/ros2_aruco/lib/ros2_aruco\n'}
[41.810769] (ros2_aruco) StdoutLine: {'line': b'Installing aruco_pose_to_moveit script to /home/rahul/Mir_robot/install/ros2_aruco/lib/ros2_aruco\n'}
[41.810889] (ros2_aruco) StdoutLine: {'line': b'Installing aruco_pose_to_nav_goal script to /home/rahul/Mir_robot/install/ros2_aruco/lib/ros2_aruco\n'}
[41.811014] (ros2_aruco) StdoutLine: {'line': b'\n'}
[41.811473] (ros2_aruco) StdoutLine: {'line': b'Installed /home/rahul/Mir_robot/build/ros2_aruco\n'}
[41.811996] (ros2_aruco) StdoutLine: {'line': b'running symlink_data\n'}
[41.812446] (ros2_aruco) StdoutLine: {'line': b'creating /home/rahul/Mir_robot/install/ros2_aruco/share/ament_index\n'}
[41.812718] (ros2_aruco) StdoutLine: {'line': b'creating /home/rahul/Mir_robot/install/ros2_aruco/share/ament_index/resource_index\n'}
[41.813330] (ros2_aruco) StdoutLine: {'line': b'creating /home/rahul/Mir_robot/install/ros2_aruco/share/ament_index/resource_index/packages\n'}
[41.818251] (ros2_aruco) StdoutLine: {'line': b'symbolically linking /home/rahul/Mir_robot/build/ros2_aruco/resource/ros2_aruco -> /home/rahul/Mir_robot/install/ros2_aruco/share/ament_index/resource_index/packages\n'}
[41.818496] (ros2_aruco) StdoutLine: {'line': b'symbolically linking /home/rahul/Mir_robot/build/ros2_aruco/package.xml -> /home/rahul/Mir_robot/install/ros2_aruco/share/ros2_aruco\n'}
[41.818629] (ros2_aruco) StdoutLine: {'line': b'creating /home/rahul/Mir_robot/install/ros2_aruco/share/ros2_aruco/launch\n'}
[41.818748] (ros2_aruco) StdoutLine: {'line': b'symbolically linking /home/rahul/Mir_robot/build/ros2_aruco/launch/aruco_recognition.launch.py -> /home/rahul/Mir_robot/install/ros2_aruco/share/ros2_aruco/launch\n'}
[41.818884] (ros2_aruco) StdoutLine: {'line': b'creating /home/rahul/Mir_robot/install/ros2_aruco/share/ros2_aruco/config\n'}
[41.819004] (ros2_aruco) StdoutLine: {'line': b'symbolically linking /home/rahul/Mir_robot/build/ros2_aruco/config/aruco_parameters.yaml -> /home/rahul/Mir_robot/install/ros2_aruco/share/ros2_aruco/config\n'}
[41.892122] (-) TimerEvent: {}
[41.920415] (ros2_aruco) CommandEnded: {'returncode': 0}
[41.938488] (ros2_aruco) JobEnded: {'identifier': 'ros2_aruco', 'rc': 0}
[41.994118] (-) TimerEvent: {}
[42.094489] (-) TimerEvent: {}
[42.194901] (-) TimerEvent: {}
[42.295308] (-) TimerEvent: {}
[42.397346] (-) TimerEvent: {}
[42.497824] (-) TimerEvent: {}
[42.600287] (-) TimerEvent: {}
[42.700788] (-) TimerEvent: {}
[42.801590] (-) TimerEvent: {}
[42.901993] (-) TimerEvent: {}
[43.002399] (-) TimerEvent: {}
[43.105289] (-) TimerEvent: {}
[43.206115] (-) TimerEvent: {}
[43.306492] (-) TimerEvent: {}
[43.406980] (-) TimerEvent: {}
[43.507467] (-) TimerEvent: {}
[43.609347] (-) TimerEvent: {}
[43.709857] (-) TimerEvent: {}
[43.810371] (-) TimerEvent: {}
[43.910890] (-) TimerEvent: {}
[44.014288] (-) TimerEvent: {}
[44.114677] (-) TimerEvent: {}
[44.215078] (-) TimerEvent: {}
[44.315453] (-) TimerEvent: {}
[44.418123] (-) TimerEvent: {}
[44.518506] (-) TimerEvent: {}
[44.618866] (-) TimerEvent: {}
[44.719264] (-) TimerEvent: {}
[44.819638] (-) TimerEvent: {}
[44.920026] (-) TimerEvent: {}
[45.020450] (-) TimerEvent: {}
[45.123292] (-) TimerEvent: {}
[45.223679] (-) TimerEvent: {}
[45.324180] (-) TimerEvent: {}
[45.424690] (-) TimerEvent: {}
[45.528374] (-) TimerEvent: {}
[45.628769] (-) TimerEvent: {}
[45.729121] (-) TimerEvent: {}
[45.829503] (-) TimerEvent: {}
[45.929918] (-) TimerEvent: {}
[46.030382] (-) TimerEvent: {}
[46.130722] (-) TimerEvent: {}
[46.233383] (-) TimerEvent: {}
[46.333789] (-) TimerEvent: {}
[46.434195] (-) TimerEvent: {}
[46.534594] (-) TimerEvent: {}
[46.635103] (-) TimerEvent: {}
[46.736542] (-) TimerEvent: {}
[46.836931] (-) TimerEvent: {}
[46.937328] (-) TimerEvent: {}
[47.038484] (-) TimerEvent: {}
[47.140305] (-) TimerEvent: {}
[47.245122] (-) TimerEvent: {}
[47.323735] (hello_moveit_ur) StdoutLine: {'line': b'[100%] \x1b[32m\x1b[1mLinking CXX executable hello_moveit_ur\x1b[0m\n'}
[47.348114] (-) TimerEvent: {}
[47.448523] (-) TimerEvent: {}
[47.548940] (-) TimerEvent: {}
[47.649363] (-) TimerEvent: {}
[47.749813] (-) TimerEvent: {}
[47.851314] (-) TimerEvent: {}
[47.951777] (-) TimerEvent: {}
[48.055325] (-) TimerEvent: {}
[48.155734] (-) TimerEvent: {}
[48.256121] (-) TimerEvent: {}
[48.356511] (-) TimerEvent: {}
[48.456882] (-) TimerEvent: {}
[48.557269] (-) TimerEvent: {}
[48.657649] (-) TimerEvent: {}
[48.758014] (-) TimerEvent: {}
[48.864995] (-) TimerEvent: {}
[48.958190] (hello_moveit_ur) StdoutLine: {'line': b'[100%] Built target hello_moveit_ur\n'}
[48.965111] (-) TimerEvent: {}
[48.979394] (hello_moveit_ur) CommandEnded: {'returncode': 0}
[48.980662] (hello_moveit_ur) JobProgress: {'identifier': 'hello_moveit_ur', 'progress': 'install'}
[48.981275] (hello_moveit_ur) Command: {'cmd': ['/usr/bin/cmake', '--install', '/home/rahul/Mir_robot/build/hello_moveit_ur'], 'cwd': '/home/rahul/Mir_robot/build/hello_moveit_ur', 'env': OrderedDict([('LESSOPEN', '| /usr/bin/lesspipe %s'), ('USER', 'rahul'), ('LC_TIME', 'de_DE.UTF-8'), ('XDG_SESSION_TYPE', 'wayland'), ('SHLVL', '1'), ('LD_LIBRARY_PATH', '/usr/lib/x86_64-linux-gnu/gazebo-11/plugins:/opt/ros/humble/opt/rviz_ogre_vendor/lib:/opt/ros/humble/lib/x86_64-linux-gnu:/opt/ros/humble/lib'), ('HOME', '/home/rahul'), ('OLDPWD', '/home/rahul'), ('DESKTOP_SESSION', 'ubuntu'), ('ROS_PYTHON_VERSION', '3'), ('GNOME_SHELL_SESSION_MODE', 'ubuntu'), ('GTK_MODULES', 'gail:atk-bridge'), ('LC_MONETARY', 'de_DE.UTF-8'), ('SYSTEMD_EXEC_PID', '6479'), ('DBUS_SESSION_BUS_ADDRESS', 'unix:path=/run/user/1000/bus'), ('COLORTERM', 'truecolor'), ('IM_CONFIG_PHASE', '1'), ('WAYLAND_DISPLAY', 'wayland-0'), ('ROS_DISTRO', 'humble'), ('LOGNAME', 'rahul'), ('_', '/usr/bin/colcon'), ('ROS_VERSION', '2'), ('XDG_SESSION_CLASS', 'user'), ('USERNAME', 'rahul'), ('TERM', 'xterm-256color'), ('GNOME_DESKTOP_SESSION_ID', 'this-is-deprecated'), ('ROS_LOCALHOST_ONLY', '0'), ('PATH', '/opt/ros/humble/bin:/home/rahul/.local/bin:/usr/local/sbin:/usr/local/bin:/usr/sbin:/usr/bin:/sbin:/bin:/usr/games:/usr/local/games:/snap/bin:/snap/bin'), ('SESSION_MANAGER', 'local/rahul-Inspiron-5559:@/tmp/.ICE-unix/2054,unix/rahul-Inspiron-5559:/tmp/.ICE-unix/2054'), ('XDG_MENU_PREFIX', 'gnome-'), ('LC_ADDRESS', 'de_DE.UTF-8'), ('GNOME_TERMINAL_SCREEN', '/org/gnome/Terminal/screen/351eedeb_30dc_418d_b420_34c5a0c83961'), ('GNOME_SETUP_DISPLAY', ':1'), ('XDG_RUNTIME_DIR', '/run/user/1000'), ('DISPLAY', ':0'), ('LANG', 'en_US.UTF-8'), ('XDG_CURRENT_DESKTOP', 'ubuntu:GNOME'), ('LC_TELEPHONE', 'de_DE.UTF-8'), ('XMODIFIERS', '@im=ibus'), ('XDG_SESSION_DESKTOP', 'ubuntu'), ('XAUTHORITY', '/run/user/1000/.mutter-Xwaylandauth.VYRET3'), ('LS_COLORS', 'rs=0:di=01;34:ln=01;36:mh=00:pi=40;33:so=01;35:do=01;35:bd=40;33;01:cd=40;33;01:or=40;31;01:mi=00:su=37;41:sg=30;43:ca=30;41:tw=30;42:ow=34;42:st=37;44:ex=01;32:*.tar=01;31:*.tgz=01;31:*.arc=01;31:*.arj=01;31:*.taz=01;31:*.lha=01;31:*.lz4=01;31:*.lzh=01;31:*.lzma=01;31:*.tlz=01;31:*.txz=01;31:*.tzo=01;31:*.t7z=01;31:*.zip=01;31:*.z=01;31:*.dz=01;31:*.gz=01;31:*.lrz=01;31:*.lz=01;31:*.lzo=01;31:*.xz=01;31:*.zst=01;31:*.tzst=01;31:*.bz2=01;31:*.bz=01;31:*.tbz=01;31:*.tbz2=01;31:*.tz=01;31:*.deb=01;31:*.rpm=01;31:*.jar=01;31:*.war=01;31:*.ear=01;31:*.sar=01;31:*.rar=01;31:*.alz=01;31:*.ace=01;31:*.zoo=01;31:*.cpio=01;31:*.7z=01;31:*.rz=01;31:*.cab=01;31:*.wim=01;31:*.swm=01;31:*.dwm=01;31:*.esd=01;31:*.jpg=01;35:*.jpeg=01;35:*.mjpg=01;35:*.mjpeg=01;35:*.gif=01;35:*.bmp=01;35:*.pbm=01;35:*.pgm=01;35:*.ppm=01;35:*.tga=01;35:*.xbm=01;35:*.xpm=01;35:*.tif=01;35:*.tiff=01;35:*.png=01;35:*.svg=01;35:*.svgz=01;35:*.mng=01;35:*.pcx=01;35:*.mov=01;35:*.mpg=01;35:*.mpeg=01;35:*.m2v=01;35:*.mkv=01;35:*.webm=01;35:*.webp=01;35:*.ogm=01;35:*.mp4=01;35:*.m4v=01;35:*.mp4v=01;35:*.vob=01;35:*.qt=01;35:*.nuv=01;35:*.wmv=01;35:*.asf=01;35:*.rm=01;35:*.rmvb=01;35:*.flc=01;35:*.avi=01;35:*.fli=01;35:*.flv=01;35:*.gl=01;35:*.dl=01;35:*.xcf=01;35:*.xwd=01;35:*.yuv=01;35:*.cgm=01;35:*.emf=01;35:*.ogv=01;35:*.ogx=01;35:*.aac=00;36:*.au=00;36:*.flac=00;36:*.m4a=00;36:*.mid=00;36:*.midi=00;36:*.mka=00;36:*.mp3=00;36:*.mpc=00;36:*.ogg=00;36:*.ra=00;36:*.wav=00;36:*.oga=00;36:*.opus=00;36:*.spx=00;36:*.xspf=00;36:'), ('GNOME_TERMINAL_SERVICE', ':1.120'), ('SSH_AGENT_LAUNCHER', 'gnome-keyring'), ('SSH_AUTH_SOCK', '/run/user/1000/keyring/ssh'), ('AMENT_PREFIX_PATH', '/opt/ros/humble'), ('SHELL', '/bin/bash'), ('LC_NAME', 'de_DE.UTF-8'), ('QT_ACCESSIBILITY', '1'), ('GDMSESSION', 'ubuntu'), ('LESSCLOSE', '/usr/bin/lesspipe %s %s'), ('LC_MEASUREMENT', 'de_DE.UTF-8'), ('LC_IDENTIFICATION', 'de_DE.UTF-8'), ('QT_IM_MODULE', 'ibus'), ('PWD', '/home/rahul/Mir_robot/build/hello_moveit_ur'), ('XDG_CONFIG_DIRS', '/etc/xdg/xdg-ubuntu:/etc/xdg'), ('XDG_DATA_DIRS', '/usr/share/ubuntu:/usr/local/share/:/usr/share/:/var/lib/snapd/desktop'), ('PYTHONPATH', '/opt/ros/humble/lib/python3.10/site-packages:/opt/ros/humble/local/lib/python3.10/dist-packages'), ('LC_NUMERIC', 'de_DE.UTF-8'), ('LC_PAPER', 'de_DE.UTF-8'), ('COLCON', '1'), ('VTE_VERSION', '6800'), ('CMAKE_PREFIX_PATH', '/opt/ros/humble')]), 'shell': False}
[49.000190] (hello_moveit_ur) StdoutLine: {'line': b'-- Install configuration: ""\n'}
[49.000510] (hello_moveit_ur) StdoutLine: {'line': b'-- Execute custom install script\n'}
[49.002120] (hello_moveit_ur) StdoutLine: {'line': b'-- Symlinking: /home/rahul/Mir_robot/install/hello_moveit_ur/lib/hello_moveit_ur/hello_moveit_ur\n'}
[49.018124] (hello_moveit_ur) StdoutLine: {'line': b'-- Symlinking: /home/rahul/Mir_robot/install/hello_moveit_ur/share/hello_moveit_ur//launch/hello_moveit_ur_launch.py\n'}
[49.034658] (hello_moveit_ur) StdoutLine: {'line': b'-- Symlinking: /home/rahul/Mir_robot/install/hello_moveit_ur/share/ament_index/resource_index/package_run_dependencies/hello_moveit_ur\n'}
[49.054117] (hello_moveit_ur) StdoutLine: {'line': b'-- Symlinking: /home/rahul/Mir_robot/install/hello_moveit_ur/share/ament_index/resource_index/parent_prefix_path/hello_moveit_ur\n'}
[49.065231] (-) TimerEvent: {}
[49.068189] (hello_moveit_ur) StdoutLine: {'line': b'-- Symlinking: /home/rahul/Mir_robot/install/hello_moveit_ur/share/hello_moveit_ur/environment/ament_prefix_path.sh\n'}
[49.084943] (hello_moveit_ur) StdoutLine: {'line': b'-- Symlinking: /home/rahul/Mir_robot/install/hello_moveit_ur/share/hello_moveit_ur/environment/ament_prefix_path.dsv\n'}
[49.102759] (hello_moveit_ur) StdoutLine: {'line': b'-- Symlinking: /home/rahul/Mir_robot/install/hello_moveit_ur/share/hello_moveit_ur/environment/path.sh\n'}
[49.119945] (hello_moveit_ur) StdoutLine: {'line': b'-- Symlinking: /home/rahul/Mir_robot/install/hello_moveit_ur/share/hello_moveit_ur/environment/path.dsv\n'}
[49.140351] (hello_moveit_ur) StdoutLine: {'line': b'-- Symlinking: /home/rahul/Mir_robot/install/hello_moveit_ur/share/hello_moveit_ur/local_setup.bash\n'}
[49.157190] (hello_moveit_ur) StdoutLine: {'line': b'-- Symlinking: /home/rahul/Mir_robot/install/hello_moveit_ur/share/hello_moveit_ur/local_setup.sh\n'}
[49.167112] (-) TimerEvent: {}
[49.174932] (hello_moveit_ur) StdoutLine: {'line': b'-- Symlinking: /home/rahul/Mir_robot/install/hello_moveit_ur/share/hello_moveit_ur/local_setup.zsh\n'}
[49.191872] (hello_moveit_ur) StdoutLine: {'line': b'-- Symlinking: /home/rahul/Mir_robot/install/hello_moveit_ur/share/hello_moveit_ur/local_setup.dsv\n'}
[49.211328] (hello_moveit_ur) StdoutLine: {'line': b'-- Symlinking: /home/rahul/Mir_robot/install/hello_moveit_ur/share/hello_moveit_ur/package.dsv\n'}
[49.232070] (hello_moveit_ur) StdoutLine: {'line': b'-- Symlinking: /home/rahul/Mir_robot/install/hello_moveit_ur/share/ament_index/resource_index/packages/hello_moveit_ur\n'}
[49.251875] (hello_moveit_ur) StdoutLine: {'line': b'-- Symlinking: /home/rahul/Mir_robot/install/hello_moveit_ur/share/hello_moveit_ur/cmake/hello_moveit_urConfig.cmake\n'}
[49.267230] (-) TimerEvent: {}
[49.272220] (hello_moveit_ur) StdoutLine: {'line': b'-- Symlinking: /home/rahul/Mir_robot/install/hello_moveit_ur/share/hello_moveit_ur/cmake/hello_moveit_urConfig-version.cmake\n'}
[49.289249] (hello_moveit_ur) StdoutLine: {'line': b'-- Symlinking: /home/rahul/Mir_robot/install/hello_moveit_ur/share/hello_moveit_ur/package.xml\n'}
[49.311890] (hello_moveit_ur) CommandEnded: {'returncode': 0}
[49.338478] (hello_moveit_ur) JobEnded: {'identifier': 'hello_moveit_ur', 'rc': 0}
[49.369155] (-) TimerEvent: {}
[49.469540] (-) TimerEvent: {}
[49.570010] (-) TimerEvent: {}
[49.670382] (-) TimerEvent: {}
[49.773287] (-) TimerEvent: {}
[49.873891] (-) TimerEvent: {}
[49.974350] (-) TimerEvent: {}
[50.074734] (-) TimerEvent: {}
[50.178286] (-) TimerEvent: {}
[50.278641] (-) TimerEvent: {}
[50.379027] (-) TimerEvent: {}
[50.479414] (-) TimerEvent: {}
[50.579780] (-) TimerEvent: {}
[50.680118] (-) TimerEvent: {}
[50.780467] (-) TimerEvent: {}
[50.880818] (-) TimerEvent: {}
[50.981190] (-) TimerEvent: {}
[51.083246] (-) TimerEvent: {}
[51.186303] (-) TimerEvent: {}
[51.286865] (-) TimerEvent: {}
[51.387196] (-) TimerEvent: {}
[51.487526] (-) TimerEvent: {}
[51.587982] (-) TimerEvent: {}
[51.688316] (-) TimerEvent: {}
[51.788645] (-) TimerEvent: {}
[51.889078] (-) TimerEvent: {}
[51.989547] (-) TimerEvent: {}
[52.089996] (-) TimerEvent: {}
[52.190401] (-) TimerEvent: {}
[52.290803] (-) TimerEvent: {}
[52.391266] (-) TimerEvent: {}
[52.491702] (-) TimerEvent: {}
[52.592147] (-) TimerEvent: {}
[52.692603] (-) TimerEvent: {}
[52.793017] (-) TimerEvent: {}
[52.893442] (-) TimerEvent: {}
[52.993855] (-) TimerEvent: {}
[53.094224] (-) TimerEvent: {}
[53.194574] (-) TimerEvent: {}
[53.294916] (-) TimerEvent: {}
[53.395493] (-) TimerEvent: {}
[53.495937] (-) TimerEvent: {}
[53.596385] (-) TimerEvent: {}
[53.696820] (-) TimerEvent: {}
[53.797216] (-) TimerEvent: {}
[53.897569] (-) TimerEvent: {}
[53.997863] (-) TimerEvent: {}
[54.098128] (-) TimerEvent: {}
[54.198482] (-) TimerEvent: {}
[54.298852] (-) TimerEvent: {}
[54.399295] (-) TimerEvent: {}
[54.500142] (-) TimerEvent: {}
[54.600505] (-) TimerEvent: {}
[54.700874] (-) TimerEvent: {}
[54.801427] (-) TimerEvent: {}
[54.903124] (-) TimerEvent: {}
[55.003482] (-) TimerEvent: {}
[55.103854] (-) TimerEvent: {}
[55.204314] (-) TimerEvent: {}
[55.304676] (-) TimerEvent: {}
[55.405126] (-) TimerEvent: {}
[55.505486] (-) TimerEvent: {}
[55.607143] (-) TimerEvent: {}
[55.709269] (-) TimerEvent: {}
[55.809729] (-) TimerEvent: {}
[55.910211] (-) TimerEvent: {}
[56.010681] (-) TimerEvent: {}
[56.111349] (-) TimerEvent: {}
[56.211819] (-) TimerEvent: {}
[56.312309] (-) TimerEvent: {}
[56.412687] (-) TimerEvent: {}
[56.513077] (-) TimerEvent: {}
[56.613853] (-) TimerEvent: {}
[56.714228] (-) TimerEvent: {}
[56.814627] (-) TimerEvent: {}
[56.914999] (-) TimerEvent: {}
[57.018134] (-) TimerEvent: {}
[57.118512] (-) TimerEvent: {}
[57.218877] (-) TimerEvent: {}
[57.319356] (-) TimerEvent: {}
[57.419725] (-) TimerEvent: {}
[57.521803] (-) TimerEvent: {}
[57.622352] (-) TimerEvent: {}
[57.722809] (-) TimerEvent: {}
[57.826305] (-) TimerEvent: {}
[57.926759] (-) TimerEvent: {}
[58.027223] (-) TimerEvent: {}
[58.127571] (-) TimerEvent: {}
[58.228036] (-) TimerEvent: {}
[58.328519] (-) TimerEvent: {}
[58.428883] (-) TimerEvent: {}
[58.529266] (-) TimerEvent: {}
[58.629618] (-) TimerEvent: {}
[58.729970] (-) TimerEvent: {}
[58.830423] (-) TimerEvent: {}
[58.931132] (-) TimerEvent: {}
[59.031571] (-) TimerEvent: {}
[59.132063] (-) TimerEvent: {}
[59.232501] (-) TimerEvent: {}
[59.332960] (-) TimerEvent: {}
[59.433516] (-) TimerEvent: {}
[59.535028] (-) TimerEvent: {}
[59.635468] (-) TimerEvent: {}
[59.735952] (-) TimerEvent: {}
[59.836440] (-) TimerEvent: {}
[59.936878] (-) TimerEvent: {}
[60.037301] (-) TimerEvent: {}
[60.137698] (-) TimerEvent: {}
[60.239136] (-) TimerEvent: {}
[60.339533] (-) TimerEvent: {}
[60.439889] (-) TimerEvent: {}
[60.540410] (-) TimerEvent: {}
[60.642133] (-) TimerEvent: {}
[60.742484] (-) TimerEvent: {}
[60.842865] (-) TimerEvent: {}
[60.943200] (-) TimerEvent: {}
[61.043561] (-) TimerEvent: {}
[61.145118] (-) TimerEvent: {}
[61.245527] (-) TimerEvent: {}
[61.345837] (-) TimerEvent: {}
[61.446199] (-) TimerEvent: {}
[61.546610] (-) TimerEvent: {}
[61.647005] (-) TimerEvent: {}
[61.747535] (-) TimerEvent: {}
[61.847907] (-) TimerEvent: {}
[61.948248] (-) TimerEvent: {}
[62.048645] (-) TimerEvent: {}
[62.148978] (-) TimerEvent: {}
[62.249452] (-) TimerEvent: {}
[62.351126] (-) TimerEvent: {}
[62.451498] (-) TimerEvent: {}
[62.551872] (-) TimerEvent: {}
[62.652239] (-) TimerEvent: {}
[62.752583] (-) TimerEvent: {}
[62.855117] (-) TimerEvent: {}
[62.955481] (-) TimerEvent: {}
[63.055810] (-) TimerEvent: {}
[63.156188] (-) TimerEvent: {}
[63.256647] (-) TimerEvent: {}
[63.357114] (-) TimerEvent: {}
[63.457576] (-) TimerEvent: {}
[63.557932] (-) TimerEvent: {}
[63.658625] (-) TimerEvent: {}
[63.759515] (-) TimerEvent: {}
[63.859871] (-) TimerEvent: {}
[63.960346] (-) TimerEvent: {}
[64.061929] (-) TimerEvent: {}
[64.162295] (-) TimerEvent: {}
[64.262666] (-) TimerEvent: {}
[64.363035] (-) TimerEvent: {}
[64.463414] (-) TimerEvent: {}
[64.563791] (-) TimerEvent: {}
[64.664266] (-) TimerEvent: {}
[64.764732] (-) TimerEvent: {}
[64.865200] (-) TimerEvent: {}
[64.965560] (-) TimerEvent: {}
[65.065919] (-) TimerEvent: {}
[65.166388] (-) TimerEvent: {}
[65.266857] (-) TimerEvent: {}
[65.367243] (-) TimerEvent: {}
[65.467597] (-) TimerEvent: {}
[65.570237] (-) TimerEvent: {}
[65.670588] (-) TimerEvent: {}
[65.770962] (-) TimerEvent: {}
[65.871330] (-) TimerEvent: {}
[65.971813] (-) TimerEvent: {}
[66.072173] (-) TimerEvent: {}
[66.172523] (-) TimerEvent: {}
[66.272961] (-) TimerEvent: {}
[66.373336] (-) TimerEvent: {}
[66.473684] (-) TimerEvent: {}
[66.574030] (-) TimerEvent: {}
[66.675574] (-) TimerEvent: {}
[66.775927] (-) TimerEvent: {}
[66.876290] (-) TimerEvent: {}
[66.976636] (-) TimerEvent: {}
[67.077115] (-) TimerEvent: {}
[67.177477] (-) TimerEvent: {}
[67.277831] (-) TimerEvent: {}
[67.378201] (-) TimerEvent: {}
[67.478564] (-) TimerEvent: {}
[67.578919] (-) TimerEvent: {}
[67.679292] (-) TimerEvent: {}
[67.779723] (-) TimerEvent: {}
[67.880117] (-) TimerEvent: {}
[67.980483] (-) TimerEvent: {}
[68.080858] (-) TimerEvent: {}
[68.181227] (-) TimerEvent: {}
[68.281587] (-) TimerEvent: {}
[68.381958] (-) TimerEvent: {}
[68.482382] (-) TimerEvent: {}
[68.582771] (-) TimerEvent: {}
[68.683117] (-) TimerEvent: {}
[68.783463] (-) TimerEvent: {}
[68.883842] (-) TimerEvent: {}
[68.984235] (-) TimerEvent: {}
[69.084602] (-) TimerEvent: {}
[69.184967] (-) TimerEvent: {}
[69.285358] (-) TimerEvent: {}
[69.341495] (ira_laser_tools) StdoutLine: {'line': b'[100%] \x1b[32m\x1b[1mLinking CXX executable laserscan_multi_merger\x1b[0m\n'}
[69.385469] (-) TimerEvent: {}
[69.485867] (-) TimerEvent: {}
[69.586260] (-) TimerEvent: {}
[69.686573] (-) TimerEvent: {}
[69.786956] (-) TimerEvent: {}
[69.887362] (-) TimerEvent: {}
[69.987742] (-) TimerEvent: {}
[70.088149] (-) TimerEvent: {}
[70.188529] (-) TimerEvent: {}
[70.288837] (-) TimerEvent: {}
[70.389208] (-) TimerEvent: {}
[70.489544] (-) TimerEvent: {}
[70.589951] (-) TimerEvent: {}
[70.690357] (-) TimerEvent: {}
[70.790825] (-) TimerEvent: {}
[70.891259] (-) TimerEvent: {}
[70.991620] (-) TimerEvent: {}
[71.091977] (-) TimerEvent: {}
[71.192399] (-) TimerEvent: {}
[71.292742] (-) TimerEvent: {}
[71.393116] (-) TimerEvent: {}
[71.437621] (ira_laser_tools) StdoutLine: {'line': b'[100%] Built target laserscan_multi_merger\n'}
[71.454458] (ira_laser_tools) CommandEnded: {'returncode': 0}
[71.456818] (ira_laser_tools) JobProgress: {'identifier': 'ira_laser_tools', 'progress': 'install'}
[71.457967] (ira_laser_tools) Command: {'cmd': ['/usr/bin/cmake', '--install', '/home/rahul/Mir_robot/build/ira_laser_tools'], 'cwd': '/home/rahul/Mir_robot/build/ira_laser_tools', 'env': OrderedDict([('LESSOPEN', '| /usr/bin/lesspipe %s'), ('USER', 'rahul'), ('LC_TIME', 'de_DE.UTF-8'), ('XDG_SESSION_TYPE', 'wayland'), ('SHLVL', '1'), ('LD_LIBRARY_PATH', '/usr/lib/x86_64-linux-gnu/gazebo-11/plugins:/opt/ros/humble/opt/rviz_ogre_vendor/lib:/opt/ros/humble/lib/x86_64-linux-gnu:/opt/ros/humble/lib'), ('HOME', '/home/rahul'), ('OLDPWD', '/home/rahul'), ('DESKTOP_SESSION', 'ubuntu'), ('ROS_PYTHON_VERSION', '3'), ('GNOME_SHELL_SESSION_MODE', 'ubuntu'), ('GTK_MODULES', 'gail:atk-bridge'), ('LC_MONETARY', 'de_DE.UTF-8'), ('SYSTEMD_EXEC_PID', '6479'), ('DBUS_SESSION_BUS_ADDRESS', 'unix:path=/run/user/1000/bus'), ('COLORTERM', 'truecolor'), ('IM_CONFIG_PHASE', '1'), ('WAYLAND_DISPLAY', 'wayland-0'), ('ROS_DISTRO', 'humble'), ('LOGNAME', 'rahul'), ('_', '/usr/bin/colcon'), ('ROS_VERSION', '2'), ('XDG_SESSION_CLASS', 'user'), ('USERNAME', 'rahul'), ('TERM', 'xterm-256color'), ('GNOME_DESKTOP_SESSION_ID', 'this-is-deprecated'), ('ROS_LOCALHOST_ONLY', '0'), ('PATH', '/opt/ros/humble/bin:/home/rahul/.local/bin:/usr/local/sbin:/usr/local/bin:/usr/sbin:/usr/bin:/sbin:/bin:/usr/games:/usr/local/games:/snap/bin:/snap/bin'), ('SESSION_MANAGER', 'local/rahul-Inspiron-5559:@/tmp/.ICE-unix/2054,unix/rahul-Inspiron-5559:/tmp/.ICE-unix/2054'), ('XDG_MENU_PREFIX', 'gnome-'), ('LC_ADDRESS', 'de_DE.UTF-8'), ('GNOME_TERMINAL_SCREEN', '/org/gnome/Terminal/screen/351eedeb_30dc_418d_b420_34c5a0c83961'), ('GNOME_SETUP_DISPLAY', ':1'), ('XDG_RUNTIME_DIR', '/run/user/1000'), ('DISPLAY', ':0'), ('LANG', 'en_US.UTF-8'), ('XDG_CURRENT_DESKTOP', 'ubuntu:GNOME'), ('LC_TELEPHONE', 'de_DE.UTF-8'), ('XMODIFIERS', '@im=ibus'), ('XDG_SESSION_DESKTOP', 'ubuntu'), ('XAUTHORITY', '/run/user/1000/.mutter-Xwaylandauth.VYRET3'), ('LS_COLORS', 'rs=0:di=01;34:ln=01;36:mh=00:pi=40;33:so=01;35:do=01;35:bd=40;33;01:cd=40;33;01:or=40;31;01:mi=00:su=37;41:sg=30;43:ca=30;41:tw=30;42:ow=34;42:st=37;44:ex=01;32:*.tar=01;31:*.tgz=01;31:*.arc=01;31:*.arj=01;31:*.taz=01;31:*.lha=01;31:*.lz4=01;31:*.lzh=01;31:*.lzma=01;31:*.tlz=01;31:*.txz=01;31:*.tzo=01;31:*.t7z=01;31:*.zip=01;31:*.z=01;31:*.dz=01;31:*.gz=01;31:*.lrz=01;31:*.lz=01;31:*.lzo=01;31:*.xz=01;31:*.zst=01;31:*.tzst=01;31:*.bz2=01;31:*.bz=01;31:*.tbz=01;31:*.tbz2=01;31:*.tz=01;31:*.deb=01;31:*.rpm=01;31:*.jar=01;31:*.war=01;31:*.ear=01;31:*.sar=01;31:*.rar=01;31:*.alz=01;31:*.ace=01;31:*.zoo=01;31:*.cpio=01;31:*.7z=01;31:*.rz=01;31:*.cab=01;31:*.wim=01;31:*.swm=01;31:*.dwm=01;31:*.esd=01;31:*.jpg=01;35:*.jpeg=01;35:*.mjpg=01;35:*.mjpeg=01;35:*.gif=01;35:*.bmp=01;35:*.pbm=01;35:*.pgm=01;35:*.ppm=01;35:*.tga=01;35:*.xbm=01;35:*.xpm=01;35:*.tif=01;35:*.tiff=01;35:*.png=01;35:*.svg=01;35:*.svgz=01;35:*.mng=01;35:*.pcx=01;35:*.mov=01;35:*.mpg=01;35:*.mpeg=01;35:*.m2v=01;35:*.mkv=01;35:*.webm=01;35:*.webp=01;35:*.ogm=01;35:*.mp4=01;35:*.m4v=01;35:*.mp4v=01;35:*.vob=01;35:*.qt=01;35:*.nuv=01;35:*.wmv=01;35:*.asf=01;35:*.rm=01;35:*.rmvb=01;35:*.flc=01;35:*.avi=01;35:*.fli=01;35:*.flv=01;35:*.gl=01;35:*.dl=01;35:*.xcf=01;35:*.xwd=01;35:*.yuv=01;35:*.cgm=01;35:*.emf=01;35:*.ogv=01;35:*.ogx=01;35:*.aac=00;36:*.au=00;36:*.flac=00;36:*.m4a=00;36:*.mid=00;36:*.midi=00;36:*.mka=00;36:*.mp3=00;36:*.mpc=00;36:*.ogg=00;36:*.ra=00;36:*.wav=00;36:*.oga=00;36:*.opus=00;36:*.spx=00;36:*.xspf=00;36:'), ('GNOME_TERMINAL_SERVICE', ':1.120'), ('SSH_AGENT_LAUNCHER', 'gnome-keyring'), ('SSH_AUTH_SOCK', '/run/user/1000/keyring/ssh'), ('AMENT_PREFIX_PATH', '/opt/ros/humble'), ('SHELL', '/bin/bash'), ('LC_NAME', 'de_DE.UTF-8'), ('QT_ACCESSIBILITY', '1'), ('GDMSESSION', 'ubuntu'), ('LESSCLOSE', '/usr/bin/lesspipe %s %s'), ('LC_MEASUREMENT', 'de_DE.UTF-8'), ('LC_IDENTIFICATION', 'de_DE.UTF-8'), ('QT_IM_MODULE', 'ibus'), ('PWD', '/home/rahul/Mir_robot/build/ira_laser_tools'), ('XDG_CONFIG_DIRS', '/etc/xdg/xdg-ubuntu:/etc/xdg'), ('XDG_DATA_DIRS', '/usr/share/ubuntu:/usr/local/share/:/usr/share/:/var/lib/snapd/desktop'), ('PYTHONPATH', '/opt/ros/humble/lib/python3.10/site-packages:/opt/ros/humble/local/lib/python3.10/dist-packages'), ('LC_NUMERIC', 'de_DE.UTF-8'), ('LC_PAPER', 'de_DE.UTF-8'), ('COLCON', '1'), ('VTE_VERSION', '6800'), ('CMAKE_PREFIX_PATH', '/opt/ros/humble')]), 'shell': False}
[71.471926] (ira_laser_tools) StdoutLine: {'line': b'-- Install configuration: ""\n'}
[71.474399] (ira_laser_tools) StdoutLine: {'line': b'-- Execute custom install script\n'}
[71.476330] (ira_laser_tools) StdoutLine: {'line': b'-- Symlinking: /home/rahul/Mir_robot/install/ira_laser_tools/include//ira_laser_tools/CloudPile.hpp\n'}
[71.487813] (ira_laser_tools) StdoutLine: {'line': b'-- Symlinking: /home/rahul/Mir_robot/install/ira_laser_tools/include//ira_laser_tools/laserscan_multi_merger.hpp\n'}
[71.493233] (-) TimerEvent: {}
[71.499828] (ira_laser_tools) StdoutLine: {'line': b'-- Symlinking: /home/rahul/Mir_robot/install/ira_laser_tools/share/ira_laser_tools/launch/laserscan_multi_merger.launch\n'}
[71.511431] (ira_laser_tools) StdoutLine: {'line': b'-- Symlinking: /home/rahul/Mir_robot/install/ira_laser_tools/share/ira_laser_tools/launch/laserscan_multi_merger_launch.py\n'}
[71.523681] (ira_laser_tools) StdoutLine: {'line': b'-- Symlinking: /home/rahul/Mir_robot/install/ira_laser_tools/share/ira_laser_tools/launch/laserscan_virtualizer.launch\n'}
[71.535498] (ira_laser_tools) StdoutLine: {'line': b'-- Symlinking: /home/rahul/Mir_robot/install/ira_laser_tools/share/ira_laser_tools/launch/laserscan_virtualizer_launch.py\n'}
[71.547896] (ira_laser_tools) StdoutLine: {'line': b'-- Symlinking: /home/rahul/Mir_robot/install/ira_laser_tools/lib/ira_laser_tools/laserscan_multi_merger\n'}
[71.559580] (ira_laser_tools) StdoutLine: {'line': b'-- Symlinking: /home/rahul/Mir_robot/install/ira_laser_tools/lib/ira_laser_tools/libCloudPile.a\n'}
[71.571795] (ira_laser_tools) StdoutLine: {'line': b'-- Symlinking: /home/rahul/Mir_robot/install/ira_laser_tools/share/ament_index/resource_index/package_run_dependencies/ira_laser_tools\n'}
[71.583730] (ira_laser_tools) StdoutLine: {'line': b'-- Symlinking: /home/rahul/Mir_robot/install/ira_laser_tools/share/ament_index/resource_index/parent_prefix_path/ira_laser_tools\n'}
[71.593346] (-) TimerEvent: {}
[71.597614] (ira_laser_tools) StdoutLine: {'line': b'-- Symlinking: /home/rahul/Mir_robot/install/ira_laser_tools/share/ira_laser_tools/environment/ament_prefix_path.sh\n'}
[71.609363] (ira_laser_tools) StdoutLine: {'line': b'-- Symlinking: /home/rahul/Mir_robot/install/ira_laser_tools/share/ira_laser_tools/environment/ament_prefix_path.dsv\n'}
[71.621725] (ira_laser_tools) StdoutLine: {'line': b'-- Symlinking: /home/rahul/Mir_robot/install/ira_laser_tools/share/ira_laser_tools/environment/path.sh\n'}
[71.633759] (ira_laser_tools) StdoutLine: {'line': b'-- Symlinking: /home/rahul/Mir_robot/install/ira_laser_tools/share/ira_laser_tools/environment/path.dsv\n'}
[71.647742] (ira_laser_tools) StdoutLine: {'line': b'-- Symlinking: /home/rahul/Mir_robot/install/ira_laser_tools/share/ira_laser_tools/local_setup.bash\n'}
[71.659717] (ira_laser_tools) StdoutLine: {'line': b'-- Symlinking: /home/rahul/Mir_robot/install/ira_laser_tools/share/ira_laser_tools/local_setup.sh\n'}
[71.671654] (ira_laser_tools) StdoutLine: {'line': b'-- Symlinking: /home/rahul/Mir_robot/install/ira_laser_tools/share/ira_laser_tools/local_setup.zsh\n'}
[71.684974] (ira_laser_tools) StdoutLine: {'line': b'-- Symlinking: /home/rahul/Mir_robot/install/ira_laser_tools/share/ira_laser_tools/local_setup.dsv\n'}
[71.693458] (-) TimerEvent: {}
[71.697925] (ira_laser_tools) StdoutLine: {'line': b'-- Symlinking: /home/rahul/Mir_robot/install/ira_laser_tools/share/ira_laser_tools/package.dsv\n'}
[71.710003] (ira_laser_tools) StdoutLine: {'line': b'-- Symlinking: /home/rahul/Mir_robot/install/ira_laser_tools/share/ament_index/resource_index/packages/ira_laser_tools\n'}
[71.722954] (ira_laser_tools) StdoutLine: {'line': b'-- Symlinking: /home/rahul/Mir_robot/install/ira_laser_tools/share/ira_laser_tools/cmake/ament_cmake_export_include_directories-extras.cmake\n'}
[71.735969] (ira_laser_tools) StdoutLine: {'line': b'-- Symlinking: /home/rahul/Mir_robot/install/ira_laser_tools/share/ira_laser_tools/cmake/ament_cmake_export_dependencies-extras.cmake\n'}
[71.748151] (ira_laser_tools) StdoutLine: {'line': b'-- Symlinking: /home/rahul/Mir_robot/install/ira_laser_tools/share/ira_laser_tools/cmake/ira_laser_toolsConfig.cmake\n'}
[71.759899] (ira_laser_tools) StdoutLine: {'line': b'-- Symlinking: /home/rahul/Mir_robot/install/ira_laser_tools/share/ira_laser_tools/cmake/ira_laser_toolsConfig-version.cmake\n'}
[71.771720] (ira_laser_tools) StdoutLine: {'line': b'-- Symlinking: /home/rahul/Mir_robot/install/ira_laser_tools/share/ira_laser_tools/package.xml\n'}
[71.787020] (ira_laser_tools) CommandEnded: {'returncode': 0}
[71.793565] (-) TimerEvent: {}
[71.816174] (ira_laser_tools) JobEnded: {'identifier': 'ira_laser_tools', 'rc': 0}
[71.817118] (mir_driver) JobStarted: {'identifier': 'mir_driver'}
[71.828312] (mir_gazebo) JobStarted: {'identifier': 'mir_gazebo'}
[71.840855] (mir_gazebo) JobProgress: {'identifier': 'mir_gazebo', 'progress': 'cmake'}
[71.841670] (mir_gazebo) Command: {'cmd': ['/usr/bin/cmake', '/home/rahul/Mir_robot/src/mir_robot/mir_robot/mir_gazebo', '-DAMENT_CMAKE_SYMLINK_INSTALL=1', '-DCMAKE_INSTALL_PREFIX=/home/rahul/Mir_robot/install/mir_gazebo'], 'cwd': '/home/rahul/Mir_robot/build/mir_gazebo', 'env': OrderedDict([('LESSOPEN', '| /usr/bin/lesspipe %s'), ('USER', 'rahul'), ('LC_TIME', 'de_DE.UTF-8'), ('XDG_SESSION_TYPE', 'wayland'), ('SHLVL', '1'), ('LD_LIBRARY_PATH', '/usr/lib/x86_64-linux-gnu/gazebo-11/plugins:/opt/ros/humble/opt/rviz_ogre_vendor/lib:/opt/ros/humble/lib/x86_64-linux-gnu:/opt/ros/humble/lib'), ('HOME', '/home/rahul'), ('OLDPWD', '/home/rahul'), ('DESKTOP_SESSION', 'ubuntu'), ('ROS_PYTHON_VERSION', '3'), ('GNOME_SHELL_SESSION_MODE', 'ubuntu'), ('GTK_MODULES', 'gail:atk-bridge'), ('LC_MONETARY', 'de_DE.UTF-8'), ('SYSTEMD_EXEC_PID', '6479'), ('DBUS_SESSION_BUS_ADDRESS', 'unix:path=/run/user/1000/bus'), ('COLORTERM', 'truecolor'), ('IM_CONFIG_PHASE', '1'), ('WAYLAND_DISPLAY', 'wayland-0'), ('ROS_DISTRO', 'humble'), ('LOGNAME', 'rahul'), ('_', '/usr/bin/colcon'), ('ROS_VERSION', '2'), ('XDG_SESSION_CLASS', 'user'), ('USERNAME', 'rahul'), ('TERM', 'xterm-256color'), ('GNOME_DESKTOP_SESSION_ID', 'this-is-deprecated'), ('ROS_LOCALHOST_ONLY', '0'), ('PATH', '/opt/ros/humble/bin:/home/rahul/.local/bin:/usr/local/sbin:/usr/local/bin:/usr/sbin:/usr/bin:/sbin:/bin:/usr/games:/usr/local/games:/snap/bin:/snap/bin'), ('SESSION_MANAGER', 'local/rahul-Inspiron-5559:@/tmp/.ICE-unix/2054,unix/rahul-Inspiron-5559:/tmp/.ICE-unix/2054'), ('XDG_MENU_PREFIX', 'gnome-'), ('LC_ADDRESS', 'de_DE.UTF-8'), ('GNOME_TERMINAL_SCREEN', '/org/gnome/Terminal/screen/351eedeb_30dc_418d_b420_34c5a0c83961'), ('GNOME_SETUP_DISPLAY', ':1'), ('XDG_RUNTIME_DIR', '/run/user/1000'), ('DISPLAY', ':0'), ('LANG', 'en_US.UTF-8'), ('XDG_CURRENT_DESKTOP', 'ubuntu:GNOME'), ('LC_TELEPHONE', 'de_DE.UTF-8'), ('XMODIFIERS', '@im=ibus'), ('XDG_SESSION_DESKTOP', 'ubuntu'), ('XAUTHORITY', '/run/user/1000/.mutter-Xwaylandauth.VYRET3'), ('LS_COLORS', 'rs=0:di=01;34:ln=01;36:mh=00:pi=40;33:so=01;35:do=01;35:bd=40;33;01:cd=40;33;01:or=40;31;01:mi=00:su=37;41:sg=30;43:ca=30;41:tw=30;42:ow=34;42:st=37;44:ex=01;32:*.tar=01;31:*.tgz=01;31:*.arc=01;31:*.arj=01;31:*.taz=01;31:*.lha=01;31:*.lz4=01;31:*.lzh=01;31:*.lzma=01;31:*.tlz=01;31:*.txz=01;31:*.tzo=01;31:*.t7z=01;31:*.zip=01;31:*.z=01;31:*.dz=01;31:*.gz=01;31:*.lrz=01;31:*.lz=01;31:*.lzo=01;31:*.xz=01;31:*.zst=01;31:*.tzst=01;31:*.bz2=01;31:*.bz=01;31:*.tbz=01;31:*.tbz2=01;31:*.tz=01;31:*.deb=01;31:*.rpm=01;31:*.jar=01;31:*.war=01;31:*.ear=01;31:*.sar=01;31:*.rar=01;31:*.alz=01;31:*.ace=01;31:*.zoo=01;31:*.cpio=01;31:*.7z=01;31:*.rz=01;31:*.cab=01;31:*.wim=01;31:*.swm=01;31:*.dwm=01;31:*.esd=01;31:*.jpg=01;35:*.jpeg=01;35:*.mjpg=01;35:*.mjpeg=01;35:*.gif=01;35:*.bmp=01;35:*.pbm=01;35:*.pgm=01;35:*.ppm=01;35:*.tga=01;35:*.xbm=01;35:*.xpm=01;35:*.tif=01;35:*.tiff=01;35:*.png=01;35:*.svg=01;35:*.svgz=01;35:*.mng=01;35:*.pcx=01;35:*.mov=01;35:*.mpg=01;35:*.mpeg=01;35:*.m2v=01;35:*.mkv=01;35:*.webm=01;35:*.webp=01;35:*.ogm=01;35:*.mp4=01;35:*.m4v=01;35:*.mp4v=01;35:*.vob=01;35:*.qt=01;35:*.nuv=01;35:*.wmv=01;35:*.asf=01;35:*.rm=01;35:*.rmvb=01;35:*.flc=01;35:*.avi=01;35:*.fli=01;35:*.flv=01;35:*.gl=01;35:*.dl=01;35:*.xcf=01;35:*.xwd=01;35:*.yuv=01;35:*.cgm=01;35:*.emf=01;35:*.ogv=01;35:*.ogx=01;35:*.aac=00;36:*.au=00;36:*.flac=00;36:*.m4a=00;36:*.mid=00;36:*.midi=00;36:*.mka=00;36:*.mp3=00;36:*.mpc=00;36:*.ogg=00;36:*.ra=00;36:*.wav=00;36:*.oga=00;36:*.opus=00;36:*.spx=00;36:*.xspf=00;36:'), ('GNOME_TERMINAL_SERVICE', ':1.120'), ('SSH_AGENT_LAUNCHER', 'gnome-keyring'), ('SSH_AUTH_SOCK', '/run/user/1000/keyring/ssh'), ('AMENT_PREFIX_PATH', '/home/rahul/Mir_robot/install/mir_description:/home/rahul/Mir_robot/install/ira_laser_tools:/opt/ros/humble'), ('SHELL', '/bin/bash'), ('LC_NAME', 'de_DE.UTF-8'), ('QT_ACCESSIBILITY', '1'), ('GDMSESSION', 'ubuntu'), ('LESSCLOSE', '/usr/bin/lesspipe %s %s'), ('LC_MEASUREMENT', 'de_DE.UTF-8'), ('LC_IDENTIFICATION', 'de_DE.UTF-8'), ('QT_IM_MODULE', 'ibus'), ('PWD', '/home/rahul/Mir_robot/build/mir_gazebo'), ('XDG_CONFIG_DIRS', '/etc/xdg/xdg-ubuntu:/etc/xdg'), ('XDG_DATA_DIRS', '/usr/share/ubuntu:/usr/local/share/:/usr/share/:/var/lib/snapd/desktop'), ('PYTHONPATH', '/opt/ros/humble/lib/python3.10/site-packages:/opt/ros/humble/local/lib/python3.10/dist-packages'), ('LC_NUMERIC', 'de_DE.UTF-8'), ('LC_PAPER', 'de_DE.UTF-8'), ('COLCON', '1'), ('VTE_VERSION', '6800'), ('CMAKE_PREFIX_PATH', '/home/rahul/Mir_robot/install/mir_description:/home/rahul/Mir_robot/install/ira_laser_tools:/opt/ros/humble')]), 'shell': False}
[71.893687] (-) TimerEvent: {}
[71.993855] (mir_gazebo) StdoutLine: {'line': b'-- The C compiler identification is GNU 11.4.0\n'}
[71.994166] (-) TimerEvent: {}
[72.088105] (mir_gazebo) StdoutLine: {'line': b'-- The CXX compiler identification is GNU 11.4.0\n'}
[72.094277] (-) TimerEvent: {}
[72.103272] (mir_gazebo) StdoutLine: {'line': b'-- Detecting C compiler ABI info\n'}
[72.194389] (-) TimerEvent: {}
[72.216420] (mir_gazebo) StdoutLine: {'line': b'-- Detecting C compiler ABI info - done\n'}
[72.227264] (mir_gazebo) StdoutLine: {'line': b'-- Check for working C compiler: /usr/bin/cc - skipped\n'}
[72.227718] (mir_gazebo) StdoutLine: {'line': b'-- Detecting C compile features\n'}
[72.229106] (mir_gazebo) StdoutLine: {'line': b'-- Detecting C compile features - done\n'}
[72.235598] (mir_gazebo) StdoutLine: {'line': b'-- Detecting CXX compiler ABI info\n'}
[72.294495] (-) TimerEvent: {}
[72.343281] (mir_gazebo) StdoutLine: {'line': b'-- Detecting CXX compiler ABI info - done\n'}
[72.353176] (mir_gazebo) StdoutLine: {'line': b'-- Check for working CXX compiler: /usr/bin/c++ - skipped\n'}
[72.353621] (mir_gazebo) StdoutLine: {'line': b'-- Detecting CXX compile features\n'}
[72.354256] (mir_gazebo) StdoutLine: {'line': b'-- Detecting CXX compile features - done\n'}
[72.369278] (mir_gazebo) StdoutLine: {'line': b'-- Found ament_cmake: 1.3.14 (/opt/ros/humble/share/ament_cmake/cmake)\n'}
[72.394599] (-) TimerEvent: {}
[72.494923] (-) TimerEvent: {}
[72.581109] (mir_gazebo) StdoutLine: {'line': b'-- Found Python3: /usr/bin/python3 (found version "3.10.12") found components: Interpreter \n'}
[72.595027] (-) TimerEvent: {}
[72.694141] (mir_gazebo) StdoutLine: {'line': b'-- Override CMake install command with custom implementation using symlinks instead of copying resources\n'}
[72.695096] (-) TimerEvent: {}
[72.777087] (mir_gazebo) StdoutLine: {'line': b'-- Found mir_description: 1.1.3 (/home/rahul/Mir_robot/install/mir_description/share/mir_description/cmake)\n'}
[72.782446] (mir_gazebo) StdoutLine: {'line': b'-- Found gazebo_ros: 3.9.0 (/opt/ros/humble/share/gazebo_ros/cmake)\n'}
[72.795203] (-) TimerEvent: {}
[72.895531] (-) TimerEvent: {}
[72.928575] (mir_gazebo) StdoutLine: {'line': b'-- Found rosidl_generator_c: 3.1.9 (/opt/ros/humble/share/rosidl_generator_c/cmake)\n'}
[72.944030] (mir_gazebo) StdoutLine: {'line': b'-- Found rosidl_adapter: 3.1.9 (/opt/ros/humble/share/rosidl_adapter/cmake)\n'}
[72.968897] (mir_gazebo) StdoutLine: {'line': b'-- Found rosidl_generator_cpp: 3.1.9 (/opt/ros/humble/share/rosidl_generator_cpp/cmake)\n'}
[72.995638] (-) TimerEvent: {}
[73.008165] (mir_gazebo) StdoutLine: {'line': b'-- Using all available rosidl_typesupport_c: rosidl_typesupport_fastrtps_c;rosidl_typesupport_introspection_c\n'}
[73.049244] (mir_gazebo) StdoutLine: {'line': b'-- Using all available rosidl_typesupport_cpp: rosidl_typesupport_fastrtps_cpp;rosidl_typesupport_introspection_cpp\n'}
[73.095752] (-) TimerEvent: {}
[73.156348] (mir_gazebo) StdoutLine: {'line': b'-- Found rmw_implementation_cmake: 6.1.2 (/opt/ros/humble/share/rmw_implementation_cmake/cmake)\n'}
[73.163602] (mir_gazebo) StdoutLine: {'line': b'-- Found rmw_fastrtps_cpp: 6.2.10 (/opt/ros/humble/share/rmw_fastrtps_cpp/cmake)\n'}
[73.195867] (-) TimerEvent: {}
[73.296210] (-) TimerEvent: {}
[73.339910] (mir_gazebo) StdoutLine: {'line': b'-- Found OpenSSL: /usr/lib/x86_64-linux-gnu/libcrypto.so (found version "3.0.2")  \n'}
[73.395314] (mir_gazebo) StdoutLine: {'line': b'-- Found FastRTPS: /opt/ros/humble/include  \n'}
[73.396290] (-) TimerEvent: {}
[73.475323] (mir_gazebo) StdoutLine: {'line': b"-- Using RMW implementation 'rmw_fastrtps_cpp' as default\n"}
[73.496403] (-) TimerEvent: {}
[73.497887] (mir_gazebo) StdoutLine: {'line': b'-- Looking for pthread.h\n'}
[73.599105] (-) TimerEvent: {}
[73.642964] (mir_gazebo) StdoutLine: {'line': b'-- Looking for pthread.h - found\n'}
[73.643431] (mir_gazebo) StdoutLine: {'line': b'-- Performing Test CMAKE_HAVE_LIBC_PTHREAD\n'}
[73.699202] (-) TimerEvent: {}
[73.783866] (mir_gazebo) StdoutLine: {'line': b'-- Performing Test CMAKE_HAVE_LIBC_PTHREAD - Success\n'}
[73.787922] (mir_gazebo) StdoutLine: {'line': b'-- Found Threads: TRUE  \n'}
[73.799307] (-) TimerEvent: {}
[73.899758] (-) TimerEvent: {}
[73.905787] (mir_driver) Command: {'cmd': ['/usr/bin/python3', '-W', 'ignore:setup.py install is deprecated', '-W', 'ignore:easy_install command is deprecated', 'setup.py', 'develop', '--editable', '--build-directory', '/home/rahul/Mir_robot/build/mir_driver/build', '--no-deps', 'symlink_data'], 'cwd': '/home/rahul/Mir_robot/build/mir_driver', 'env': {'LESSOPEN': '| /usr/bin/lesspipe %s', 'USER': 'rahul', 'LC_TIME': 'de_DE.UTF-8', 'XDG_SESSION_TYPE': 'wayland', 'SHLVL': '1', 'LD_LIBRARY_PATH': '/home/rahul/Mir_robot/install/mir_msgs/lib:/usr/lib/x86_64-linux-gnu/gazebo-11/plugins:/opt/ros/humble/opt/rviz_ogre_vendor/lib:/opt/ros/humble/lib/x86_64-linux-gnu:/opt/ros/humble/lib', 'HOME': '/home/rahul', 'OLDPWD': '/home/rahul', 'DESKTOP_SESSION': 'ubuntu', 'ROS_PYTHON_VERSION': '3', 'GNOME_SHELL_SESSION_MODE': 'ubuntu', 'GTK_MODULES': 'gail:atk-bridge', 'LC_MONETARY': 'de_DE.UTF-8', 'SYSTEMD_EXEC_PID': '6479', 'DBUS_SESSION_BUS_ADDRESS': 'unix:path=/run/user/1000/bus', 'COLORTERM': 'truecolor', 'IM_CONFIG_PHASE': '1', 'WAYLAND_DISPLAY': 'wayland-0', 'ROS_DISTRO': 'humble', 'LOGNAME': 'rahul', '_': '/usr/bin/colcon', 'ROS_VERSION': '2', 'XDG_SESSION_CLASS': 'user', 'USERNAME': 'rahul', 'TERM': 'xterm-256color', 'GNOME_DESKTOP_SESSION_ID': 'this-is-deprecated', 'ROS_LOCALHOST_ONLY': '0', 'PATH': '/opt/ros/humble/bin:/home/rahul/.local/bin:/usr/local/sbin:/usr/local/bin:/usr/sbin:/usr/bin:/sbin:/bin:/usr/games:/usr/local/games:/snap/bin:/snap/bin', 'SESSION_MANAGER': 'local/rahul-Inspiron-5559:@/tmp/.ICE-unix/2054,unix/rahul-Inspiron-5559:/tmp/.ICE-unix/2054', 'XDG_MENU_PREFIX': 'gnome-', 'LC_ADDRESS': 'de_DE.UTF-8', 'GNOME_TERMINAL_SCREEN': '/org/gnome/Terminal/screen/351eedeb_30dc_418d_b420_34c5a0c83961', 'GNOME_SETUP_DISPLAY': ':1', 'XDG_RUNTIME_DIR': '/run/user/1000', 'DISPLAY': ':0', 'LANG': 'en_US.UTF-8', 'XDG_CURRENT_DESKTOP': 'ubuntu:GNOME', 'LC_TELEPHONE': 'de_DE.UTF-8', 'XMODIFIERS': '@im=ibus', 'XDG_SESSION_DESKTOP': 'ubuntu', 'XAUTHORITY': '/run/user/1000/.mutter-Xwaylandauth.VYRET3', 'LS_COLORS': 'rs=0:di=01;34:ln=01;36:mh=00:pi=40;33:so=01;35:do=01;35:bd=40;33;01:cd=40;33;01:or=40;31;01:mi=00:su=37;41:sg=30;43:ca=30;41:tw=30;42:ow=34;42:st=37;44:ex=01;32:*.tar=01;31:*.tgz=01;31:*.arc=01;31:*.arj=01;31:*.taz=01;31:*.lha=01;31:*.lz4=01;31:*.lzh=01;31:*.lzma=01;31:*.tlz=01;31:*.txz=01;31:*.tzo=01;31:*.t7z=01;31:*.zip=01;31:*.z=01;31:*.dz=01;31:*.gz=01;31:*.lrz=01;31:*.lz=01;31:*.lzo=01;31:*.xz=01;31:*.zst=01;31:*.tzst=01;31:*.bz2=01;31:*.bz=01;31:*.tbz=01;31:*.tbz2=01;31:*.tz=01;31:*.deb=01;31:*.rpm=01;31:*.jar=01;31:*.war=01;31:*.ear=01;31:*.sar=01;31:*.rar=01;31:*.alz=01;31:*.ace=01;31:*.zoo=01;31:*.cpio=01;31:*.7z=01;31:*.rz=01;31:*.cab=01;31:*.wim=01;31:*.swm=01;31:*.dwm=01;31:*.esd=01;31:*.jpg=01;35:*.jpeg=01;35:*.mjpg=01;35:*.mjpeg=01;35:*.gif=01;35:*.bmp=01;35:*.pbm=01;35:*.pgm=01;35:*.ppm=01;35:*.tga=01;35:*.xbm=01;35:*.xpm=01;35:*.tif=01;35:*.tiff=01;35:*.png=01;35:*.svg=01;35:*.svgz=01;35:*.mng=01;35:*.pcx=01;35:*.mov=01;35:*.mpg=01;35:*.mpeg=01;35:*.m2v=01;35:*.mkv=01;35:*.webm=01;35:*.webp=01;35:*.ogm=01;35:*.mp4=01;35:*.m4v=01;35:*.mp4v=01;35:*.vob=01;35:*.qt=01;35:*.nuv=01;35:*.wmv=01;35:*.asf=01;35:*.rm=01;35:*.rmvb=01;35:*.flc=01;35:*.avi=01;35:*.fli=01;35:*.flv=01;35:*.gl=01;35:*.dl=01;35:*.xcf=01;35:*.xwd=01;35:*.yuv=01;35:*.cgm=01;35:*.emf=01;35:*.ogv=01;35:*.ogx=01;35:*.aac=00;36:*.au=00;36:*.flac=00;36:*.m4a=00;36:*.mid=00;36:*.midi=00;36:*.mka=00;36:*.mp3=00;36:*.mpc=00;36:*.ogg=00;36:*.ra=00;36:*.wav=00;36:*.oga=00;36:*.opus=00;36:*.spx=00;36:*.xspf=00;36:', 'GNOME_TERMINAL_SERVICE': ':1.120', 'SSH_AGENT_LAUNCHER': 'gnome-keyring', 'SSH_AUTH_SOCK': '/run/user/1000/keyring/ssh', 'AMENT_PREFIX_PATH': '/home/rahul/Mir_robot/install/twist_stamper:/home/rahul/Mir_robot/install/mir_msgs:/home/rahul/Mir_robot/install/mir_description:/home/rahul/Mir_robot/install/ira_laser_tools:/opt/ros/humble', 'SHELL': '/bin/bash', 'LC_NAME': 'de_DE.UTF-8', 'QT_ACCESSIBILITY': '1', 'GDMSESSION': 'ubuntu', 'LESSCLOSE': '/usr/bin/lesspipe %s %s', 'LC_MEASUREMENT': 'de_DE.UTF-8', 'LC_IDENTIFICATION': 'de_DE.UTF-8', 'QT_IM_MODULE': 'ibus', 'PWD': '/home/rahul/Mir_robot/build/mir_driver', 'XDG_CONFIG_DIRS': '/etc/xdg/xdg-ubuntu:/etc/xdg', 'XDG_DATA_DIRS': '/usr/share/ubuntu:/usr/local/share/:/usr/share/:/var/lib/snapd/desktop', 'PYTHONPATH': '/home/rahul/Mir_robot/build/mir_driver/prefix_override:/usr/lib/python3/dist-packages/colcon_core/task/python/colcon_distutils_commands:/home/rahul/Mir_robot/install/mir_driver/lib/python3.10/site-packages:/home/rahul/Mir_robot/build/twist_stamper:/home/rahul/Mir_robot/install/twist_stamper/lib/python3.10/site-packages:/home/rahul/Mir_robot/install/mir_msgs/local/lib/python3.10/dist-packages:/opt/ros/humble/lib/python3.10/site-packages:/opt/ros/humble/local/lib/python3.10/dist-packages', 'LC_NUMERIC': 'de_DE.UTF-8', 'LC_PAPER': 'de_DE.UTF-8', 'COLCON': '1', 'VTE_VERSION': '6800', 'CMAKE_PREFIX_PATH': '/home/rahul/Mir_robot/install/mir_msgs:/home/rahul/Mir_robot/install/mir_description:/home/rahul/Mir_robot/install/ira_laser_tools'}, 'shell': False}
[73.948173] (mir_gazebo) StdoutLine: {'line': b'-- Found PkgConfig: /usr/bin/pkg-config (found version "0.29.2") \n'}
[73.951183] (mir_gazebo) StdoutLine: {'line': b"-- Checking for module 'bullet>=2.82'\n"}
[73.973773] (mir_gazebo) StdoutLine: {'line': b'--   Found bullet, version 3.05\n'}
[73.999869] (-) TimerEvent: {}
[74.100255] (-) TimerEvent: {}
[74.141301] (mir_gazebo) StdoutLine: {'line': b'-- Found fcl: /usr/include (found suitable version "0.7.0", minimum required is "0.5.0") \n'}
[74.200356] (-) TimerEvent: {}
[74.218348] (mir_gazebo) StdoutLine: {'line': b'-- Found assimp: /usr/include (found version "5.2.0") \n'}
[74.262935] (mir_gazebo) StdoutLine: {'line': b'-- Found DART: /usr/include (Required is at least version "6.6") found components: dart \n'}
[74.300488] (-) TimerEvent: {}
[74.333702] (mir_gazebo) StdoutLine: {'line': b'-- Found Boost: /usr/lib/x86_64-linux-gnu/cmake/Boost-1.74.0/BoostConfig.cmake (found suitable version "1.74.0", minimum required is "1.40.0") found components: thread system filesystem program_options regex iostreams date_time \n'}
[74.377252] (mir_gazebo) StdoutLine: {'line': b'-- Found Protobuf: /usr/lib/x86_64-linux-gnu/libprotobuf.so (found version "3.12.4") \n'}
[74.391959] (mir_gazebo) StdoutLine: {'line': b'-- Looking for ignition-math6 -- found version 6.16.0\n'}
[74.400576] (-) TimerEvent: {}
[74.411935] (mir_gazebo) StdoutLine: {'line': b'-- Searching for dependencies of ignition-math6\n'}
[74.415996] (mir_gazebo) StdoutLine: {'line': b'-- Looking for OGRE...\n'}
[74.416911] (mir_gazebo) StdoutLine: {'line': b'-- OGRE_PREFIX_WATCH changed.\n'}
[74.426946] (mir_gazebo) StdoutLine: {'line': b"-- Checking for module 'OGRE'\n"}
[74.454876] (mir_gazebo) StdoutLine: {'line': b'--   Found OGRE, version 1.9.0\n'}
[74.482946] (mir_driver) StdoutLine: {'line': b'running develop\n'}
[74.500721] (-) TimerEvent: {}
[74.523745] (mir_gazebo) StdoutLine: {'line': b'-- Found Ogre Ghadamon (1.9.0)\n'}
[74.546201] (mir_gazebo) StdoutLine: {'line': b'-- Found OGRE: optimized;/usr/lib/x86_64-linux-gnu/libOgreMain.so;debug;/usr/lib/x86_64-linux-gnu/libOgreMain.so\n'}
[74.564562] (mir_gazebo) StdoutLine: {'line': b'-- Looking for OGRE_Paging...\n'}
[74.581337] (mir_gazebo) StdoutLine: {'line': b'-- Found OGRE_Paging: optimized;/usr/lib/x86_64-linux-gnu/libOgrePaging.so;debug;/usr/lib/x86_64-linux-gnu/libOgrePaging.so\n'}
[74.581644] (mir_gazebo) StdoutLine: {'line': b'-- Looking for OGRE_Terrain...\n'}
[74.598688] (mir_gazebo) StdoutLine: {'line': b'-- Found OGRE_Terrain: optimized;/usr/lib/x86_64-linux-gnu/libOgreTerrain.so;debug;/usr/lib/x86_64-linux-gnu/libOgreTerrain.so\n'}
[74.598972] (mir_gazebo) StdoutLine: {'line': b'-- Looking for OGRE_Property...\n'}
[74.600828] (-) TimerEvent: {}
[74.616138] (mir_gazebo) StdoutLine: {'line': b'-- Found OGRE_Property: optimized;/usr/lib/x86_64-linux-gnu/libOgreProperty.so;debug;/usr/lib/x86_64-linux-gnu/libOgreProperty.so\n'}
[74.616418] (mir_gazebo) StdoutLine: {'line': b'-- Looking for OGRE_RTShaderSystem...\n'}
[74.633672] (mir_gazebo) StdoutLine: {'line': b'-- Found OGRE_RTShaderSystem: optimized;/usr/lib/x86_64-linux-gnu/libOgreRTShaderSystem.so;debug;/usr/lib/x86_64-linux-gnu/libOgreRTShaderSystem.so\n'}
[74.633997] (mir_gazebo) StdoutLine: {'line': b'-- Looking for OGRE_Volume...\n'}
[74.650825] (mir_gazebo) StdoutLine: {'line': b'-- Found OGRE_Volume: optimized;/usr/lib/x86_64-linux-gnu/libOgreVolume.so;debug;/usr/lib/x86_64-linux-gnu/libOgreVolume.so\n'}
[74.651057] (mir_gazebo) StdoutLine: {'line': b'-- Looking for OGRE_Overlay...\n'}
[74.668793] (mir_gazebo) StdoutLine: {'line': b'-- Found OGRE_Overlay: optimized;/usr/lib/x86_64-linux-gnu/libOgreOverlay.so;debug;/usr/lib/x86_64-linux-gnu/libOgreOverlay.so\n'}
[74.700940] (-) TimerEvent: {}
[74.801451] (-) TimerEvent: {}
[74.868515] (mir_driver) StdoutLine: {'line': b'running egg_info\n'}
[74.871184] (mir_driver) StdoutLine: {'line': b'creating mir_driver.egg-info\n'}
[74.871329] (mir_driver) StdoutLine: {'line': b'writing mir_driver.egg-info/PKG-INFO\n'}
[74.871427] (mir_driver) StdoutLine: {'line': b'writing dependency_links to mir_driver.egg-info/dependency_links.txt\n'}
[74.871491] (mir_driver) StdoutLine: {'line': b'writing entry points to mir_driver.egg-info/entry_points.txt\n'}
[74.871552] (mir_driver) StdoutLine: {'line': b'writing requirements to mir_driver.egg-info/requires.txt\n'}
[74.871612] (mir_driver) StdoutLine: {'line': b'writing top-level names to mir_driver.egg-info/top_level.txt\n'}
[74.871670] (mir_driver) StdoutLine: {'line': b"writing manifest file 'mir_driver.egg-info/SOURCES.txt'\n"}
[74.878603] (mir_driver) StdoutLine: {'line': b"reading manifest file 'mir_driver.egg-info/SOURCES.txt'\n"}
[74.879796] (mir_driver) StdoutLine: {'line': b"writing manifest file 'mir_driver.egg-info/SOURCES.txt'\n"}
[74.884185] (mir_driver) StdoutLine: {'line': b'running build_ext\n'}
[74.884565] (mir_driver) StdoutLine: {'line': b'Creating /home/rahul/Mir_robot/install/mir_driver/lib/python3.10/site-packages/mir-driver.egg-link (link to .)\n'}
[74.885861] (mir_driver) StdoutLine: {'line': b'Installing fake_mir_joint_publisher script to /home/rahul/Mir_robot/install/mir_driver/lib/mir_driver\n'}
[74.886075] (mir_driver) StdoutLine: {'line': b'Installing mir_bridge script to /home/rahul/Mir_robot/install/mir_driver/lib/mir_driver\n'}
[74.886221] (mir_driver) StdoutLine: {'line': b'Installing tf_remove_child_frames script to /home/rahul/Mir_robot/install/mir_driver/lib/mir_driver\n'}
[74.886384] (mir_driver) StdoutLine: {'line': b'Installing time_synchronizer script to /home/rahul/Mir_robot/install/mir_driver/lib/mir_driver\n'}
[74.886821] (mir_driver) StdoutLine: {'line': b'\n'}
[74.886966] (mir_driver) StdoutLine: {'line': b'Installed /home/rahul/Mir_robot/build/mir_driver\n'}
[74.887087] (mir_driver) StdoutLine: {'line': b'running symlink_data\n'}
[74.887255] (mir_driver) StdoutLine: {'line': b'creating /home/rahul/Mir_robot/install/mir_driver/share/ament_index\n'}
[74.887435] (mir_driver) StdoutLine: {'line': b'creating /home/rahul/Mir_robot/install/mir_driver/share/ament_index/resource_index\n'}
[74.887626] (mir_driver) StdoutLine: {'line': b'creating /home/rahul/Mir_robot/install/mir_driver/share/ament_index/resource_index/packages\n'}
[74.887799] (mir_driver) StdoutLine: {'line': b'symbolically linking /home/rahul/Mir_robot/build/mir_driver/resource/mir_driver -> /home/rahul/Mir_robot/install/mir_driver/share/ament_index/resource_index/packages\n'}
[74.887957] (mir_driver) StdoutLine: {'line': b'symbolically linking /home/rahul/Mir_robot/build/mir_driver/package.xml -> /home/rahul/Mir_robot/install/mir_driver/share/mir_driver\n'}
[74.888072] (mir_driver) StdoutLine: {'line': b'creating /home/rahul/Mir_robot/install/mir_driver/share/mir_driver/launch\n'}
[74.888186] (mir_driver) StdoutLine: {'line': b'symbolically linking /home/rahul/Mir_robot/build/mir_driver/launch/additions_launch.py -> /home/rahul/Mir_robot/install/mir_driver/share/mir_driver/launch\n'}
[74.888307] (mir_driver) StdoutLine: {'line': b'symbolically linking /home/rahul/Mir_robot/build/mir_driver/launch/mir_headless_launch.py -> /home/rahul/Mir_robot/install/mir_driver/share/mir_driver/launch\n'}
[74.888419] (mir_driver) StdoutLine: {'line': b'symbolically linking /home/rahul/Mir_robot/build/mir_driver/launch/mir_launch.py -> /home/rahul/Mir_robot/install/mir_driver/share/mir_driver/launch\n'}
[74.901575] (-) TimerEvent: {}
[74.937177] (mir_driver) CommandEnded: {'returncode': 0}
[74.956025] (mir_driver) JobEnded: {'identifier': 'mir_driver', 'rc': 0}
[74.959134] (mir_navigation) JobStarted: {'identifier': 'mir_navigation'}
[74.981425] (mir_navigation) JobProgress: {'identifier': 'mir_navigation', 'progress': 'cmake'}
[74.982542] (mir_navigation) Command: {'cmd': ['/usr/bin/cmake', '/home/rahul/Mir_robot/src/mir_robot/mir_robot/mir_navigation', '-DAMENT_CMAKE_SYMLINK_INSTALL=1', '-DCMAKE_INSTALL_PREFIX=/home/rahul/Mir_robot/install/mir_navigation'], 'cwd': '/home/rahul/Mir_robot/build/mir_navigation', 'env': OrderedDict([('LESSOPEN', '| /usr/bin/lesspipe %s'), ('USER', 'rahul'), ('LC_TIME', 'de_DE.UTF-8'), ('XDG_SESSION_TYPE', 'wayland'), ('SHLVL', '1'), ('LD_LIBRARY_PATH', '/home/rahul/Mir_robot/install/mir_msgs/lib:/usr/lib/x86_64-linux-gnu/gazebo-11/plugins:/opt/ros/humble/opt/rviz_ogre_vendor/lib:/opt/ros/humble/lib/x86_64-linux-gnu:/opt/ros/humble/lib'), ('HOME', '/home/rahul'), ('OLDPWD', '/home/rahul'), ('DESKTOP_SESSION', 'ubuntu'), ('ROS_PYTHON_VERSION', '3'), ('GNOME_SHELL_SESSION_MODE', 'ubuntu'), ('GTK_MODULES', 'gail:atk-bridge'), ('LC_MONETARY', 'de_DE.UTF-8'), ('SYSTEMD_EXEC_PID', '6479'), ('DBUS_SESSION_BUS_ADDRESS', 'unix:path=/run/user/1000/bus'), ('COLORTERM', 'truecolor'), ('IM_CONFIG_PHASE', '1'), ('WAYLAND_DISPLAY', 'wayland-0'), ('ROS_DISTRO', 'humble'), ('LOGNAME', 'rahul'), ('_', '/usr/bin/colcon'), ('ROS_VERSION', '2'), ('XDG_SESSION_CLASS', 'user'), ('USERNAME', 'rahul'), ('TERM', 'xterm-256color'), ('GNOME_DESKTOP_SESSION_ID', 'this-is-deprecated'), ('ROS_LOCALHOST_ONLY', '0'), ('PATH', '/opt/ros/humble/bin:/home/rahul/.local/bin:/usr/local/sbin:/usr/local/bin:/usr/sbin:/usr/bin:/sbin:/bin:/usr/games:/usr/local/games:/snap/bin:/snap/bin'), ('SESSION_MANAGER', 'local/rahul-Inspiron-5559:@/tmp/.ICE-unix/2054,unix/rahul-Inspiron-5559:/tmp/.ICE-unix/2054'), ('XDG_MENU_PREFIX', 'gnome-'), ('LC_ADDRESS', 'de_DE.UTF-8'), ('GNOME_TERMINAL_SCREEN', '/org/gnome/Terminal/screen/351eedeb_30dc_418d_b420_34c5a0c83961'), ('GNOME_SETUP_DISPLAY', ':1'), ('XDG_RUNTIME_DIR', '/run/user/1000'), ('DISPLAY', ':0'), ('LANG', 'en_US.UTF-8'), ('XDG_CURRENT_DESKTOP', 'ubuntu:GNOME'), ('LC_TELEPHONE', 'de_DE.UTF-8'), ('XMODIFIERS', '@im=ibus'), ('XDG_SESSION_DESKTOP', 'ubuntu'), ('XAUTHORITY', '/run/user/1000/.mutter-Xwaylandauth.VYRET3'), ('LS_COLORS', 'rs=0:di=01;34:ln=01;36:mh=00:pi=40;33:so=01;35:do=01;35:bd=40;33;01:cd=40;33;01:or=40;31;01:mi=00:su=37;41:sg=30;43:ca=30;41:tw=30;42:ow=34;42:st=37;44:ex=01;32:*.tar=01;31:*.tgz=01;31:*.arc=01;31:*.arj=01;31:*.taz=01;31:*.lha=01;31:*.lz4=01;31:*.lzh=01;31:*.lzma=01;31:*.tlz=01;31:*.txz=01;31:*.tzo=01;31:*.t7z=01;31:*.zip=01;31:*.z=01;31:*.dz=01;31:*.gz=01;31:*.lrz=01;31:*.lz=01;31:*.lzo=01;31:*.xz=01;31:*.zst=01;31:*.tzst=01;31:*.bz2=01;31:*.bz=01;31:*.tbz=01;31:*.tbz2=01;31:*.tz=01;31:*.deb=01;31:*.rpm=01;31:*.jar=01;31:*.war=01;31:*.ear=01;31:*.sar=01;31:*.rar=01;31:*.alz=01;31:*.ace=01;31:*.zoo=01;31:*.cpio=01;31:*.7z=01;31:*.rz=01;31:*.cab=01;31:*.wim=01;31:*.swm=01;31:*.dwm=01;31:*.esd=01;31:*.jpg=01;35:*.jpeg=01;35:*.mjpg=01;35:*.mjpeg=01;35:*.gif=01;35:*.bmp=01;35:*.pbm=01;35:*.pgm=01;35:*.ppm=01;35:*.tga=01;35:*.xbm=01;35:*.xpm=01;35:*.tif=01;35:*.tiff=01;35:*.png=01;35:*.svg=01;35:*.svgz=01;35:*.mng=01;35:*.pcx=01;35:*.mov=01;35:*.mpg=01;35:*.mpeg=01;35:*.m2v=01;35:*.mkv=01;35:*.webm=01;35:*.webp=01;35:*.ogm=01;35:*.mp4=01;35:*.m4v=01;35:*.mp4v=01;35:*.vob=01;35:*.qt=01;35:*.nuv=01;35:*.wmv=01;35:*.asf=01;35:*.rm=01;35:*.rmvb=01;35:*.flc=01;35:*.avi=01;35:*.fli=01;35:*.flv=01;35:*.gl=01;35:*.dl=01;35:*.xcf=01;35:*.xwd=01;35:*.yuv=01;35:*.cgm=01;35:*.emf=01;35:*.ogv=01;35:*.ogx=01;35:*.aac=00;36:*.au=00;36:*.flac=00;36:*.m4a=00;36:*.mid=00;36:*.midi=00;36:*.mka=00;36:*.mp3=00;36:*.mpc=00;36:*.ogg=00;36:*.ra=00;36:*.wav=00;36:*.oga=00;36:*.opus=00;36:*.spx=00;36:*.xspf=00;36:'), ('GNOME_TERMINAL_SERVICE', ':1.120'), ('SSH_AGENT_LAUNCHER', 'gnome-keyring'), ('SSH_AUTH_SOCK', '/run/user/1000/keyring/ssh'), ('AMENT_PREFIX_PATH', '/home/rahul/Mir_robot/install/mir_driver:/home/rahul/Mir_robot/install/twist_stamper:/home/rahul/Mir_robot/install/mir_msgs:/home/rahul/Mir_robot/install/mir_description:/home/rahul/Mir_robot/install/ira_laser_tools:/opt/ros/humble'), ('SHELL', '/bin/bash'), ('LC_NAME', 'de_DE.UTF-8'), ('QT_ACCESSIBILITY', '1'), ('GDMSESSION', 'ubuntu'), ('LESSCLOSE', '/usr/bin/lesspipe %s %s'), ('LC_MEASUREMENT', 'de_DE.UTF-8'), ('LC_IDENTIFICATION', 'de_DE.UTF-8'), ('QT_IM_MODULE', 'ibus'), ('PWD', '/home/rahul/Mir_robot/build/mir_navigation'), ('XDG_CONFIG_DIRS', '/etc/xdg/xdg-ubuntu:/etc/xdg'), ('XDG_DATA_DIRS', '/usr/share/ubuntu:/usr/local/share/:/usr/share/:/var/lib/snapd/desktop'), ('PYTHONPATH', '/home/rahul/Mir_robot/build/mir_driver:/home/rahul/Mir_robot/install/mir_driver/lib/python3.10/site-packages:/home/rahul/Mir_robot/build/twist_stamper:/home/rahul/Mir_robot/install/twist_stamper/lib/python3.10/site-packages:/home/rahul/Mir_robot/install/mir_msgs/local/lib/python3.10/dist-packages:/opt/ros/humble/lib/python3.10/site-packages:/opt/ros/humble/local/lib/python3.10/dist-packages'), ('LC_NUMERIC', 'de_DE.UTF-8'), ('LC_PAPER', 'de_DE.UTF-8'), ('COLCON', '1'), ('VTE_VERSION', '6800'), ('CMAKE_PREFIX_PATH', '/home/rahul/Mir_robot/install/mir_msgs:/home/rahul/Mir_robot/install/mir_description:/home/rahul/Mir_robot/install/ira_laser_tools:/opt/ros/humble')]), 'shell': False}
[74.995281] (mir_gazebo) StdoutLine: {'line': b'-- Looking for ignition-math6 -- found version 6.16.0\n'}
[75.001240] (mir_gazebo) StdoutLine: {'line': b'-- Looking for ignition-transport8 -- found version 8.2.1\n'}
[75.001642] (-) TimerEvent: {}
[75.002078] (mir_gazebo) StdoutLine: {'line': b'-- Searching for dependencies of ignition-transport8\n'}
[75.038609] (mir_gazebo) StdoutLine: {'line': b'-- Found Protobuf: /usr/lib/x86_64-linux-gnu/libprotobuf.so (found suitable version "3.12.4", minimum required is "3") \n'}
[75.058235] (mir_gazebo) StdoutLine: {'line': b'-- Config-file not installed for ZeroMQ -- checking for pkg-config\n'}
[75.070213] (mir_gazebo) StdoutLine: {'line': b"-- Checking for module 'libzmq >= 4'\n"}
[75.087241] (mir_navigation) StdoutLine: {'line': b'-- The C compiler identification is GNU 11.4.0\n'}
[75.096129] (mir_gazebo) StdoutLine: {'line': b'--   Found libzmq , version 4.3.4\n'}
[75.101767] (-) TimerEvent: {}
[75.153168] (mir_gazebo) StdoutLine: {'line': b'-- Found ZeroMQ: TRUE (Required is at least version "4") \n'}
[75.163912] (mir_gazebo) StdoutLine: {'line': b"-- Checking for module 'uuid'\n"}
[75.182978] (mir_gazebo) StdoutLine: {'line': b'--   Found uuid, version 2.37.2\n'}
[75.193175] (mir_navigation) StdoutLine: {'line': b'-- The CXX compiler identification is GNU 11.4.0\n'}
[75.201880] (-) TimerEvent: {}
[75.207037] (mir_navigation) StdoutLine: {'line': b'-- Detecting C compiler ABI info\n'}
[75.241250] (mir_gazebo) StdoutLine: {'line': b'-- Found UUID: TRUE  \n'}
[75.248479] (mir_gazebo) StdoutLine: {'line': b'-- Looking for ignition-msgs5 -- found version 5.8.1\n'}
[75.249442] (mir_gazebo) StdoutLine: {'line': b'-- Searching for dependencies of ignition-msgs5\n'}
[75.286894] (mir_gazebo) StdoutLine: {'line': b'-- Looking for ignition-math6 -- found version 6.16.0\n'}
[75.297579] (mir_gazebo) StdoutLine: {'line': b"-- Checking for module 'tinyxml2'\n"}
[75.301995] (-) TimerEvent: {}
[75.307697] (mir_navigation) StdoutLine: {'line': b'-- Detecting C compiler ABI info - done\n'}
[75.322536] (mir_navigation) StdoutLine: {'line': b'-- Check for working C compiler: /usr/bin/cc - skipped\n'}
[75.322821] (mir_gazebo) StdoutLine: {'line': b'--   Found tinyxml2, version 9.0.0\n'}
[75.324002] (mir_navigation) StdoutLine: {'line': b'-- Detecting C compile features\n'}
[75.324213] (mir_navigation) StdoutLine: {'line': b'-- Detecting C compile features - done\n'}
[75.331131] (mir_navigation) StdoutLine: {'line': b'-- Detecting CXX compiler ABI info\n'}
[75.384173] (mir_gazebo) StdoutLine: {'line': b'-- Looking for ignition-msgs5 -- found version 5.8.1\n'}
[75.389654] (mir_gazebo) StdoutLine: {'line': b'-- Looking for ignition-common3 -- found version 3.14.0\n'}
[75.389869] (mir_gazebo) StdoutLine: {'line': b'-- Searching for dependencies of ignition-common3\n'}
[75.390234] (mir_gazebo) StdoutLine: {'line': b'-- Looking for dlfcn.h - found\n'}
[75.391427] (mir_gazebo) StdoutLine: {'line': b'-- Looking for libdl - found\n'}
[75.393238] (mir_gazebo) StdoutLine: {'line': b'-- Found DL: TRUE  \n'}
[75.402108] (-) TimerEvent: {}
[75.410144] (mir_gazebo) StdoutLine: {'line': b'-- Found tinyobjloader: /usr/lib/x86_64-linux-gnu/cmake/tinyobjloader/tinyobjloader-config.cmake (found version "2.0.0") \n'}
[75.411200] (mir_gazebo) StdoutLine: {'line': b'-- Searching for <ignition-common3> component [graphics]\n'}
[75.416614] (mir_gazebo) StdoutLine: {'line': b'-- Looking for ignition-common3-graphics -- found version 3.14.0\n'}
[75.418158] (mir_gazebo) StdoutLine: {'line': b'-- Searching for dependencies of ignition-common3-graphics\n'}
[75.418458] (mir_gazebo) StdoutLine: {'line': b'-- Looking for ignition-math6 -- found version 6.16.0\n'}
[75.425916] (mir_gazebo) StdoutLine: {'line': b'-- Looking for ignition-fuel_tools4 -- found version 4.4.0\n'}
[75.426821] (mir_gazebo) StdoutLine: {'line': b'-- Searching for dependencies of ignition-fuel_tools4\n'}
[75.461181] (mir_navigation) StdoutLine: {'line': b'-- Detecting CXX compiler ABI info - done\n'}
[75.471104] (mir_navigation) StdoutLine: {'line': b'-- Check for working CXX compiler: /usr/bin/c++ - skipped\n'}
[75.471343] (mir_navigation) StdoutLine: {'line': b'-- Detecting CXX compile features\n'}
[75.471486] (mir_navigation) StdoutLine: {'line': b'-- Detecting CXX compile features - done\n'}
[75.475188] (mir_navigation) StdoutLine: {'line': b'-- Found ament_cmake: 1.3.14 (/opt/ros/humble/share/ament_cmake/cmake)\n'}
[75.502222] (-) TimerEvent: {}
[75.563255] (mir_gazebo) StdoutLine: {'line': b'-- Found CURL: /usr/lib/x86_64-linux-gnu/libcurl.so (found version "7.81.0")  \n'}
[75.578886] (mir_gazebo) StdoutLine: {'line': b"-- Checking for module 'jsoncpp'\n"}
[75.602339] (-) TimerEvent: {}
[75.606647] (mir_gazebo) StdoutLine: {'line': b'--   Found jsoncpp, version 1.9.5\n'}
[75.667315] (mir_gazebo) StdoutLine: {'line': b'-- Found JSONCPP: TRUE  \n'}
[75.677168] (mir_gazebo) StdoutLine: {'line': b"-- Checking for module 'libzip'\n"}
[75.681909] (realsense_gazebo_plugin) StdoutLine: {'line': b'[100%] \x1b[32m\x1b[1mLinking CXX shared library librealsense_gazebo_plugin.so\x1b[0m\n'}
[75.695549] (mir_gazebo) StdoutLine: {'line': b'--   Found libzip, version 1.7.3\n'}
[75.702450] (-) TimerEvent: {}
[75.767136] (mir_gazebo) StdoutLine: {'line': b'-- Found ZIP: TRUE  \n'}
[75.768064] (mir_gazebo) StdoutLine: {'line': b'-- Looking for ignition-common3 -- found version 3.14.0\n'}
[75.768270] (mir_navigation) StdoutLine: {'line': b'-- Found Python3: /usr/bin/python3 (found version "3.10.12") found components: Interpreter \n'}
[75.768829] (mir_gazebo) StdoutLine: {'line': b'-- Looking for ignition-math6 -- found version 6.16.0\n'}
[75.769658] (mir_gazebo) StdoutLine: {'line': b'-- Looking for ignition-msgs5 -- found version 5.8.1\n'}
[75.779480] (mir_gazebo) StdoutLine: {'line': b'-- Gazebo version: 11.10\n'}
[75.780356] (mir_gazebo) StdoutLine: {'line': b"-- Checking for module 'tbb'\n"}
[75.802800] (-) TimerEvent: {}
[75.804864] (mir_gazebo) StdoutLine: {'line': b'--   Found tbb, version 2021.5.0\n'}
[75.877696] (mir_gazebo) StdoutLine: {'line': b'-- Found gazebo_ros_pkgs: 3.9.0 (/opt/ros/humble/share/gazebo_ros_pkgs/cmake)\n'}
[75.879199] (mir_gazebo) StdoutLine: {'line': b'-- Found ira_laser_tools: 1.0.4 (/home/rahul/Mir_robot/install/ira_laser_tools/share/ira_laser_tools/cmake)\n'}
[75.885480] (mir_navigation) StdoutLine: {'line': b'-- Override CMake install command with custom implementation using symlinks instead of copying resources\n'}
[75.902929] (-) TimerEvent: {}
[75.955138] (mir_navigation) StdoutLine: {'line': b'-- Found navigation2: 1.1.20 (/opt/ros/humble/share/navigation2/cmake)\n'}
[75.959385] (mir_navigation) StdoutLine: {'line': b'-- Found slam_toolbox: 2.6.10 (/opt/ros/humble/share/slam_toolbox/cmake)\n'}
[76.003060] (-) TimerEvent: {}
[76.044189] (mir_navigation) StdoutLine: {'line': b'-- Found rosidl_generator_c: 3.1.9 (/opt/ros/humble/share/rosidl_generator_c/cmake)\n'}
[76.055111] (mir_navigation) StdoutLine: {'line': b'-- Found rosidl_adapter: 3.1.9 (/opt/ros/humble/share/rosidl_adapter/cmake)\n'}
[76.075082] (mir_navigation) StdoutLine: {'line': b'-- Found rosidl_generator_cpp: 3.1.9 (/opt/ros/humble/share/rosidl_generator_cpp/cmake)\n'}
[76.100419] (mir_navigation) StdoutLine: {'line': b'-- Using all available rosidl_typesupport_c: rosidl_typesupport_fastrtps_c;rosidl_typesupport_introspection_c\n'}
[76.103113] (-) TimerEvent: {}
[76.135971] (mir_navigation) StdoutLine: {'line': b'-- Using all available rosidl_typesupport_cpp: rosidl_typesupport_fastrtps_cpp;rosidl_typesupport_introspection_cpp\n'}
[76.204028] (-) TimerEvent: {}
[76.271402] (mir_gazebo) StdoutLine: {'line': b"-- Checking for module 'eigen3'\n"}
[76.294214] (mir_gazebo) StdoutLine: {'line': b'--   Found eigen3, version 3.4.0\n'}
[76.304140] (-) TimerEvent: {}
[76.355584] (mir_gazebo) StdoutLine: {'line': b'-- Found Eigen: /usr/include/eigen3 (Required is at least version "3.1") \n'}
[76.355876] (mir_gazebo) StdoutLine: {'line': b'-- Eigen found (include: /usr/include/eigen3, version: 3.4.0)\n'}
[76.394952] (mir_gazebo) StdoutLine: {'line': b"-- Checking for module 'flann'\n"}
[76.404261] (-) TimerEvent: {}
[76.417389] (mir_gazebo) StdoutLine: {'line': b'--   Found flann, version 1.9.1\n'}
[76.487592] (mir_gazebo) StdoutLine: {'line': b'-- Found FLANN: /usr/lib/x86_64-linux-gnu/libflann_cpp.so  \n'}
[76.487954] (mir_gazebo) StdoutLine: {'line': b'-- FLANN found (include: /usr/include, lib: /usr/lib/x86_64-linux-gnu/libflann_cpp.so)\n'}
[76.493911] (mir_navigation) StdoutLine: {'line': b'-- Found rmw_implementation_cmake: 6.1.2 (/opt/ros/humble/share/rmw_implementation_cmake/cmake)\n'}
[76.501210] (mir_navigation) StdoutLine: {'line': b'-- Found rmw_fastrtps_cpp: 6.2.10 (/opt/ros/humble/share/rmw_fastrtps_cpp/cmake)\n'}
[76.504376] (-) TimerEvent: {}
[76.604792] (-) TimerEvent: {}
[76.687485] (mir_navigation) StdoutLine: {'line': b'-- Found OpenSSL: /usr/lib/x86_64-linux-gnu/libcrypto.so (found version "3.0.2")  \n'}
[76.705150] (-) TimerEvent: {}
[76.753351] (mir_navigation) StdoutLine: {'line': b'-- Found FastRTPS: /opt/ros/humble/include  \n'}
[76.805283] (-) TimerEvent: {}
[76.838687] (mir_navigation) StdoutLine: {'line': b"-- Using RMW implementation 'rmw_fastrtps_cpp' as default\n"}
[76.856886] (mir_navigation) StdoutLine: {'line': b'-- Looking for pthread.h\n'}
[76.905422] (-) TimerEvent: {}
[76.977425] (mir_navigation) StdoutLine: {'line': b'-- Looking for pthread.h - found\n'}
[76.977653] (mir_navigation) StdoutLine: {'line': b'-- Performing Test CMAKE_HAVE_LIBC_PTHREAD\n'}
[77.007157] (-) TimerEvent: {}
[77.107616] (-) TimerEvent: {}
[77.113195] (mir_navigation) StdoutLine: {'line': b'-- Performing Test CMAKE_HAVE_LIBC_PTHREAD - Success\n'}
[77.114103] (mir_navigation) StdoutLine: {'line': b'-- Found Threads: TRUE  \n'}
[77.207730] (-) TimerEvent: {}
[77.308091] (-) TimerEvent: {}
[77.408488] (-) TimerEvent: {}
[77.510120] (-) TimerEvent: {}
[77.514180] (mir_navigation) StdoutLine: {'line': b'-- Found eigen3_cmake_module: 0.1.1 (/opt/ros/humble/share/eigen3_cmake_module/cmake)\n'}
[77.515934] (mir_navigation) StdoutLine: {'line': b'-- Found Eigen3: TRUE (found version "3.4.0") \n'}
[77.516376] (mir_navigation) StdoutLine: {'line': b'-- Ensuring Eigen3 include directory is part of orocos-kdl CMake target\n'}
[77.610240] (-) TimerEvent: {}
[77.613677] (mir_navigation) StdoutLine: {'line': b"-- Setting assimp_DIR to: '/opt/ros/humble/share/rviz_assimp_vendor/cmake/../../../opt/rviz_assimp_vendor/lib/cmake/assimp-4.1'\n"}
[77.632332] (mir_navigation) StdoutLine: {'line': b"-- Setting OGRE_DIR to: '/opt/ros/humble/share/rviz_ogre_vendor/cmake/../../../opt/rviz_ogre_vendor/lib/OGRE/cmake'\n"}
[77.636595] (realsense_gazebo_plugin) StdoutLine: {'line': b'[100%] Built target realsense_gazebo_plugin\n'}
[77.639187] (mir_navigation) StdoutLine: {'line': b'-- Found OGRE\n'}
[77.639516] (mir_navigation) StdoutLine: {'line': b'--   static     : OFF\n'}
[77.639642] (mir_navigation) StdoutLine: {'line': b'--   components : HLMS;MeshLodGenerator;Overlay;Paging;Property;RTShaderSystem;Terrain;Volume\n'}
[77.639754] (mir_navigation) StdoutLine: {'line': b'--   plugins    : Plugin_BSPSceneManager;Plugin_OctreeSceneManager;Plugin_PCZSceneManager;Plugin_ParticleFX;RenderSystem_GL;RenderSystem_GL3Plus;Codec_STBI\n'}
[77.639877] (mir_navigation) StdoutLine: {'line': b'--   media      : /opt/ros/humble/opt/rviz_ogre_vendor/share/OGRE/Media\n'}
[77.639985] (mir_navigation) StdoutLine: {'line': b'-- OGRE_LIBRARIES: OgreHLMS;OgreMeshLodGenerator;OgreOverlay;OgrePaging;OgreProperty;OgreRTShaderSystem;OgreTerrain;OgreVolume;OgreMain\n'}
[77.640166] (mir_navigation) StdoutLine: {'line': b'-- OGRE_LIBRARY_DIRS: /opt/ros/humble/opt/rviz_ogre_vendor/lib\n'}
[77.640303] (mir_navigation) StdoutLine: {'line': b'-- OGRE_PLUGINS: Plugin_BSPSceneManager;Plugin_OctreeSceneManager;Plugin_PCZSceneManager;Plugin_ParticleFX;RenderSystem_GL;RenderSystem_GL3Plus;Codec_STBI\n'}
[77.640440] (mir_navigation) StdoutLine: {'line': b'-- OGRE_PLUGIN_DIR: /opt/ros/humble/opt/rviz_ogre_vendor/lib/OGRE\n'}
[77.640591] (mir_navigation) StdoutLine: {'line': b'-- rviz_ogre_vendor::OgreOverlay for IMPORTED_LOCATION_RELEASE: /opt/ros/humble/opt/rviz_ogre_vendor/lib/libOgreOverlay.so\n'}
[77.640700] (mir_navigation) StdoutLine: {'line': b'-- rviz_ogre_vendor::OgreOverlay for IMPORTED_LOCATION_DEBUG: /opt/ros/humble/opt/rviz_ogre_vendor/lib/libOgreOverlay.so\n'}
[77.640808] (mir_navigation) StdoutLine: {'line': b'-- rviz_ogre_vendor::OgreMain for IMPORTED_LOCATION_RELEASE: /opt/ros/humble/opt/rviz_ogre_vendor/lib/libOgreMain.so\n'}
[77.640919] (mir_navigation) StdoutLine: {'line': b'-- rviz_ogre_vendor::OgreMain for IMPORTED_LOCATION_DEBUG: /opt/ros/humble/opt/rviz_ogre_vendor/lib/libOgreMain.so\n'}
[77.655718] (realsense_gazebo_plugin) CommandEnded: {'returncode': 0}
[77.657886] (realsense_gazebo_plugin) JobProgress: {'identifier': 'realsense_gazebo_plugin', 'progress': 'install'}
[77.659223] (realsense_gazebo_plugin) Command: {'cmd': ['/usr/bin/cmake', '--install', '/home/rahul/Mir_robot/build/realsense_gazebo_plugin'], 'cwd': '/home/rahul/Mir_robot/build/realsense_gazebo_plugin', 'env': OrderedDict([('LESSOPEN', '| /usr/bin/lesspipe %s'), ('USER', 'rahul'), ('LC_TIME', 'de_DE.UTF-8'), ('XDG_SESSION_TYPE', 'wayland'), ('SHLVL', '1'), ('LD_LIBRARY_PATH', '/usr/lib/x86_64-linux-gnu/gazebo-11/plugins:/opt/ros/humble/opt/rviz_ogre_vendor/lib:/opt/ros/humble/lib/x86_64-linux-gnu:/opt/ros/humble/lib'), ('HOME', '/home/rahul'), ('OLDPWD', '/home/rahul'), ('DESKTOP_SESSION', 'ubuntu'), ('ROS_PYTHON_VERSION', '3'), ('GNOME_SHELL_SESSION_MODE', 'ubuntu'), ('GTK_MODULES', 'gail:atk-bridge'), ('LC_MONETARY', 'de_DE.UTF-8'), ('SYSTEMD_EXEC_PID', '6479'), ('DBUS_SESSION_BUS_ADDRESS', 'unix:path=/run/user/1000/bus'), ('COLORTERM', 'truecolor'), ('IM_CONFIG_PHASE', '1'), ('WAYLAND_DISPLAY', 'wayland-0'), ('ROS_DISTRO', 'humble'), ('LOGNAME', 'rahul'), ('_', '/usr/bin/colcon'), ('ROS_VERSION', '2'), ('XDG_SESSION_CLASS', 'user'), ('USERNAME', 'rahul'), ('TERM', 'xterm-256color'), ('GNOME_DESKTOP_SESSION_ID', 'this-is-deprecated'), ('ROS_LOCALHOST_ONLY', '0'), ('PATH', '/opt/ros/humble/bin:/home/rahul/.local/bin:/usr/local/sbin:/usr/local/bin:/usr/sbin:/usr/bin:/sbin:/bin:/usr/games:/usr/local/games:/snap/bin:/snap/bin'), ('SESSION_MANAGER', 'local/rahul-Inspiron-5559:@/tmp/.ICE-unix/2054,unix/rahul-Inspiron-5559:/tmp/.ICE-unix/2054'), ('XDG_MENU_PREFIX', 'gnome-'), ('LC_ADDRESS', 'de_DE.UTF-8'), ('GNOME_TERMINAL_SCREEN', '/org/gnome/Terminal/screen/351eedeb_30dc_418d_b420_34c5a0c83961'), ('GNOME_SETUP_DISPLAY', ':1'), ('XDG_RUNTIME_DIR', '/run/user/1000'), ('DISPLAY', ':0'), ('LANG', 'en_US.UTF-8'), ('XDG_CURRENT_DESKTOP', 'ubuntu:GNOME'), ('LC_TELEPHONE', 'de_DE.UTF-8'), ('XMODIFIERS', '@im=ibus'), ('XDG_SESSION_DESKTOP', 'ubuntu'), ('XAUTHORITY', '/run/user/1000/.mutter-Xwaylandauth.VYRET3'), ('LS_COLORS', 'rs=0:di=01;34:ln=01;36:mh=00:pi=40;33:so=01;35:do=01;35:bd=40;33;01:cd=40;33;01:or=40;31;01:mi=00:su=37;41:sg=30;43:ca=30;41:tw=30;42:ow=34;42:st=37;44:ex=01;32:*.tar=01;31:*.tgz=01;31:*.arc=01;31:*.arj=01;31:*.taz=01;31:*.lha=01;31:*.lz4=01;31:*.lzh=01;31:*.lzma=01;31:*.tlz=01;31:*.txz=01;31:*.tzo=01;31:*.t7z=01;31:*.zip=01;31:*.z=01;31:*.dz=01;31:*.gz=01;31:*.lrz=01;31:*.lz=01;31:*.lzo=01;31:*.xz=01;31:*.zst=01;31:*.tzst=01;31:*.bz2=01;31:*.bz=01;31:*.tbz=01;31:*.tbz2=01;31:*.tz=01;31:*.deb=01;31:*.rpm=01;31:*.jar=01;31:*.war=01;31:*.ear=01;31:*.sar=01;31:*.rar=01;31:*.alz=01;31:*.ace=01;31:*.zoo=01;31:*.cpio=01;31:*.7z=01;31:*.rz=01;31:*.cab=01;31:*.wim=01;31:*.swm=01;31:*.dwm=01;31:*.esd=01;31:*.jpg=01;35:*.jpeg=01;35:*.mjpg=01;35:*.mjpeg=01;35:*.gif=01;35:*.bmp=01;35:*.pbm=01;35:*.pgm=01;35:*.ppm=01;35:*.tga=01;35:*.xbm=01;35:*.xpm=01;35:*.tif=01;35:*.tiff=01;35:*.png=01;35:*.svg=01;35:*.svgz=01;35:*.mng=01;35:*.pcx=01;35:*.mov=01;35:*.mpg=01;35:*.mpeg=01;35:*.m2v=01;35:*.mkv=01;35:*.webm=01;35:*.webp=01;35:*.ogm=01;35:*.mp4=01;35:*.m4v=01;35:*.mp4v=01;35:*.vob=01;35:*.qt=01;35:*.nuv=01;35:*.wmv=01;35:*.asf=01;35:*.rm=01;35:*.rmvb=01;35:*.flc=01;35:*.avi=01;35:*.fli=01;35:*.flv=01;35:*.gl=01;35:*.dl=01;35:*.xcf=01;35:*.xwd=01;35:*.yuv=01;35:*.cgm=01;35:*.emf=01;35:*.ogv=01;35:*.ogx=01;35:*.aac=00;36:*.au=00;36:*.flac=00;36:*.m4a=00;36:*.mid=00;36:*.midi=00;36:*.mka=00;36:*.mp3=00;36:*.mpc=00;36:*.ogg=00;36:*.ra=00;36:*.wav=00;36:*.oga=00;36:*.opus=00;36:*.spx=00;36:*.xspf=00;36:'), ('GNOME_TERMINAL_SERVICE', ':1.120'), ('SSH_AGENT_LAUNCHER', 'gnome-keyring'), ('SSH_AUTH_SOCK', '/run/user/1000/keyring/ssh'), ('AMENT_PREFIX_PATH', '/opt/ros/humble'), ('SHELL', '/bin/bash'), ('LC_NAME', 'de_DE.UTF-8'), ('QT_ACCESSIBILITY', '1'), ('GDMSESSION', 'ubuntu'), ('LESSCLOSE', '/usr/bin/lesspipe %s %s'), ('LC_MEASUREMENT', 'de_DE.UTF-8'), ('LC_IDENTIFICATION', 'de_DE.UTF-8'), ('QT_IM_MODULE', 'ibus'), ('PWD', '/home/rahul/Mir_robot/build/realsense_gazebo_plugin'), ('XDG_CONFIG_DIRS', '/etc/xdg/xdg-ubuntu:/etc/xdg'), ('XDG_DATA_DIRS', '/usr/share/ubuntu:/usr/local/share/:/usr/share/:/var/lib/snapd/desktop'), ('PYTHONPATH', '/opt/ros/humble/lib/python3.10/site-packages:/opt/ros/humble/local/lib/python3.10/dist-packages'), ('LC_NUMERIC', 'de_DE.UTF-8'), ('LC_PAPER', 'de_DE.UTF-8'), ('COLCON', '1'), ('VTE_VERSION', '6800'), ('CMAKE_PREFIX_PATH', '/opt/ros/humble')]), 'shell': False}
[77.672902] (realsense_gazebo_plugin) StdoutLine: {'line': b'-- Install configuration: ""\n'}
[77.674456] (realsense_gazebo_plugin) StdoutLine: {'line': b'-- Execute custom install script\n'}
[77.675252] (realsense_gazebo_plugin) StdoutLine: {'line': b'-- Symlinking: /home/rahul/Mir_robot/install/realsense_gazebo_plugin/lib/librealsense_gazebo_plugin.so\n'}
[77.684221] (mir_navigation) StdoutLine: {'line': b'-- Found ZLIB: /usr/lib/x86_64-linux-gnu/libz.so (found version "1.2.11") \n'}
[77.693126] (realsense_gazebo_plugin) StdoutLine: {'line': b'-- Symlinking: /home/rahul/Mir_robot/install/realsense_gazebo_plugin/include//realsense_gazebo_plugin/RealSensePlugin.hpp\n'}
[77.697153] (mir_navigation) StdoutLine: {'line': b'-- Found OpenGL: /usr/lib/x86_64-linux-gnu/libOpenGL.so   \n'}
[77.707130] (realsense_gazebo_plugin) StdoutLine: {'line': b'-- Symlinking: /home/rahul/Mir_robot/install/realsense_gazebo_plugin/include//realsense_gazebo_plugin/gazebo_ros_realsense.hpp\n'}
[77.710349] (-) TimerEvent: {}
[77.722181] (realsense_gazebo_plugin) StdoutLine: {'line': b'-- Symlinking: /home/rahul/Mir_robot/install/realsense_gazebo_plugin/share/realsense_gazebo_plugin/environment/library_path.sh\n'}
[77.737565] (realsense_gazebo_plugin) StdoutLine: {'line': b'-- Symlinking: /home/rahul/Mir_robot/install/realsense_gazebo_plugin/share/realsense_gazebo_plugin/environment/library_path.dsv\n'}
[77.750812] (realsense_gazebo_plugin) StdoutLine: {'line': b'-- Symlinking: /home/rahul/Mir_robot/install/realsense_gazebo_plugin/share/ament_index/resource_index/package_run_dependencies/realsense_gazebo_plugin\n'}
[77.762742] (realsense_gazebo_plugin) StdoutLine: {'line': b'-- Symlinking: /home/rahul/Mir_robot/install/realsense_gazebo_plugin/share/ament_index/resource_index/parent_prefix_path/realsense_gazebo_plugin\n'}
[77.774360] (realsense_gazebo_plugin) StdoutLine: {'line': b'-- Symlinking: /home/rahul/Mir_robot/install/realsense_gazebo_plugin/share/realsense_gazebo_plugin/environment/ament_prefix_path.sh\n'}
[77.786212] (realsense_gazebo_plugin) StdoutLine: {'line': b'-- Symlinking: /home/rahul/Mir_robot/install/realsense_gazebo_plugin/share/realsense_gazebo_plugin/environment/ament_prefix_path.dsv\n'}
[77.799084] (realsense_gazebo_plugin) StdoutLine: {'line': b'-- Symlinking: /home/rahul/Mir_robot/install/realsense_gazebo_plugin/share/realsense_gazebo_plugin/environment/path.sh\n'}
[77.810688] (-) TimerEvent: {}
[77.813221] (realsense_gazebo_plugin) StdoutLine: {'line': b'-- Symlinking: /home/rahul/Mir_robot/install/realsense_gazebo_plugin/share/realsense_gazebo_plugin/environment/path.dsv\n'}
[77.827809] (realsense_gazebo_plugin) StdoutLine: {'line': b'-- Symlinking: /home/rahul/Mir_robot/install/realsense_gazebo_plugin/share/realsense_gazebo_plugin/local_setup.bash\n'}
[77.843176] (realsense_gazebo_plugin) StdoutLine: {'line': b'-- Symlinking: /home/rahul/Mir_robot/install/realsense_gazebo_plugin/share/realsense_gazebo_plugin/local_setup.sh\n'}
[77.858495] (realsense_gazebo_plugin) StdoutLine: {'line': b'-- Symlinking: /home/rahul/Mir_robot/install/realsense_gazebo_plugin/share/realsense_gazebo_plugin/local_setup.zsh\n'}
[77.873173] (realsense_gazebo_plugin) StdoutLine: {'line': b'-- Symlinking: /home/rahul/Mir_robot/install/realsense_gazebo_plugin/share/realsense_gazebo_plugin/local_setup.dsv\n'}
[77.887344] (realsense_gazebo_plugin) StdoutLine: {'line': b'-- Symlinking: /home/rahul/Mir_robot/install/realsense_gazebo_plugin/share/realsense_gazebo_plugin/package.dsv\n'}
[77.892237] (mir_navigation) StdoutLine: {'line': b'-- Found X11: /usr/include   \n'}
[77.892720] (mir_navigation) StdoutLine: {'line': b'-- Looking for XOpenDisplay in /usr/lib/x86_64-linux-gnu/libX11.so;/usr/lib/x86_64-linux-gnu/libXext.so\n'}
[77.901066] (realsense_gazebo_plugin) StdoutLine: {'line': b'-- Symlinking: /home/rahul/Mir_robot/install/realsense_gazebo_plugin/share/ament_index/resource_index/packages/realsense_gazebo_plugin\n'}
[77.910809] (-) TimerEvent: {}
[77.917590] (realsense_gazebo_plugin) StdoutLine: {'line': b'-- Symlinking: /home/rahul/Mir_robot/install/realsense_gazebo_plugin/share/realsense_gazebo_plugin/cmake/ament_cmake_export_include_directories-extras.cmake\n'}
[77.930953] (realsense_gazebo_plugin) StdoutLine: {'line': b'-- Symlinking: /home/rahul/Mir_robot/install/realsense_gazebo_plugin/share/realsense_gazebo_plugin/cmake/ament_cmake_export_libraries-extras.cmake\n'}
[77.944663] (realsense_gazebo_plugin) StdoutLine: {'line': b'-- Symlinking: /home/rahul/Mir_robot/install/realsense_gazebo_plugin/share/realsense_gazebo_plugin/cmake/realsense_gazebo_pluginConfig.cmake\n'}
[77.961324] (realsense_gazebo_plugin) StdoutLine: {'line': b'-- Symlinking: /home/rahul/Mir_robot/install/realsense_gazebo_plugin/share/realsense_gazebo_plugin/cmake/realsense_gazebo_pluginConfig-version.cmake\n'}
[77.973306] (realsense_gazebo_plugin) StdoutLine: {'line': b'-- Symlinking: /home/rahul/Mir_robot/install/realsense_gazebo_plugin/share/realsense_gazebo_plugin/package.xml\n'}
[77.991602] (realsense_gazebo_plugin) CommandEnded: {'returncode': 0}
[78.011458] (-) TimerEvent: {}
[78.015019] (realsense_gazebo_plugin) JobEnded: {'identifier': 'realsense_gazebo_plugin', 'rc': 0}
[78.019475] (mir_navigation) StdoutLine: {'line': b'-- Looking for XOpenDisplay in /usr/lib/x86_64-linux-gnu/libX11.so;/usr/lib/x86_64-linux-gnu/libXext.so - found\n'}
[78.019752] (mir_navigation) StdoutLine: {'line': b'-- Looking for gethostbyname\n'}
[78.111586] (-) TimerEvent: {}
[78.115201] (mir_navigation) StdoutLine: {'line': b'-- Looking for gethostbyname - found\n'}
[78.115481] (mir_navigation) StdoutLine: {'line': b'-- Looking for connect\n'}
[78.192985] (mir_gazebo) StdoutLine: {'line': b"-- Checking for module 'libusb-1.0'\n"}
[78.211695] (-) TimerEvent: {}
[78.213499] (mir_navigation) StdoutLine: {'line': b'-- Looking for connect - found\n'}
[78.213764] (mir_navigation) StdoutLine: {'line': b'-- Looking for remove\n'}
[78.216198] (mir_gazebo) StdoutLine: {'line': b'--   Found libusb-1.0, version 1.0.25\n'}
[78.272328] (mir_gazebo) StdoutLine: {'line': b'-- Found libusb: /usr/lib/x86_64-linux-gnu/libusb-1.0.so  \n'}
[78.274073] (mir_gazebo) StdoutLine: {'line': b'-- OpenNI found (version: 1.5.4.0, include: /usr/include/ni, lib: /usr/lib/libOpenNI.so;libusb::libusb)\n'}
[78.311518] (mir_navigation) StdoutLine: {'line': b'-- Looking for remove - found\n'}
[78.311810] (-) TimerEvent: {}
[78.311990] (mir_navigation) StdoutLine: {'line': b'-- Looking for shmat\n'}
[78.364266] (mir_gazebo) StdoutLine: {'line': b'-- OpenNI2 found (version: 2.2.0.33, include: /usr/include/openni2, lib: /usr/lib/x86_64-linux-gnu/libOpenNI2.so;libusb::libusb)\n'}
[78.403339] (mir_navigation) StdoutLine: {'line': b'-- Looking for shmat - found\n'}
[78.403617] (mir_navigation) StdoutLine: {'line': b'-- Looking for IceConnectionNumber in ICE\n'}
[78.411933] (-) TimerEvent: {}
[78.494279] (mir_navigation) StdoutLine: {'line': b'-- Looking for IceConnectionNumber in ICE - found\n'}
[78.512048] (-) TimerEvent: {}
[78.573462] (mir_gazebo) StdoutLine: {'line': b'-- Eigen found (include: /usr/include/eigen3, version: 3.4.0)\n'}
[78.582886] (mir_gazebo) StdoutLine: {'line': b'-- OpenNI found (version: 1.5.4.0, include: /usr/include/ni, lib: /usr/lib/libOpenNI.so;libusb::libusb)\n'}
[78.592092] (mir_gazebo) StdoutLine: {'line': b'-- OpenNI2 found (version: 2.2.0.33, include: /usr/include/openni2, lib: /usr/lib/x86_64-linux-gnu/libOpenNI2.so;libusb::libusb)\n'}
[78.608213] (mir_navigation) StdoutLine: {'line': b'-- library: /usr/lib/x86_64-linux-gnu/libcurl.so\n'}
[78.612087] (-) TimerEvent: {}
[78.712405] (-) TimerEvent: {}
[78.769062] (mir_navigation) StdoutLine: {'line': b'-- Found ament_lint_auto: 0.12.15 (/opt/ros/humble/share/ament_lint_auto/cmake)\n'}
[78.791188] (mir_gazebo) StdoutLine: {'line': b'-- Found Qhull version 8.0.2\n'}
[78.812500] (-) TimerEvent: {}
[78.912832] (-) TimerEvent: {}
[78.915984] (mir_navigation) StdoutLine: {'line': b"-- Added test 'copyright' to check source files copyright and LICENSE\n"}
[78.923514] (mir_navigation) StdoutLine: {'line': b"-- Added test 'flake8' to check Python code syntax and style conventions\n"}
[78.925712] (mir_navigation) StdoutLine: {'line': b"-- Added test 'lint_cmake' to check CMake code style\n"}
[78.926832] (mir_navigation) StdoutLine: {'line': b"-- Added test 'pep257' to check Python code against some of the docstring style conventions in PEP 257\n"}
[78.930133] (mir_navigation) StdoutLine: {'line': b"-- Added test 'xmllint' to check XML markup files\n"}
[78.933372] (mir_navigation) StdoutLine: {'line': b'-- Configuring done\n'}
[78.942989] (mir_navigation) StdoutLine: {'line': b'-- Generating done\n'}
[78.949006] (mir_navigation) StdoutLine: {'line': b'-- Build files have been written to: /home/rahul/Mir_robot/build/mir_navigation\n'}
[78.970416] (mir_navigation) CommandEnded: {'returncode': 0}
[78.971457] (mir_navigation) JobProgress: {'identifier': 'mir_navigation', 'progress': 'build'}
[78.971914] (mir_navigation) Command: {'cmd': ['/usr/bin/cmake', '--build', '/home/rahul/Mir_robot/build/mir_navigation', '--', '-j4', '-l4'], 'cwd': '/home/rahul/Mir_robot/build/mir_navigation', 'env': OrderedDict([('LESSOPEN', '| /usr/bin/lesspipe %s'), ('USER', 'rahul'), ('LC_TIME', 'de_DE.UTF-8'), ('XDG_SESSION_TYPE', 'wayland'), ('SHLVL', '1'), ('LD_LIBRARY_PATH', '/home/rahul/Mir_robot/install/mir_msgs/lib:/usr/lib/x86_64-linux-gnu/gazebo-11/plugins:/opt/ros/humble/opt/rviz_ogre_vendor/lib:/opt/ros/humble/lib/x86_64-linux-gnu:/opt/ros/humble/lib'), ('HOME', '/home/rahul'), ('OLDPWD', '/home/rahul'), ('DESKTOP_SESSION', 'ubuntu'), ('ROS_PYTHON_VERSION', '3'), ('GNOME_SHELL_SESSION_MODE', 'ubuntu'), ('GTK_MODULES', 'gail:atk-bridge'), ('LC_MONETARY', 'de_DE.UTF-8'), ('SYSTEMD_EXEC_PID', '6479'), ('DBUS_SESSION_BUS_ADDRESS', 'unix:path=/run/user/1000/bus'), ('COLORTERM', 'truecolor'), ('IM_CONFIG_PHASE', '1'), ('WAYLAND_DISPLAY', 'wayland-0'), ('ROS_DISTRO', 'humble'), ('LOGNAME', 'rahul'), ('_', '/usr/bin/colcon'), ('ROS_VERSION', '2'), ('XDG_SESSION_CLASS', 'user'), ('USERNAME', 'rahul'), ('TERM', 'xterm-256color'), ('GNOME_DESKTOP_SESSION_ID', 'this-is-deprecated'), ('ROS_LOCALHOST_ONLY', '0'), ('PATH', '/opt/ros/humble/bin:/home/rahul/.local/bin:/usr/local/sbin:/usr/local/bin:/usr/sbin:/usr/bin:/sbin:/bin:/usr/games:/usr/local/games:/snap/bin:/snap/bin'), ('SESSION_MANAGER', 'local/rahul-Inspiron-5559:@/tmp/.ICE-unix/2054,unix/rahul-Inspiron-5559:/tmp/.ICE-unix/2054'), ('XDG_MENU_PREFIX', 'gnome-'), ('LC_ADDRESS', 'de_DE.UTF-8'), ('GNOME_TERMINAL_SCREEN', '/org/gnome/Terminal/screen/351eedeb_30dc_418d_b420_34c5a0c83961'), ('GNOME_SETUP_DISPLAY', ':1'), ('XDG_RUNTIME_DIR', '/run/user/1000'), ('DISPLAY', ':0'), ('LANG', 'en_US.UTF-8'), ('XDG_CURRENT_DESKTOP', 'ubuntu:GNOME'), ('LC_TELEPHONE', 'de_DE.UTF-8'), ('XMODIFIERS', '@im=ibus'), ('XDG_SESSION_DESKTOP', 'ubuntu'), ('XAUTHORITY', '/run/user/1000/.mutter-Xwaylandauth.VYRET3'), ('LS_COLORS', 'rs=0:di=01;34:ln=01;36:mh=00:pi=40;33:so=01;35:do=01;35:bd=40;33;01:cd=40;33;01:or=40;31;01:mi=00:su=37;41:sg=30;43:ca=30;41:tw=30;42:ow=34;42:st=37;44:ex=01;32:*.tar=01;31:*.tgz=01;31:*.arc=01;31:*.arj=01;31:*.taz=01;31:*.lha=01;31:*.lz4=01;31:*.lzh=01;31:*.lzma=01;31:*.tlz=01;31:*.txz=01;31:*.tzo=01;31:*.t7z=01;31:*.zip=01;31:*.z=01;31:*.dz=01;31:*.gz=01;31:*.lrz=01;31:*.lz=01;31:*.lzo=01;31:*.xz=01;31:*.zst=01;31:*.tzst=01;31:*.bz2=01;31:*.bz=01;31:*.tbz=01;31:*.tbz2=01;31:*.tz=01;31:*.deb=01;31:*.rpm=01;31:*.jar=01;31:*.war=01;31:*.ear=01;31:*.sar=01;31:*.rar=01;31:*.alz=01;31:*.ace=01;31:*.zoo=01;31:*.cpio=01;31:*.7z=01;31:*.rz=01;31:*.cab=01;31:*.wim=01;31:*.swm=01;31:*.dwm=01;31:*.esd=01;31:*.jpg=01;35:*.jpeg=01;35:*.mjpg=01;35:*.mjpeg=01;35:*.gif=01;35:*.bmp=01;35:*.pbm=01;35:*.pgm=01;35:*.ppm=01;35:*.tga=01;35:*.xbm=01;35:*.xpm=01;35:*.tif=01;35:*.tiff=01;35:*.png=01;35:*.svg=01;35:*.svgz=01;35:*.mng=01;35:*.pcx=01;35:*.mov=01;35:*.mpg=01;35:*.mpeg=01;35:*.m2v=01;35:*.mkv=01;35:*.webm=01;35:*.webp=01;35:*.ogm=01;35:*.mp4=01;35:*.m4v=01;35:*.mp4v=01;35:*.vob=01;35:*.qt=01;35:*.nuv=01;35:*.wmv=01;35:*.asf=01;35:*.rm=01;35:*.rmvb=01;35:*.flc=01;35:*.avi=01;35:*.fli=01;35:*.flv=01;35:*.gl=01;35:*.dl=01;35:*.xcf=01;35:*.xwd=01;35:*.yuv=01;35:*.cgm=01;35:*.emf=01;35:*.ogv=01;35:*.ogx=01;35:*.aac=00;36:*.au=00;36:*.flac=00;36:*.m4a=00;36:*.mid=00;36:*.midi=00;36:*.mka=00;36:*.mp3=00;36:*.mpc=00;36:*.ogg=00;36:*.ra=00;36:*.wav=00;36:*.oga=00;36:*.opus=00;36:*.spx=00;36:*.xspf=00;36:'), ('GNOME_TERMINAL_SERVICE', ':1.120'), ('SSH_AGENT_LAUNCHER', 'gnome-keyring'), ('SSH_AUTH_SOCK', '/run/user/1000/keyring/ssh'), ('AMENT_PREFIX_PATH', '/home/rahul/Mir_robot/install/mir_driver:/home/rahul/Mir_robot/install/twist_stamper:/home/rahul/Mir_robot/install/mir_msgs:/home/rahul/Mir_robot/install/mir_description:/home/rahul/Mir_robot/install/ira_laser_tools:/opt/ros/humble'), ('SHELL', '/bin/bash'), ('LC_NAME', 'de_DE.UTF-8'), ('QT_ACCESSIBILITY', '1'), ('GDMSESSION', 'ubuntu'), ('LESSCLOSE', '/usr/bin/lesspipe %s %s'), ('LC_MEASUREMENT', 'de_DE.UTF-8'), ('LC_IDENTIFICATION', 'de_DE.UTF-8'), ('QT_IM_MODULE', 'ibus'), ('PWD', '/home/rahul/Mir_robot/build/mir_navigation'), ('XDG_CONFIG_DIRS', '/etc/xdg/xdg-ubuntu:/etc/xdg'), ('XDG_DATA_DIRS', '/usr/share/ubuntu:/usr/local/share/:/usr/share/:/var/lib/snapd/desktop'), ('PYTHONPATH', '/home/rahul/Mir_robot/build/mir_driver:/home/rahul/Mir_robot/install/mir_driver/lib/python3.10/site-packages:/home/rahul/Mir_robot/build/twist_stamper:/home/rahul/Mir_robot/install/twist_stamper/lib/python3.10/site-packages:/home/rahul/Mir_robot/install/mir_msgs/local/lib/python3.10/dist-packages:/opt/ros/humble/lib/python3.10/site-packages:/opt/ros/humble/local/lib/python3.10/dist-packages'), ('LC_NUMERIC', 'de_DE.UTF-8'), ('LC_PAPER', 'de_DE.UTF-8'), ('COLCON', '1'), ('VTE_VERSION', '6800'), ('CMAKE_PREFIX_PATH', '/home/rahul/Mir_robot/install/mir_msgs:/home/rahul/Mir_robot/install/mir_description:/home/rahul/Mir_robot/install/ira_laser_tools:/opt/ros/humble')]), 'shell': False}
[79.012955] (-) TimerEvent: {}
[79.018720] (mir_gazebo) StdoutLine: {'line': b'-- OpenNI found (version: 1.5.4.0, include: /usr/include/ni, lib: /usr/lib/libOpenNI.so;libusb::libusb)\n'}
[79.028930] (mir_navigation) CommandEnded: {'returncode': 0}
[79.029886] (mir_navigation) JobProgress: {'identifier': 'mir_navigation', 'progress': 'install'}
[79.030467] (mir_navigation) Command: {'cmd': ['/usr/bin/cmake', '--install', '/home/rahul/Mir_robot/build/mir_navigation'], 'cwd': '/home/rahul/Mir_robot/build/mir_navigation', 'env': OrderedDict([('LESSOPEN', '| /usr/bin/lesspipe %s'), ('USER', 'rahul'), ('LC_TIME', 'de_DE.UTF-8'), ('XDG_SESSION_TYPE', 'wayland'), ('SHLVL', '1'), ('LD_LIBRARY_PATH', '/home/rahul/Mir_robot/install/mir_msgs/lib:/usr/lib/x86_64-linux-gnu/gazebo-11/plugins:/opt/ros/humble/opt/rviz_ogre_vendor/lib:/opt/ros/humble/lib/x86_64-linux-gnu:/opt/ros/humble/lib'), ('HOME', '/home/rahul'), ('OLDPWD', '/home/rahul'), ('DESKTOP_SESSION', 'ubuntu'), ('ROS_PYTHON_VERSION', '3'), ('GNOME_SHELL_SESSION_MODE', 'ubuntu'), ('GTK_MODULES', 'gail:atk-bridge'), ('LC_MONETARY', 'de_DE.UTF-8'), ('SYSTEMD_EXEC_PID', '6479'), ('DBUS_SESSION_BUS_ADDRESS', 'unix:path=/run/user/1000/bus'), ('COLORTERM', 'truecolor'), ('IM_CONFIG_PHASE', '1'), ('WAYLAND_DISPLAY', 'wayland-0'), ('ROS_DISTRO', 'humble'), ('LOGNAME', 'rahul'), ('_', '/usr/bin/colcon'), ('ROS_VERSION', '2'), ('XDG_SESSION_CLASS', 'user'), ('USERNAME', 'rahul'), ('TERM', 'xterm-256color'), ('GNOME_DESKTOP_SESSION_ID', 'this-is-deprecated'), ('ROS_LOCALHOST_ONLY', '0'), ('PATH', '/opt/ros/humble/bin:/home/rahul/.local/bin:/usr/local/sbin:/usr/local/bin:/usr/sbin:/usr/bin:/sbin:/bin:/usr/games:/usr/local/games:/snap/bin:/snap/bin'), ('SESSION_MANAGER', 'local/rahul-Inspiron-5559:@/tmp/.ICE-unix/2054,unix/rahul-Inspiron-5559:/tmp/.ICE-unix/2054'), ('XDG_MENU_PREFIX', 'gnome-'), ('LC_ADDRESS', 'de_DE.UTF-8'), ('GNOME_TERMINAL_SCREEN', '/org/gnome/Terminal/screen/351eedeb_30dc_418d_b420_34c5a0c83961'), ('GNOME_SETUP_DISPLAY', ':1'), ('XDG_RUNTIME_DIR', '/run/user/1000'), ('DISPLAY', ':0'), ('LANG', 'en_US.UTF-8'), ('XDG_CURRENT_DESKTOP', 'ubuntu:GNOME'), ('LC_TELEPHONE', 'de_DE.UTF-8'), ('XMODIFIERS', '@im=ibus'), ('XDG_SESSION_DESKTOP', 'ubuntu'), ('XAUTHORITY', '/run/user/1000/.mutter-Xwaylandauth.VYRET3'), ('LS_COLORS', 'rs=0:di=01;34:ln=01;36:mh=00:pi=40;33:so=01;35:do=01;35:bd=40;33;01:cd=40;33;01:or=40;31;01:mi=00:su=37;41:sg=30;43:ca=30;41:tw=30;42:ow=34;42:st=37;44:ex=01;32:*.tar=01;31:*.tgz=01;31:*.arc=01;31:*.arj=01;31:*.taz=01;31:*.lha=01;31:*.lz4=01;31:*.lzh=01;31:*.lzma=01;31:*.tlz=01;31:*.txz=01;31:*.tzo=01;31:*.t7z=01;31:*.zip=01;31:*.z=01;31:*.dz=01;31:*.gz=01;31:*.lrz=01;31:*.lz=01;31:*.lzo=01;31:*.xz=01;31:*.zst=01;31:*.tzst=01;31:*.bz2=01;31:*.bz=01;31:*.tbz=01;31:*.tbz2=01;31:*.tz=01;31:*.deb=01;31:*.rpm=01;31:*.jar=01;31:*.war=01;31:*.ear=01;31:*.sar=01;31:*.rar=01;31:*.alz=01;31:*.ace=01;31:*.zoo=01;31:*.cpio=01;31:*.7z=01;31:*.rz=01;31:*.cab=01;31:*.wim=01;31:*.swm=01;31:*.dwm=01;31:*.esd=01;31:*.jpg=01;35:*.jpeg=01;35:*.mjpg=01;35:*.mjpeg=01;35:*.gif=01;35:*.bmp=01;35:*.pbm=01;35:*.pgm=01;35:*.ppm=01;35:*.tga=01;35:*.xbm=01;35:*.xpm=01;35:*.tif=01;35:*.tiff=01;35:*.png=01;35:*.svg=01;35:*.svgz=01;35:*.mng=01;35:*.pcx=01;35:*.mov=01;35:*.mpg=01;35:*.mpeg=01;35:*.m2v=01;35:*.mkv=01;35:*.webm=01;35:*.webp=01;35:*.ogm=01;35:*.mp4=01;35:*.m4v=01;35:*.mp4v=01;35:*.vob=01;35:*.qt=01;35:*.nuv=01;35:*.wmv=01;35:*.asf=01;35:*.rm=01;35:*.rmvb=01;35:*.flc=01;35:*.avi=01;35:*.fli=01;35:*.flv=01;35:*.gl=01;35:*.dl=01;35:*.xcf=01;35:*.xwd=01;35:*.yuv=01;35:*.cgm=01;35:*.emf=01;35:*.ogv=01;35:*.ogx=01;35:*.aac=00;36:*.au=00;36:*.flac=00;36:*.m4a=00;36:*.mid=00;36:*.midi=00;36:*.mka=00;36:*.mp3=00;36:*.mpc=00;36:*.ogg=00;36:*.ra=00;36:*.wav=00;36:*.oga=00;36:*.opus=00;36:*.spx=00;36:*.xspf=00;36:'), ('GNOME_TERMINAL_SERVICE', ':1.120'), ('SSH_AGENT_LAUNCHER', 'gnome-keyring'), ('SSH_AUTH_SOCK', '/run/user/1000/keyring/ssh'), ('AMENT_PREFIX_PATH', '/home/rahul/Mir_robot/install/mir_driver:/home/rahul/Mir_robot/install/twist_stamper:/home/rahul/Mir_robot/install/mir_msgs:/home/rahul/Mir_robot/install/mir_description:/home/rahul/Mir_robot/install/ira_laser_tools:/opt/ros/humble'), ('SHELL', '/bin/bash'), ('LC_NAME', 'de_DE.UTF-8'), ('QT_ACCESSIBILITY', '1'), ('GDMSESSION', 'ubuntu'), ('LESSCLOSE', '/usr/bin/lesspipe %s %s'), ('LC_MEASUREMENT', 'de_DE.UTF-8'), ('LC_IDENTIFICATION', 'de_DE.UTF-8'), ('QT_IM_MODULE', 'ibus'), ('PWD', '/home/rahul/Mir_robot/build/mir_navigation'), ('XDG_CONFIG_DIRS', '/etc/xdg/xdg-ubuntu:/etc/xdg'), ('XDG_DATA_DIRS', '/usr/share/ubuntu:/usr/local/share/:/usr/share/:/var/lib/snapd/desktop'), ('PYTHONPATH', '/home/rahul/Mir_robot/build/mir_driver:/home/rahul/Mir_robot/install/mir_driver/lib/python3.10/site-packages:/home/rahul/Mir_robot/build/twist_stamper:/home/rahul/Mir_robot/install/twist_stamper/lib/python3.10/site-packages:/home/rahul/Mir_robot/install/mir_msgs/local/lib/python3.10/dist-packages:/opt/ros/humble/lib/python3.10/site-packages:/opt/ros/humble/local/lib/python3.10/dist-packages'), ('LC_NUMERIC', 'de_DE.UTF-8'), ('LC_PAPER', 'de_DE.UTF-8'), ('COLCON', '1'), ('VTE_VERSION', '6800'), ('CMAKE_PREFIX_PATH', '/home/rahul/Mir_robot/install/mir_msgs:/home/rahul/Mir_robot/install/mir_description:/home/rahul/Mir_robot/install/ira_laser_tools:/opt/ros/humble')]), 'shell': False}
[79.041845] (mir_navigation) StdoutLine: {'line': b'-- Install configuration: ""\n'}
[79.042513] (mir_navigation) StdoutLine: {'line': b'-- Execute custom install script\n'}
[79.043200] (mir_navigation) StdoutLine: {'line': b'-- Symlinking: /home/rahul/Mir_robot/install/mir_navigation/share/mir_navigation/config/mir_mapping_async.yaml\n'}
[79.054705] (mir_navigation) StdoutLine: {'line': b'-- Symlinking: /home/rahul/Mir_robot/install/mir_navigation/share/mir_navigation/config/mir_mapping_async_namespaced.yaml\n'}
[79.066248] (mir_navigation) StdoutLine: {'line': b'-- Symlinking: /home/rahul/Mir_robot/install/mir_navigation/share/mir_navigation/config/mir_mapping_async_sim.yaml\n'}
[79.077523] (mir_navigation) StdoutLine: {'line': b'-- Symlinking: /home/rahul/Mir_robot/install/mir_navigation/share/mir_navigation/config/mir_mapping_async_sim_namespaced.yaml\n'}
[79.088898] (mir_navigation) StdoutLine: {'line': b'-- Symlinking: /home/rahul/Mir_robot/install/mir_navigation/share/mir_navigation/config/mir_nav_params.yaml\n'}
[79.100022] (mir_navigation) StdoutLine: {'line': b'-- Symlinking: /home/rahul/Mir_robot/install/mir_navigation/share/mir_navigation/config/mir_nav_params_namespaced.yaml\n'}
[79.111645] (mir_navigation) StdoutLine: {'line': b'-- Symlinking: /home/rahul/Mir_robot/install/mir_navigation/share/mir_navigation/launch/include/amcl.py\n'}
[79.113025] (-) TimerEvent: {}
[79.123100] (mir_navigation) StdoutLine: {'line': b'-- Symlinking: /home/rahul/Mir_robot/install/mir_navigation/share/mir_navigation/launch/include/mapping.py\n'}
[79.134479] (mir_navigation) StdoutLine: {'line': b'-- Symlinking: /home/rahul/Mir_robot/install/mir_navigation/share/mir_navigation/launch/include/navigation.py\n'}
[79.146836] (mir_navigation) StdoutLine: {'line': b'-- Symlinking: /home/rahul/Mir_robot/install/mir_navigation/share/mir_navigation/launch/mir_mapping_launch.py\n'}
[79.161978] (mir_navigation) StdoutLine: {'line': b'-- Symlinking: /home/rahul/Mir_robot/install/mir_navigation/share/mir_navigation/launch/mir_nav_launch.py\n'}
[79.173523] (mir_navigation) StdoutLine: {'line': b'-- Symlinking: /home/rahul/Mir_robot/install/mir_navigation/share/mir_navigation/rviz/mir_mapping.rviz\n'}
[79.184979] (mir_navigation) StdoutLine: {'line': b'-- Symlinking: /home/rahul/Mir_robot/install/mir_navigation/share/mir_navigation/rviz/mir_mapping_nav.rviz\n'}
[79.196103] (mir_navigation) StdoutLine: {'line': b'-- Symlinking: /home/rahul/Mir_robot/install/mir_navigation/share/mir_navigation/rviz/mir_nav.rviz\n'}
[79.207758] (mir_navigation) StdoutLine: {'line': b'-- Symlinking: /home/rahul/Mir_robot/install/mir_navigation/share/mir_navigation/rviz/mir_visu.rviz\n'}
[79.213109] (-) TimerEvent: {}
[79.219633] (mir_navigation) StdoutLine: {'line': b'-- Symlinking: /home/rahul/Mir_robot/install/mir_navigation/share/mir_navigation/maps/maze.data\n'}
[79.226477] (mir_gazebo) StdoutLine: {'line': b'-- Found PCL_COMMON: /usr/lib/x86_64-linux-gnu/libpcl_common.so  \n'}
[79.227791] (mir_gazebo) StdoutLine: {'line': b'-- Found PCL_KDTREE: /usr/lib/x86_64-linux-gnu/libpcl_kdtree.so  \n'}
[79.229772] (mir_gazebo) StdoutLine: {'line': b'-- Found PCL_OCTREE: /usr/lib/x86_64-linux-gnu/libpcl_octree.so  \n'}
[79.231179] (mir_gazebo) StdoutLine: {'line': b'-- Found PCL_SEARCH: /usr/lib/x86_64-linux-gnu/libpcl_search.so  \n'}
[79.231428] (mir_navigation) StdoutLine: {'line': b'-- Symlinking: /home/rahul/Mir_robot/install/mir_navigation/share/mir_navigation/maps/maze.pgm\n'}
[79.232675] (mir_gazebo) StdoutLine: {'line': b'-- Found PCL_SAMPLE_CONSENSUS: /usr/lib/x86_64-linux-gnu/libpcl_sample_consensus.so  \n'}
[79.234030] (mir_gazebo) StdoutLine: {'line': b'-- Found PCL_FILTERS: /usr/lib/x86_64-linux-gnu/libpcl_filters.so  \n'}
[79.235415] (mir_gazebo) StdoutLine: {'line': b'-- Found PCL_2D: /usr/include/pcl-1.12  \n'}
[79.236002] (mir_gazebo) StdoutLine: {'line': b'-- Found PCL_GEOMETRY: /usr/include/pcl-1.12  \n'}
[79.237499] (mir_gazebo) StdoutLine: {'line': b'-- Found PCL_IO: /usr/lib/x86_64-linux-gnu/libpcl_io.so  \n'}
[79.239426] (mir_gazebo) StdoutLine: {'line': b'-- Found PCL_FEATURES: /usr/lib/x86_64-linux-gnu/libpcl_features.so  \n'}
[79.241514] (mir_gazebo) StdoutLine: {'line': b'-- Found PCL_ML: /usr/lib/x86_64-linux-gnu/libpcl_ml.so  \n'}
[79.242999] (mir_gazebo) StdoutLine: {'line': b'-- Found PCL_SEGMENTATION: /usr/lib/x86_64-linux-gnu/libpcl_segmentation.so  \n'}
[79.244030] (mir_navigation) StdoutLine: {'line': b'-- Symlinking: /home/rahul/Mir_robot/install/mir_navigation/share/mir_navigation/maps/maze.posegraph\n'}
[79.246078] (mir_gazebo) StdoutLine: {'line': b'-- Found PCL_VISUALIZATION: /usr/lib/x86_64-linux-gnu/libpcl_visualization.so  \n'}
[79.248210] (mir_gazebo) StdoutLine: {'line': b'-- Found PCL_SURFACE: /usr/lib/x86_64-linux-gnu/libpcl_surface.so  \n'}
[79.249950] (mir_gazebo) StdoutLine: {'line': b'-- Found PCL_REGISTRATION: /usr/lib/x86_64-linux-gnu/libpcl_registration.so  \n'}
[79.251755] (mir_gazebo) StdoutLine: {'line': b'-- Found PCL_KEYPOINTS: /usr/lib/x86_64-linux-gnu/libpcl_keypoints.so  \n'}
[79.253329] (mir_gazebo) StdoutLine: {'line': b'-- Found PCL_TRACKING: /usr/lib/x86_64-linux-gnu/libpcl_tracking.so  \n'}
[79.254757] (mir_gazebo) StdoutLine: {'line': b'-- Found PCL_RECOGNITION: /usr/lib/x86_64-linux-gnu/libpcl_recognition.so  \n'}
[79.256225] (mir_navigation) StdoutLine: {'line': b'-- Symlinking: /home/rahul/Mir_robot/install/mir_navigation/share/mir_navigation/maps/maze.yaml\n'}
[79.256514] (mir_gazebo) StdoutLine: {'line': b'-- Found PCL_STEREO: /usr/lib/x86_64-linux-gnu/libpcl_stereo.so  \n'}
[79.257804] (mir_gazebo) StdoutLine: {'line': b'-- Found PCL_APPS: /usr/lib/x86_64-linux-gnu/libpcl_apps.so  \n'}
[79.258968] (mir_gazebo) StdoutLine: {'line': b'-- Found PCL_IN_HAND_SCANNER: /usr/include/pcl-1.12  \n'}
[79.259549] (mir_gazebo) StdoutLine: {'line': b'-- Found PCL_MODELER: /usr/include/pcl-1.12  \n'}
[79.260492] (mir_gazebo) StdoutLine: {'line': b'-- Found PCL_POINT_CLOUD_EDITOR: /usr/include/pcl-1.12  \n'}
[79.262239] (mir_gazebo) StdoutLine: {'line': b'-- Found PCL_OUTOFCORE: /usr/lib/x86_64-linux-gnu/libpcl_outofcore.so  \n'}
[79.264190] (mir_gazebo) StdoutLine: {'line': b'-- Found PCL_PEOPLE: /usr/lib/x86_64-linux-gnu/libpcl_people.so  \n'}
[79.269360] (mir_navigation) StdoutLine: {'line': b'-- Symlinking: /home/rahul/Mir_robot/install/mir_navigation/share/mir_navigation/behavior_trees/navigate_to_pose_w_replanning_and_recovery.xml\n'}
[79.281617] (mir_navigation) StdoutLine: {'line': b'-- Symlinking: /home/rahul/Mir_robot/install/mir_navigation/share/ament_index/resource_index/package_run_dependencies/mir_navigation\n'}
[79.293011] (mir_navigation) StdoutLine: {'line': b'-- Symlinking: /home/rahul/Mir_robot/install/mir_navigation/share/ament_index/resource_index/parent_prefix_path/mir_navigation\n'}
[79.301132] (mir_gazebo) StdoutLine: {'line': b'-- Found Eigen3: TRUE (found version "3.4.0") \n'}
[79.301390] (mir_gazebo) StdoutLine: {'line': b'-- Ensuring Eigen3 include directory is part of orocos-kdl CMake target\n'}
[79.304657] (mir_navigation) StdoutLine: {'line': b'-- Symlinking: /home/rahul/Mir_robot/install/mir_navigation/share/mir_navigation/environment/ament_prefix_path.sh\n'}
[79.310120] (mir_gazebo) StdoutLine: {'line': b'-- Found ament_lint_auto: 0.12.15 (/opt/ros/humble/share/ament_lint_auto/cmake)\n'}
[79.313227] (-) TimerEvent: {}
[79.316402] (mir_navigation) StdoutLine: {'line': b'-- Symlinking: /home/rahul/Mir_robot/install/mir_navigation/share/mir_navigation/environment/ament_prefix_path.dsv\n'}
[79.327846] (mir_navigation) StdoutLine: {'line': b'-- Symlinking: /home/rahul/Mir_robot/install/mir_navigation/share/mir_navigation/environment/path.sh\n'}
[79.340678] (mir_navigation) StdoutLine: {'line': b'-- Symlinking: /home/rahul/Mir_robot/install/mir_navigation/share/mir_navigation/environment/path.dsv\n'}
[79.351514] (mir_navigation) StdoutLine: {'line': b'-- Symlinking: /home/rahul/Mir_robot/install/mir_navigation/share/mir_navigation/local_setup.bash\n'}
[79.363378] (mir_navigation) StdoutLine: {'line': b'-- Symlinking: /home/rahul/Mir_robot/install/mir_navigation/share/mir_navigation/local_setup.sh\n'}
[79.375219] (mir_navigation) StdoutLine: {'line': b'-- Symlinking: /home/rahul/Mir_robot/install/mir_navigation/share/mir_navigation/local_setup.zsh\n'}
[79.387407] (mir_navigation) StdoutLine: {'line': b'-- Symlinking: /home/rahul/Mir_robot/install/mir_navigation/share/mir_navigation/local_setup.dsv\n'}
[79.398772] (mir_navigation) StdoutLine: {'line': b'-- Symlinking: /home/rahul/Mir_robot/install/mir_navigation/share/mir_navigation/package.dsv\n'}
[79.410243] (mir_navigation) StdoutLine: {'line': b'-- Symlinking: /home/rahul/Mir_robot/install/mir_navigation/share/ament_index/resource_index/packages/mir_navigation\n'}
[79.413323] (-) TimerEvent: {}
[79.421758] (mir_navigation) StdoutLine: {'line': b'-- Symlinking: /home/rahul/Mir_robot/install/mir_navigation/share/mir_navigation/cmake/mir_navigationConfig.cmake\n'}
[79.425501] (mir_gazebo) StdoutLine: {'line': b"-- Added test 'copyright' to check source files copyright and LICENSE\n"}
[79.433882] (mir_navigation) StdoutLine: {'line': b'-- Symlinking: /home/rahul/Mir_robot/install/mir_navigation/share/mir_navigation/cmake/mir_navigationConfig-version.cmake\n'}
[79.438861] (mir_gazebo) StdoutLine: {'line': b"-- Added test 'flake8' to check Python code syntax and style conventions\n"}
[79.441486] (mir_gazebo) StdoutLine: {'line': b"-- Added test 'lint_cmake' to check CMake code style\n"}
[79.442677] (mir_gazebo) StdoutLine: {'line': b"-- Added test 'pep257' to check Python code against some of the docstring style conventions in PEP 257\n"}
[79.446032] (mir_navigation) StdoutLine: {'line': b'-- Symlinking: /home/rahul/Mir_robot/install/mir_navigation/share/mir_navigation/package.xml\n'}
[79.448666] (mir_gazebo) StdoutLine: {'line': b"-- Added test 'xmllint' to check XML markup files\n"}
[79.450824] (mir_gazebo) StdoutLine: {'line': b'-- Configuring done\n'}
[79.459961] (mir_navigation) CommandEnded: {'returncode': 0}
[79.467982] (mir_gazebo) StdoutLine: {'line': b'-- Generating done\n'}
[79.476301] (mir_gazebo) StdoutLine: {'line': b'-- Build files have been written to: /home/rahul/Mir_robot/build/mir_gazebo\n'}
[79.481976] (mir_navigation) JobEnded: {'identifier': 'mir_navigation', 'rc': 0}
[79.504725] (mir_gazebo) CommandEnded: {'returncode': 0}
[79.505750] (mir_gazebo) JobProgress: {'identifier': 'mir_gazebo', 'progress': 'build'}
[79.506623] (mir_gazebo) Command: {'cmd': ['/usr/bin/cmake', '--build', '/home/rahul/Mir_robot/build/mir_gazebo', '--', '-j4', '-l4'], 'cwd': '/home/rahul/Mir_robot/build/mir_gazebo', 'env': OrderedDict([('LESSOPEN', '| /usr/bin/lesspipe %s'), ('USER', 'rahul'), ('LC_TIME', 'de_DE.UTF-8'), ('XDG_SESSION_TYPE', 'wayland'), ('SHLVL', '1'), ('LD_LIBRARY_PATH', '/usr/lib/x86_64-linux-gnu/gazebo-11/plugins:/opt/ros/humble/opt/rviz_ogre_vendor/lib:/opt/ros/humble/lib/x86_64-linux-gnu:/opt/ros/humble/lib'), ('HOME', '/home/rahul'), ('OLDPWD', '/home/rahul'), ('DESKTOP_SESSION', 'ubuntu'), ('ROS_PYTHON_VERSION', '3'), ('GNOME_SHELL_SESSION_MODE', 'ubuntu'), ('GTK_MODULES', 'gail:atk-bridge'), ('LC_MONETARY', 'de_DE.UTF-8'), ('SYSTEMD_EXEC_PID', '6479'), ('DBUS_SESSION_BUS_ADDRESS', 'unix:path=/run/user/1000/bus'), ('COLORTERM', 'truecolor'), ('IM_CONFIG_PHASE', '1'), ('WAYLAND_DISPLAY', 'wayland-0'), ('ROS_DISTRO', 'humble'), ('LOGNAME', 'rahul'), ('_', '/usr/bin/colcon'), ('ROS_VERSION', '2'), ('XDG_SESSION_CLASS', 'user'), ('USERNAME', 'rahul'), ('TERM', 'xterm-256color'), ('GNOME_DESKTOP_SESSION_ID', 'this-is-deprecated'), ('ROS_LOCALHOST_ONLY', '0'), ('PATH', '/opt/ros/humble/bin:/home/rahul/.local/bin:/usr/local/sbin:/usr/local/bin:/usr/sbin:/usr/bin:/sbin:/bin:/usr/games:/usr/local/games:/snap/bin:/snap/bin'), ('SESSION_MANAGER', 'local/rahul-Inspiron-5559:@/tmp/.ICE-unix/2054,unix/rahul-Inspiron-5559:/tmp/.ICE-unix/2054'), ('XDG_MENU_PREFIX', 'gnome-'), ('LC_ADDRESS', 'de_DE.UTF-8'), ('GNOME_TERMINAL_SCREEN', '/org/gnome/Terminal/screen/351eedeb_30dc_418d_b420_34c5a0c83961'), ('GNOME_SETUP_DISPLAY', ':1'), ('XDG_RUNTIME_DIR', '/run/user/1000'), ('DISPLAY', ':0'), ('LANG', 'en_US.UTF-8'), ('XDG_CURRENT_DESKTOP', 'ubuntu:GNOME'), ('LC_TELEPHONE', 'de_DE.UTF-8'), ('XMODIFIERS', '@im=ibus'), ('XDG_SESSION_DESKTOP', 'ubuntu'), ('XAUTHORITY', '/run/user/1000/.mutter-Xwaylandauth.VYRET3'), ('LS_COLORS', 'rs=0:di=01;34:ln=01;36:mh=00:pi=40;33:so=01;35:do=01;35:bd=40;33;01:cd=40;33;01:or=40;31;01:mi=00:su=37;41:sg=30;43:ca=30;41:tw=30;42:ow=34;42:st=37;44:ex=01;32:*.tar=01;31:*.tgz=01;31:*.arc=01;31:*.arj=01;31:*.taz=01;31:*.lha=01;31:*.lz4=01;31:*.lzh=01;31:*.lzma=01;31:*.tlz=01;31:*.txz=01;31:*.tzo=01;31:*.t7z=01;31:*.zip=01;31:*.z=01;31:*.dz=01;31:*.gz=01;31:*.lrz=01;31:*.lz=01;31:*.lzo=01;31:*.xz=01;31:*.zst=01;31:*.tzst=01;31:*.bz2=01;31:*.bz=01;31:*.tbz=01;31:*.tbz2=01;31:*.tz=01;31:*.deb=01;31:*.rpm=01;31:*.jar=01;31:*.war=01;31:*.ear=01;31:*.sar=01;31:*.rar=01;31:*.alz=01;31:*.ace=01;31:*.zoo=01;31:*.cpio=01;31:*.7z=01;31:*.rz=01;31:*.cab=01;31:*.wim=01;31:*.swm=01;31:*.dwm=01;31:*.esd=01;31:*.jpg=01;35:*.jpeg=01;35:*.mjpg=01;35:*.mjpeg=01;35:*.gif=01;35:*.bmp=01;35:*.pbm=01;35:*.pgm=01;35:*.ppm=01;35:*.tga=01;35:*.xbm=01;35:*.xpm=01;35:*.tif=01;35:*.tiff=01;35:*.png=01;35:*.svg=01;35:*.svgz=01;35:*.mng=01;35:*.pcx=01;35:*.mov=01;35:*.mpg=01;35:*.mpeg=01;35:*.m2v=01;35:*.mkv=01;35:*.webm=01;35:*.webp=01;35:*.ogm=01;35:*.mp4=01;35:*.m4v=01;35:*.mp4v=01;35:*.vob=01;35:*.qt=01;35:*.nuv=01;35:*.wmv=01;35:*.asf=01;35:*.rm=01;35:*.rmvb=01;35:*.flc=01;35:*.avi=01;35:*.fli=01;35:*.flv=01;35:*.gl=01;35:*.dl=01;35:*.xcf=01;35:*.xwd=01;35:*.yuv=01;35:*.cgm=01;35:*.emf=01;35:*.ogv=01;35:*.ogx=01;35:*.aac=00;36:*.au=00;36:*.flac=00;36:*.m4a=00;36:*.mid=00;36:*.midi=00;36:*.mka=00;36:*.mp3=00;36:*.mpc=00;36:*.ogg=00;36:*.ra=00;36:*.wav=00;36:*.oga=00;36:*.opus=00;36:*.spx=00;36:*.xspf=00;36:'), ('GNOME_TERMINAL_SERVICE', ':1.120'), ('SSH_AGENT_LAUNCHER', 'gnome-keyring'), ('SSH_AUTH_SOCK', '/run/user/1000/keyring/ssh'), ('AMENT_PREFIX_PATH', '/home/rahul/Mir_robot/install/mir_description:/home/rahul/Mir_robot/install/ira_laser_tools:/opt/ros/humble'), ('SHELL', '/bin/bash'), ('LC_NAME', 'de_DE.UTF-8'), ('QT_ACCESSIBILITY', '1'), ('GDMSESSION', 'ubuntu'), ('LESSCLOSE', '/usr/bin/lesspipe %s %s'), ('LC_MEASUREMENT', 'de_DE.UTF-8'), ('LC_IDENTIFICATION', 'de_DE.UTF-8'), ('QT_IM_MODULE', 'ibus'), ('PWD', '/home/rahul/Mir_robot/build/mir_gazebo'), ('XDG_CONFIG_DIRS', '/etc/xdg/xdg-ubuntu:/etc/xdg'), ('XDG_DATA_DIRS', '/usr/share/ubuntu:/usr/local/share/:/usr/share/:/var/lib/snapd/desktop'), ('PYTHONPATH', '/opt/ros/humble/lib/python3.10/site-packages:/opt/ros/humble/local/lib/python3.10/dist-packages'), ('LC_NUMERIC', 'de_DE.UTF-8'), ('LC_PAPER', 'de_DE.UTF-8'), ('COLCON', '1'), ('VTE_VERSION', '6800'), ('CMAKE_PREFIX_PATH', '/home/rahul/Mir_robot/install/mir_description:/home/rahul/Mir_robot/install/ira_laser_tools:/opt/ros/humble')]), 'shell': False}
[79.513436] (-) TimerEvent: {}
[79.568973] (mir_gazebo) CommandEnded: {'returncode': 0}
[79.570121] (mir_gazebo) JobProgress: {'identifier': 'mir_gazebo', 'progress': 'install'}
[79.571657] (mir_gazebo) Command: {'cmd': ['/usr/bin/cmake', '--install', '/home/rahul/Mir_robot/build/mir_gazebo'], 'cwd': '/home/rahul/Mir_robot/build/mir_gazebo', 'env': OrderedDict([('LESSOPEN', '| /usr/bin/lesspipe %s'), ('USER', 'rahul'), ('LC_TIME', 'de_DE.UTF-8'), ('XDG_SESSION_TYPE', 'wayland'), ('SHLVL', '1'), ('LD_LIBRARY_PATH', '/usr/lib/x86_64-linux-gnu/gazebo-11/plugins:/opt/ros/humble/opt/rviz_ogre_vendor/lib:/opt/ros/humble/lib/x86_64-linux-gnu:/opt/ros/humble/lib'), ('HOME', '/home/rahul'), ('OLDPWD', '/home/rahul'), ('DESKTOP_SESSION', 'ubuntu'), ('ROS_PYTHON_VERSION', '3'), ('GNOME_SHELL_SESSION_MODE', 'ubuntu'), ('GTK_MODULES', 'gail:atk-bridge'), ('LC_MONETARY', 'de_DE.UTF-8'), ('SYSTEMD_EXEC_PID', '6479'), ('DBUS_SESSION_BUS_ADDRESS', 'unix:path=/run/user/1000/bus'), ('COLORTERM', 'truecolor'), ('IM_CONFIG_PHASE', '1'), ('WAYLAND_DISPLAY', 'wayland-0'), ('ROS_DISTRO', 'humble'), ('LOGNAME', 'rahul'), ('_', '/usr/bin/colcon'), ('ROS_VERSION', '2'), ('XDG_SESSION_CLASS', 'user'), ('USERNAME', 'rahul'), ('TERM', 'xterm-256color'), ('GNOME_DESKTOP_SESSION_ID', 'this-is-deprecated'), ('ROS_LOCALHOST_ONLY', '0'), ('PATH', '/opt/ros/humble/bin:/home/rahul/.local/bin:/usr/local/sbin:/usr/local/bin:/usr/sbin:/usr/bin:/sbin:/bin:/usr/games:/usr/local/games:/snap/bin:/snap/bin'), ('SESSION_MANAGER', 'local/rahul-Inspiron-5559:@/tmp/.ICE-unix/2054,unix/rahul-Inspiron-5559:/tmp/.ICE-unix/2054'), ('XDG_MENU_PREFIX', 'gnome-'), ('LC_ADDRESS', 'de_DE.UTF-8'), ('GNOME_TERMINAL_SCREEN', '/org/gnome/Terminal/screen/351eedeb_30dc_418d_b420_34c5a0c83961'), ('GNOME_SETUP_DISPLAY', ':1'), ('XDG_RUNTIME_DIR', '/run/user/1000'), ('DISPLAY', ':0'), ('LANG', 'en_US.UTF-8'), ('XDG_CURRENT_DESKTOP', 'ubuntu:GNOME'), ('LC_TELEPHONE', 'de_DE.UTF-8'), ('XMODIFIERS', '@im=ibus'), ('XDG_SESSION_DESKTOP', 'ubuntu'), ('XAUTHORITY', '/run/user/1000/.mutter-Xwaylandauth.VYRET3'), ('LS_COLORS', 'rs=0:di=01;34:ln=01;36:mh=00:pi=40;33:so=01;35:do=01;35:bd=40;33;01:cd=40;33;01:or=40;31;01:mi=00:su=37;41:sg=30;43:ca=30;41:tw=30;42:ow=34;42:st=37;44:ex=01;32:*.tar=01;31:*.tgz=01;31:*.arc=01;31:*.arj=01;31:*.taz=01;31:*.lha=01;31:*.lz4=01;31:*.lzh=01;31:*.lzma=01;31:*.tlz=01;31:*.txz=01;31:*.tzo=01;31:*.t7z=01;31:*.zip=01;31:*.z=01;31:*.dz=01;31:*.gz=01;31:*.lrz=01;31:*.lz=01;31:*.lzo=01;31:*.xz=01;31:*.zst=01;31:*.tzst=01;31:*.bz2=01;31:*.bz=01;31:*.tbz=01;31:*.tbz2=01;31:*.tz=01;31:*.deb=01;31:*.rpm=01;31:*.jar=01;31:*.war=01;31:*.ear=01;31:*.sar=01;31:*.rar=01;31:*.alz=01;31:*.ace=01;31:*.zoo=01;31:*.cpio=01;31:*.7z=01;31:*.rz=01;31:*.cab=01;31:*.wim=01;31:*.swm=01;31:*.dwm=01;31:*.esd=01;31:*.jpg=01;35:*.jpeg=01;35:*.mjpg=01;35:*.mjpeg=01;35:*.gif=01;35:*.bmp=01;35:*.pbm=01;35:*.pgm=01;35:*.ppm=01;35:*.tga=01;35:*.xbm=01;35:*.xpm=01;35:*.tif=01;35:*.tiff=01;35:*.png=01;35:*.svg=01;35:*.svgz=01;35:*.mng=01;35:*.pcx=01;35:*.mov=01;35:*.mpg=01;35:*.mpeg=01;35:*.m2v=01;35:*.mkv=01;35:*.webm=01;35:*.webp=01;35:*.ogm=01;35:*.mp4=01;35:*.m4v=01;35:*.mp4v=01;35:*.vob=01;35:*.qt=01;35:*.nuv=01;35:*.wmv=01;35:*.asf=01;35:*.rm=01;35:*.rmvb=01;35:*.flc=01;35:*.avi=01;35:*.fli=01;35:*.flv=01;35:*.gl=01;35:*.dl=01;35:*.xcf=01;35:*.xwd=01;35:*.yuv=01;35:*.cgm=01;35:*.emf=01;35:*.ogv=01;35:*.ogx=01;35:*.aac=00;36:*.au=00;36:*.flac=00;36:*.m4a=00;36:*.mid=00;36:*.midi=00;36:*.mka=00;36:*.mp3=00;36:*.mpc=00;36:*.ogg=00;36:*.ra=00;36:*.wav=00;36:*.oga=00;36:*.opus=00;36:*.spx=00;36:*.xspf=00;36:'), ('GNOME_TERMINAL_SERVICE', ':1.120'), ('SSH_AGENT_LAUNCHER', 'gnome-keyring'), ('SSH_AUTH_SOCK', '/run/user/1000/keyring/ssh'), ('AMENT_PREFIX_PATH', '/home/rahul/Mir_robot/install/mir_description:/home/rahul/Mir_robot/install/ira_laser_tools:/opt/ros/humble'), ('SHELL', '/bin/bash'), ('LC_NAME', 'de_DE.UTF-8'), ('QT_ACCESSIBILITY', '1'), ('GDMSESSION', 'ubuntu'), ('LESSCLOSE', '/usr/bin/lesspipe %s %s'), ('LC_MEASUREMENT', 'de_DE.UTF-8'), ('LC_IDENTIFICATION', 'de_DE.UTF-8'), ('QT_IM_MODULE', 'ibus'), ('PWD', '/home/rahul/Mir_robot/build/mir_gazebo'), ('XDG_CONFIG_DIRS', '/etc/xdg/xdg-ubuntu:/etc/xdg'), ('XDG_DATA_DIRS', '/usr/share/ubuntu:/usr/local/share/:/usr/share/:/var/lib/snapd/desktop'), ('PYTHONPATH', '/opt/ros/humble/lib/python3.10/site-packages:/opt/ros/humble/local/lib/python3.10/dist-packages'), ('LC_NUMERIC', 'de_DE.UTF-8'), ('LC_PAPER', 'de_DE.UTF-8'), ('COLCON', '1'), ('VTE_VERSION', '6800'), ('CMAKE_PREFIX_PATH', '/home/rahul/Mir_robot/install/mir_description:/home/rahul/Mir_robot/install/ira_laser_tools:/opt/ros/humble')]), 'shell': False}
[79.581600] (mir_gazebo) StdoutLine: {'line': b'-- Install configuration: ""\n'}
[79.582233] (mir_gazebo) StdoutLine: {'line': b'-- Execute custom install script\n'}
[79.582950] (mir_gazebo) StdoutLine: {'line': b'-- Symlinking: /home/rahul/Mir_robot/install/mir_gazebo/share/mir_gazebo/launch/include/mir_gazebo_common.py\n'}
[79.594389] (mir_gazebo) StdoutLine: {'line': b'-- Symlinking: /home/rahul/Mir_robot/install/mir_gazebo/share/mir_gazebo/launch/mir_gazebo_launch.py\n'}
[79.605531] (mir_gazebo) StdoutLine: {'line': b'-- Symlinking: /home/rahul/Mir_robot/install/mir_gazebo/share/mir_gazebo/launch/mobile_manipulator.launch.py\n'}
[79.613580] (-) TimerEvent: {}
[79.617437] (mir_gazebo) StdoutLine: {'line': b'-- Symlinking: /home/rahul/Mir_robot/install/mir_gazebo/share/mir_gazebo/worlds/empty.world\n'}
[79.628842] (mir_gazebo) StdoutLine: {'line': b'-- Symlinking: /home/rahul/Mir_robot/install/mir_gazebo/share/mir_gazebo/worlds/include/ground_plane/model-1_2.sdf\n'}
[79.640365] (mir_gazebo) StdoutLine: {'line': b'-- Symlinking: /home/rahul/Mir_robot/install/mir_gazebo/share/mir_gazebo/worlds/include/ground_plane/model-1_3.sdf\n'}
[79.651871] (mir_gazebo) StdoutLine: {'line': b'-- Symlinking: /home/rahul/Mir_robot/install/mir_gazebo/share/mir_gazebo/worlds/include/ground_plane/model-1_4.sdf\n'}
[79.663061] (mir_gazebo) StdoutLine: {'line': b'-- Symlinking: /home/rahul/Mir_robot/install/mir_gazebo/share/mir_gazebo/worlds/include/ground_plane/model.config\n'}
[79.674462] (mir_gazebo) StdoutLine: {'line': b'-- Symlinking: /home/rahul/Mir_robot/install/mir_gazebo/share/mir_gazebo/worlds/include/ground_plane/model.sdf\n'}
[79.685739] (mir_gazebo) StdoutLine: {'line': b'-- Symlinking: /home/rahul/Mir_robot/install/mir_gazebo/share/mir_gazebo/worlds/include/marker0/materials/textures/Marker0.png\n'}
[79.696883] (mir_gazebo) StdoutLine: {'line': b'-- Symlinking: /home/rahul/Mir_robot/install/mir_gazebo/share/mir_gazebo/worlds/include/marker0/meshes/Marker0.dae\n'}
[79.708071] (mir_gazebo) StdoutLine: {'line': b'-- Symlinking: /home/rahul/Mir_robot/install/mir_gazebo/share/mir_gazebo/worlds/include/marker0/model-1_4.sdf\n'}
[79.713723] (-) TimerEvent: {}
[79.719291] (mir_gazebo) StdoutLine: {'line': b'-- Symlinking: /home/rahul/Mir_robot/install/mir_gazebo/share/mir_gazebo/worlds/include/marker0/model-1_5.sdf\n'}
[79.730575] (mir_gazebo) StdoutLine: {'line': b'-- Symlinking: /home/rahul/Mir_robot/install/mir_gazebo/share/mir_gazebo/worlds/include/marker0/model.config\n'}
[79.742196] (mir_gazebo) StdoutLine: {'line': b'-- Symlinking: /home/rahul/Mir_robot/install/mir_gazebo/share/mir_gazebo/worlds/include/marker0/model.sdf\n'}
[79.754535] (mir_gazebo) StdoutLine: {'line': b'-- Symlinking: /home/rahul/Mir_robot/install/mir_gazebo/share/mir_gazebo/worlds/include/marker_0001/materials/textures/marker_0001.png\n'}
[79.765711] (mir_gazebo) StdoutLine: {'line': b'-- Symlinking: /home/rahul/Mir_robot/install/mir_gazebo/share/mir_gazebo/worlds/include/marker_0001/meshes/marker_0001.dae\n'}
[79.777027] (mir_gazebo) StdoutLine: {'line': b'-- Symlinking: /home/rahul/Mir_robot/install/mir_gazebo/share/mir_gazebo/worlds/include/marker_0001/model-1_4.sdf\n'}
[79.788425] (mir_gazebo) StdoutLine: {'line': b'-- Symlinking: /home/rahul/Mir_robot/install/mir_gazebo/share/mir_gazebo/worlds/include/marker_0001/model-1_5.sdf\n'}
[79.799413] (mir_gazebo) StdoutLine: {'line': b'-- Symlinking: /home/rahul/Mir_robot/install/mir_gazebo/share/mir_gazebo/worlds/include/marker_0001/model.config\n'}
[79.811527] (mir_gazebo) StdoutLine: {'line': b'-- Symlinking: /home/rahul/Mir_robot/install/mir_gazebo/share/mir_gazebo/worlds/include/marker_0001/model.sdf\n'}
[79.813836] (-) TimerEvent: {}
[79.822910] (mir_gazebo) StdoutLine: {'line': b'-- Symlinking: /home/rahul/Mir_robot/install/mir_gazebo/share/mir_gazebo/worlds/include/maze/model.config\n'}
[79.834023] (mir_gazebo) StdoutLine: {'line': b'-- Symlinking: /home/rahul/Mir_robot/install/mir_gazebo/share/mir_gazebo/worlds/include/maze/model.sdf\n'}
[79.845981] (mir_gazebo) StdoutLine: {'line': b'-- Symlinking: /home/rahul/Mir_robot/install/mir_gazebo/share/mir_gazebo/worlds/include/sun/model-1_2.sdf\n'}
[79.857926] (mir_gazebo) StdoutLine: {'line': b'-- Symlinking: /home/rahul/Mir_robot/install/mir_gazebo/share/mir_gazebo/worlds/include/sun/model-1_3.sdf\n'}
[79.869187] (mir_gazebo) StdoutLine: {'line': b'-- Symlinking: /home/rahul/Mir_robot/install/mir_gazebo/share/mir_gazebo/worlds/include/sun/model-1_4.sdf\n'}
[79.880600] (mir_gazebo) StdoutLine: {'line': b'-- Symlinking: /home/rahul/Mir_robot/install/mir_gazebo/share/mir_gazebo/worlds/include/sun/model.config\n'}
[79.891816] (mir_gazebo) StdoutLine: {'line': b'-- Symlinking: /home/rahul/Mir_robot/install/mir_gazebo/share/mir_gazebo/worlds/include/sun/model.sdf\n'}
[79.903148] (mir_gazebo) StdoutLine: {'line': b'-- Symlinking: /home/rahul/Mir_robot/install/mir_gazebo/share/mir_gazebo/worlds/maze.world\n'}
[79.913959] (-) TimerEvent: {}
[79.914397] (mir_gazebo) StdoutLine: {'line': b'-- Symlinking: /home/rahul/Mir_robot/install/mir_gazebo/share/mir_gazebo/maps/maze.png\n'}
[79.925601] (mir_gazebo) StdoutLine: {'line': b'-- Symlinking: /home/rahul/Mir_robot/install/mir_gazebo/share/mir_gazebo/maps/maze.yaml\n'}
[79.936729] (mir_gazebo) StdoutLine: {'line': b'-- Symlinking: /home/rahul/Mir_robot/install/mir_gazebo/share/mir_gazebo/maps/maze_virtual_walls.png\n'}
[79.948500] (mir_gazebo) StdoutLine: {'line': b'-- Symlinking: /home/rahul/Mir_robot/install/mir_gazebo/share/mir_gazebo/maps/maze_virtual_walls.yaml\n'}
[79.960218] (mir_gazebo) StdoutLine: {'line': b'-- Symlinking: /home/rahul/Mir_robot/install/mir_gazebo/share/mir_gazebo/rviz/mir_visualization.rviz\n'}
[79.971713] (mir_gazebo) StdoutLine: {'line': b'-- Symlinking: /home/rahul/Mir_robot/install/mir_gazebo/share/ament_index/resource_index/package_run_dependencies/mir_gazebo\n'}
[79.983234] (mir_gazebo) StdoutLine: {'line': b'-- Symlinking: /home/rahul/Mir_robot/install/mir_gazebo/share/ament_index/resource_index/parent_prefix_path/mir_gazebo\n'}
[79.994366] (mir_gazebo) StdoutLine: {'line': b'-- Symlinking: /home/rahul/Mir_robot/install/mir_gazebo/share/mir_gazebo/environment/ament_prefix_path.sh\n'}
[80.005715] (mir_gazebo) StdoutLine: {'line': b'-- Symlinking: /home/rahul/Mir_robot/install/mir_gazebo/share/mir_gazebo/environment/ament_prefix_path.dsv\n'}
[80.014111] (-) TimerEvent: {}
[80.017062] (mir_gazebo) StdoutLine: {'line': b'-- Symlinking: /home/rahul/Mir_robot/install/mir_gazebo/share/mir_gazebo/environment/path.sh\n'}
[80.028345] (mir_gazebo) StdoutLine: {'line': b'-- Symlinking: /home/rahul/Mir_robot/install/mir_gazebo/share/mir_gazebo/environment/path.dsv\n'}
[80.039780] (mir_gazebo) StdoutLine: {'line': b'-- Symlinking: /home/rahul/Mir_robot/install/mir_gazebo/share/mir_gazebo/local_setup.bash\n'}
[80.051369] (mir_gazebo) StdoutLine: {'line': b'-- Symlinking: /home/rahul/Mir_robot/install/mir_gazebo/share/mir_gazebo/local_setup.sh\n'}
[80.062614] (mir_gazebo) StdoutLine: {'line': b'-- Symlinking: /home/rahul/Mir_robot/install/mir_gazebo/share/mir_gazebo/local_setup.zsh\n'}
[80.073983] (mir_gazebo) StdoutLine: {'line': b'-- Symlinking: /home/rahul/Mir_robot/install/mir_gazebo/share/mir_gazebo/local_setup.dsv\n'}
[80.085323] (mir_gazebo) StdoutLine: {'line': b'-- Symlinking: /home/rahul/Mir_robot/install/mir_gazebo/share/mir_gazebo/package.dsv\n'}
[80.096514] (mir_gazebo) StdoutLine: {'line': b'-- Symlinking: /home/rahul/Mir_robot/install/mir_gazebo/share/ament_index/resource_index/packages/mir_gazebo\n'}
[80.107806] (mir_gazebo) StdoutLine: {'line': b'-- Symlinking: /home/rahul/Mir_robot/install/mir_gazebo/share/mir_gazebo/cmake/mir_gazeboConfig.cmake\n'}
[80.114240] (-) TimerEvent: {}
[80.119118] (mir_gazebo) StdoutLine: {'line': b'-- Symlinking: /home/rahul/Mir_robot/install/mir_gazebo/share/mir_gazebo/cmake/mir_gazeboConfig-version.cmake\n'}
[80.130311] (mir_gazebo) StdoutLine: {'line': b'-- Symlinking: /home/rahul/Mir_robot/install/mir_gazebo/share/mir_gazebo/package.xml\n'}
[80.144186] (mir_gazebo) CommandEnded: {'returncode': 0}
[80.160228] (mir_gazebo) JobEnded: {'identifier': 'mir_gazebo', 'rc': 0}
[80.162377] (mir_robot) JobStarted: {'identifier': 'mir_robot'}
[80.171483] (mir_robot) JobProgress: {'identifier': 'mir_robot', 'progress': 'cmake'}
[80.172523] (mir_robot) Command: {'cmd': ['/usr/bin/cmake', '/home/rahul/Mir_robot/src/mir_robot/mir_robot/mir_robot', '-DAMENT_CMAKE_SYMLINK_INSTALL=1', '-DCMAKE_INSTALL_PREFIX=/home/rahul/Mir_robot/install/mir_robot'], 'cwd': '/home/rahul/Mir_robot/build/mir_robot', 'env': OrderedDict([('LESSOPEN', '| /usr/bin/lesspipe %s'), ('USER', 'rahul'), ('LC_TIME', 'de_DE.UTF-8'), ('XDG_SESSION_TYPE', 'wayland'), ('SHLVL', '1'), ('LD_LIBRARY_PATH', '/usr/lib/x86_64-linux-gnu/gazebo-11/plugins:/opt/ros/humble/opt/rviz_ogre_vendor/lib:/opt/ros/humble/lib/x86_64-linux-gnu:/opt/ros/humble/lib'), ('HOME', '/home/rahul'), ('OLDPWD', '/home/rahul'), ('DESKTOP_SESSION', 'ubuntu'), ('ROS_PYTHON_VERSION', '3'), ('GNOME_SHELL_SESSION_MODE', 'ubuntu'), ('GTK_MODULES', 'gail:atk-bridge'), ('LC_MONETARY', 'de_DE.UTF-8'), ('SYSTEMD_EXEC_PID', '6479'), ('DBUS_SESSION_BUS_ADDRESS', 'unix:path=/run/user/1000/bus'), ('COLORTERM', 'truecolor'), ('IM_CONFIG_PHASE', '1'), ('WAYLAND_DISPLAY', 'wayland-0'), ('ROS_DISTRO', 'humble'), ('LOGNAME', 'rahul'), ('_', '/usr/bin/colcon'), ('ROS_VERSION', '2'), ('XDG_SESSION_CLASS', 'user'), ('USERNAME', 'rahul'), ('TERM', 'xterm-256color'), ('GNOME_DESKTOP_SESSION_ID', 'this-is-deprecated'), ('ROS_LOCALHOST_ONLY', '0'), ('PATH', '/opt/ros/humble/bin:/home/rahul/.local/bin:/usr/local/sbin:/usr/local/bin:/usr/sbin:/usr/bin:/sbin:/bin:/usr/games:/usr/local/games:/snap/bin:/snap/bin'), ('SESSION_MANAGER', 'local/rahul-Inspiron-5559:@/tmp/.ICE-unix/2054,unix/rahul-Inspiron-5559:/tmp/.ICE-unix/2054'), ('XDG_MENU_PREFIX', 'gnome-'), ('LC_ADDRESS', 'de_DE.UTF-8'), ('GNOME_TERMINAL_SCREEN', '/org/gnome/Terminal/screen/351eedeb_30dc_418d_b420_34c5a0c83961'), ('GNOME_SETUP_DISPLAY', ':1'), ('XDG_RUNTIME_DIR', '/run/user/1000'), ('DISPLAY', ':0'), ('LANG', 'en_US.UTF-8'), ('XDG_CURRENT_DESKTOP', 'ubuntu:GNOME'), ('LC_TELEPHONE', 'de_DE.UTF-8'), ('XMODIFIERS', '@im=ibus'), ('XDG_SESSION_DESKTOP', 'ubuntu'), ('XAUTHORITY', '/run/user/1000/.mutter-Xwaylandauth.VYRET3'), ('LS_COLORS', 'rs=0:di=01;34:ln=01;36:mh=00:pi=40;33:so=01;35:do=01;35:bd=40;33;01:cd=40;33;01:or=40;31;01:mi=00:su=37;41:sg=30;43:ca=30;41:tw=30;42:ow=34;42:st=37;44:ex=01;32:*.tar=01;31:*.tgz=01;31:*.arc=01;31:*.arj=01;31:*.taz=01;31:*.lha=01;31:*.lz4=01;31:*.lzh=01;31:*.lzma=01;31:*.tlz=01;31:*.txz=01;31:*.tzo=01;31:*.t7z=01;31:*.zip=01;31:*.z=01;31:*.dz=01;31:*.gz=01;31:*.lrz=01;31:*.lz=01;31:*.lzo=01;31:*.xz=01;31:*.zst=01;31:*.tzst=01;31:*.bz2=01;31:*.bz=01;31:*.tbz=01;31:*.tbz2=01;31:*.tz=01;31:*.deb=01;31:*.rpm=01;31:*.jar=01;31:*.war=01;31:*.ear=01;31:*.sar=01;31:*.rar=01;31:*.alz=01;31:*.ace=01;31:*.zoo=01;31:*.cpio=01;31:*.7z=01;31:*.rz=01;31:*.cab=01;31:*.wim=01;31:*.swm=01;31:*.dwm=01;31:*.esd=01;31:*.jpg=01;35:*.jpeg=01;35:*.mjpg=01;35:*.mjpeg=01;35:*.gif=01;35:*.bmp=01;35:*.pbm=01;35:*.pgm=01;35:*.ppm=01;35:*.tga=01;35:*.xbm=01;35:*.xpm=01;35:*.tif=01;35:*.tiff=01;35:*.png=01;35:*.svg=01;35:*.svgz=01;35:*.mng=01;35:*.pcx=01;35:*.mov=01;35:*.mpg=01;35:*.mpeg=01;35:*.m2v=01;35:*.mkv=01;35:*.webm=01;35:*.webp=01;35:*.ogm=01;35:*.mp4=01;35:*.m4v=01;35:*.mp4v=01;35:*.vob=01;35:*.qt=01;35:*.nuv=01;35:*.wmv=01;35:*.asf=01;35:*.rm=01;35:*.rmvb=01;35:*.flc=01;35:*.avi=01;35:*.fli=01;35:*.flv=01;35:*.gl=01;35:*.dl=01;35:*.xcf=01;35:*.xwd=01;35:*.yuv=01;35:*.cgm=01;35:*.emf=01;35:*.ogv=01;35:*.ogx=01;35:*.aac=00;36:*.au=00;36:*.flac=00;36:*.m4a=00;36:*.mid=00;36:*.midi=00;36:*.mka=00;36:*.mp3=00;36:*.mpc=00;36:*.ogg=00;36:*.ra=00;36:*.wav=00;36:*.oga=00;36:*.opus=00;36:*.spx=00;36:*.xspf=00;36:'), ('GNOME_TERMINAL_SERVICE', ':1.120'), ('SSH_AGENT_LAUNCHER', 'gnome-keyring'), ('SSH_AUTH_SOCK', '/run/user/1000/keyring/ssh'), ('AMENT_PREFIX_PATH', '/home/rahul/Mir_robot/install/mir_gazebo:/home/rahul/Mir_robot/install/mir_description:/home/rahul/Mir_robot/install/ira_laser_tools:/opt/ros/humble'), ('SHELL', '/bin/bash'), ('LC_NAME', 'de_DE.UTF-8'), ('QT_ACCESSIBILITY', '1'), ('GDMSESSION', 'ubuntu'), ('LESSCLOSE', '/usr/bin/lesspipe %s %s'), ('LC_MEASUREMENT', 'de_DE.UTF-8'), ('LC_IDENTIFICATION', 'de_DE.UTF-8'), ('QT_IM_MODULE', 'ibus'), ('PWD', '/home/rahul/Mir_robot/build/mir_robot'), ('XDG_CONFIG_DIRS', '/etc/xdg/xdg-ubuntu:/etc/xdg'), ('XDG_DATA_DIRS', '/usr/share/ubuntu:/usr/local/share/:/usr/share/:/var/lib/snapd/desktop'), ('PYTHONPATH', '/opt/ros/humble/lib/python3.10/site-packages:/opt/ros/humble/local/lib/python3.10/dist-packages'), ('LC_NUMERIC', 'de_DE.UTF-8'), ('LC_PAPER', 'de_DE.UTF-8'), ('COLCON', '1'), ('VTE_VERSION', '6800'), ('CMAKE_PREFIX_PATH', '/home/rahul/Mir_robot/install/mir_gazebo:/home/rahul/Mir_robot/install/mir_description:/home/rahul/Mir_robot/install/ira_laser_tools:/opt/ros/humble')]), 'shell': False}
[80.214339] (-) TimerEvent: {}
[80.246807] (mir_robot) StdoutLine: {'line': b'-- The C compiler identification is GNU 11.4.0\n'}
[80.314466] (-) TimerEvent: {}
[80.319525] (mir_robot) StdoutLine: {'line': b'-- The CXX compiler identification is GNU 11.4.0\n'}
[80.328505] (mir_robot) StdoutLine: {'line': b'-- Detecting C compiler ABI info\n'}
[80.414633] (-) TimerEvent: {}
[80.420488] (mir_robot) StdoutLine: {'line': b'-- Detecting C compiler ABI info - done\n'}
[80.429719] (mir_robot) StdoutLine: {'line': b'-- Check for working C compiler: /usr/bin/cc - skipped\n'}
[80.430073] (mir_robot) StdoutLine: {'line': b'-- Detecting C compile features\n'}
[80.430587] (mir_robot) StdoutLine: {'line': b'-- Detecting C compile features - done\n'}
[80.434247] (mir_robot) StdoutLine: {'line': b'-- Detecting CXX compiler ABI info\n'}
[80.514767] (-) TimerEvent: {}
[80.537057] (mir_robot) StdoutLine: {'line': b'-- Detecting CXX compiler ABI info - done\n'}
[80.546956] (mir_robot) StdoutLine: {'line': b'-- Check for working CXX compiler: /usr/bin/c++ - skipped\n'}
[80.547360] (mir_robot) StdoutLine: {'line': b'-- Detecting CXX compile features\n'}
[80.547914] (mir_robot) StdoutLine: {'line': b'-- Detecting CXX compile features - done\n'}
[80.552350] (mir_robot) StdoutLine: {'line': b'-- Found ament_cmake: 1.3.14 (/opt/ros/humble/share/ament_cmake/cmake)\n'}
[80.614891] (-) TimerEvent: {}
[80.715188] (-) TimerEvent: {}
[80.735709] (mir_robot) StdoutLine: {'line': b'-- Found Python3: /usr/bin/python3 (found version "3.10.12") found components: Interpreter \n'}
[80.812860] (mir_robot) StdoutLine: {'line': b'-- Override CMake install command with custom implementation using symlinks instead of copying resources\n'}
[80.815271] (-) TimerEvent: {}
[80.915543] (-) TimerEvent: {}
[80.934409] (mir_robot) StdoutLine: {'line': b'-- Configuring done\n'}
[80.937808] (mir_robot) StdoutLine: {'line': b'-- Generating done\n'}
[80.939812] (mir_robot) StdoutLine: {'line': b'-- Build files have been written to: /home/rahul/Mir_robot/build/mir_robot\n'}
[80.946005] (mir_robot) CommandEnded: {'returncode': 0}
[80.946787] (mir_robot) JobProgress: {'identifier': 'mir_robot', 'progress': 'build'}
[80.947852] (mir_robot) Command: {'cmd': ['/usr/bin/cmake', '--build', '/home/rahul/Mir_robot/build/mir_robot', '--', '-j4', '-l4'], 'cwd': '/home/rahul/Mir_robot/build/mir_robot', 'env': OrderedDict([('LESSOPEN', '| /usr/bin/lesspipe %s'), ('USER', 'rahul'), ('LC_TIME', 'de_DE.UTF-8'), ('XDG_SESSION_TYPE', 'wayland'), ('SHLVL', '1'), ('LD_LIBRARY_PATH', '/usr/lib/x86_64-linux-gnu/gazebo-11/plugins:/opt/ros/humble/opt/rviz_ogre_vendor/lib:/opt/ros/humble/lib/x86_64-linux-gnu:/opt/ros/humble/lib'), ('HOME', '/home/rahul'), ('OLDPWD', '/home/rahul'), ('DESKTOP_SESSION', 'ubuntu'), ('ROS_PYTHON_VERSION', '3'), ('GNOME_SHELL_SESSION_MODE', 'ubuntu'), ('GTK_MODULES', 'gail:atk-bridge'), ('LC_MONETARY', 'de_DE.UTF-8'), ('SYSTEMD_EXEC_PID', '6479'), ('DBUS_SESSION_BUS_ADDRESS', 'unix:path=/run/user/1000/bus'), ('COLORTERM', 'truecolor'), ('IM_CONFIG_PHASE', '1'), ('WAYLAND_DISPLAY', 'wayland-0'), ('ROS_DISTRO', 'humble'), ('LOGNAME', 'rahul'), ('_', '/usr/bin/colcon'), ('ROS_VERSION', '2'), ('XDG_SESSION_CLASS', 'user'), ('USERNAME', 'rahul'), ('TERM', 'xterm-256color'), ('GNOME_DESKTOP_SESSION_ID', 'this-is-deprecated'), ('ROS_LOCALHOST_ONLY', '0'), ('PATH', '/opt/ros/humble/bin:/home/rahul/.local/bin:/usr/local/sbin:/usr/local/bin:/usr/sbin:/usr/bin:/sbin:/bin:/usr/games:/usr/local/games:/snap/bin:/snap/bin'), ('SESSION_MANAGER', 'local/rahul-Inspiron-5559:@/tmp/.ICE-unix/2054,unix/rahul-Inspiron-5559:/tmp/.ICE-unix/2054'), ('XDG_MENU_PREFIX', 'gnome-'), ('LC_ADDRESS', 'de_DE.UTF-8'), ('GNOME_TERMINAL_SCREEN', '/org/gnome/Terminal/screen/351eedeb_30dc_418d_b420_34c5a0c83961'), ('GNOME_SETUP_DISPLAY', ':1'), ('XDG_RUNTIME_DIR', '/run/user/1000'), ('DISPLAY', ':0'), ('LANG', 'en_US.UTF-8'), ('XDG_CURRENT_DESKTOP', 'ubuntu:GNOME'), ('LC_TELEPHONE', 'de_DE.UTF-8'), ('XMODIFIERS', '@im=ibus'), ('XDG_SESSION_DESKTOP', 'ubuntu'), ('XAUTHORITY', '/run/user/1000/.mutter-Xwaylandauth.VYRET3'), ('LS_COLORS', 'rs=0:di=01;34:ln=01;36:mh=00:pi=40;33:so=01;35:do=01;35:bd=40;33;01:cd=40;33;01:or=40;31;01:mi=00:su=37;41:sg=30;43:ca=30;41:tw=30;42:ow=34;42:st=37;44:ex=01;32:*.tar=01;31:*.tgz=01;31:*.arc=01;31:*.arj=01;31:*.taz=01;31:*.lha=01;31:*.lz4=01;31:*.lzh=01;31:*.lzma=01;31:*.tlz=01;31:*.txz=01;31:*.tzo=01;31:*.t7z=01;31:*.zip=01;31:*.z=01;31:*.dz=01;31:*.gz=01;31:*.lrz=01;31:*.lz=01;31:*.lzo=01;31:*.xz=01;31:*.zst=01;31:*.tzst=01;31:*.bz2=01;31:*.bz=01;31:*.tbz=01;31:*.tbz2=01;31:*.tz=01;31:*.deb=01;31:*.rpm=01;31:*.jar=01;31:*.war=01;31:*.ear=01;31:*.sar=01;31:*.rar=01;31:*.alz=01;31:*.ace=01;31:*.zoo=01;31:*.cpio=01;31:*.7z=01;31:*.rz=01;31:*.cab=01;31:*.wim=01;31:*.swm=01;31:*.dwm=01;31:*.esd=01;31:*.jpg=01;35:*.jpeg=01;35:*.mjpg=01;35:*.mjpeg=01;35:*.gif=01;35:*.bmp=01;35:*.pbm=01;35:*.pgm=01;35:*.ppm=01;35:*.tga=01;35:*.xbm=01;35:*.xpm=01;35:*.tif=01;35:*.tiff=01;35:*.png=01;35:*.svg=01;35:*.svgz=01;35:*.mng=01;35:*.pcx=01;35:*.mov=01;35:*.mpg=01;35:*.mpeg=01;35:*.m2v=01;35:*.mkv=01;35:*.webm=01;35:*.webp=01;35:*.ogm=01;35:*.mp4=01;35:*.m4v=01;35:*.mp4v=01;35:*.vob=01;35:*.qt=01;35:*.nuv=01;35:*.wmv=01;35:*.asf=01;35:*.rm=01;35:*.rmvb=01;35:*.flc=01;35:*.avi=01;35:*.fli=01;35:*.flv=01;35:*.gl=01;35:*.dl=01;35:*.xcf=01;35:*.xwd=01;35:*.yuv=01;35:*.cgm=01;35:*.emf=01;35:*.ogv=01;35:*.ogx=01;35:*.aac=00;36:*.au=00;36:*.flac=00;36:*.m4a=00;36:*.mid=00;36:*.midi=00;36:*.mka=00;36:*.mp3=00;36:*.mpc=00;36:*.ogg=00;36:*.ra=00;36:*.wav=00;36:*.oga=00;36:*.opus=00;36:*.spx=00;36:*.xspf=00;36:'), ('GNOME_TERMINAL_SERVICE', ':1.120'), ('SSH_AGENT_LAUNCHER', 'gnome-keyring'), ('SSH_AUTH_SOCK', '/run/user/1000/keyring/ssh'), ('AMENT_PREFIX_PATH', '/home/rahul/Mir_robot/install/mir_gazebo:/home/rahul/Mir_robot/install/mir_description:/home/rahul/Mir_robot/install/ira_laser_tools:/opt/ros/humble'), ('SHELL', '/bin/bash'), ('LC_NAME', 'de_DE.UTF-8'), ('QT_ACCESSIBILITY', '1'), ('GDMSESSION', 'ubuntu'), ('LESSCLOSE', '/usr/bin/lesspipe %s %s'), ('LC_MEASUREMENT', 'de_DE.UTF-8'), ('LC_IDENTIFICATION', 'de_DE.UTF-8'), ('QT_IM_MODULE', 'ibus'), ('PWD', '/home/rahul/Mir_robot/build/mir_robot'), ('XDG_CONFIG_DIRS', '/etc/xdg/xdg-ubuntu:/etc/xdg'), ('XDG_DATA_DIRS', '/usr/share/ubuntu:/usr/local/share/:/usr/share/:/var/lib/snapd/desktop'), ('PYTHONPATH', '/opt/ros/humble/lib/python3.10/site-packages:/opt/ros/humble/local/lib/python3.10/dist-packages'), ('LC_NUMERIC', 'de_DE.UTF-8'), ('LC_PAPER', 'de_DE.UTF-8'), ('COLCON', '1'), ('VTE_VERSION', '6800'), ('CMAKE_PREFIX_PATH', '/home/rahul/Mir_robot/install/mir_gazebo:/home/rahul/Mir_robot/install/mir_description:/home/rahul/Mir_robot/install/ira_laser_tools:/opt/ros/humble')]), 'shell': False}
[80.997210] (mir_robot) CommandEnded: {'returncode': 0}
[80.998079] (mir_robot) JobProgress: {'identifier': 'mir_robot', 'progress': 'install'}
[80.999002] (mir_robot) Command: {'cmd': ['/usr/bin/cmake', '--install', '/home/rahul/Mir_robot/build/mir_robot'], 'cwd': '/home/rahul/Mir_robot/build/mir_robot', 'env': OrderedDict([('LESSOPEN', '| /usr/bin/lesspipe %s'), ('USER', 'rahul'), ('LC_TIME', 'de_DE.UTF-8'), ('XDG_SESSION_TYPE', 'wayland'), ('SHLVL', '1'), ('LD_LIBRARY_PATH', '/usr/lib/x86_64-linux-gnu/gazebo-11/plugins:/opt/ros/humble/opt/rviz_ogre_vendor/lib:/opt/ros/humble/lib/x86_64-linux-gnu:/opt/ros/humble/lib'), ('HOME', '/home/rahul'), ('OLDPWD', '/home/rahul'), ('DESKTOP_SESSION', 'ubuntu'), ('ROS_PYTHON_VERSION', '3'), ('GNOME_SHELL_SESSION_MODE', 'ubuntu'), ('GTK_MODULES', 'gail:atk-bridge'), ('LC_MONETARY', 'de_DE.UTF-8'), ('SYSTEMD_EXEC_PID', '6479'), ('DBUS_SESSION_BUS_ADDRESS', 'unix:path=/run/user/1000/bus'), ('COLORTERM', 'truecolor'), ('IM_CONFIG_PHASE', '1'), ('WAYLAND_DISPLAY', 'wayland-0'), ('ROS_DISTRO', 'humble'), ('LOGNAME', 'rahul'), ('_', '/usr/bin/colcon'), ('ROS_VERSION', '2'), ('XDG_SESSION_CLASS', 'user'), ('USERNAME', 'rahul'), ('TERM', 'xterm-256color'), ('GNOME_DESKTOP_SESSION_ID', 'this-is-deprecated'), ('ROS_LOCALHOST_ONLY', '0'), ('PATH', '/opt/ros/humble/bin:/home/rahul/.local/bin:/usr/local/sbin:/usr/local/bin:/usr/sbin:/usr/bin:/sbin:/bin:/usr/games:/usr/local/games:/snap/bin:/snap/bin'), ('SESSION_MANAGER', 'local/rahul-Inspiron-5559:@/tmp/.ICE-unix/2054,unix/rahul-Inspiron-5559:/tmp/.ICE-unix/2054'), ('XDG_MENU_PREFIX', 'gnome-'), ('LC_ADDRESS', 'de_DE.UTF-8'), ('GNOME_TERMINAL_SCREEN', '/org/gnome/Terminal/screen/351eedeb_30dc_418d_b420_34c5a0c83961'), ('GNOME_SETUP_DISPLAY', ':1'), ('XDG_RUNTIME_DIR', '/run/user/1000'), ('DISPLAY', ':0'), ('LANG', 'en_US.UTF-8'), ('XDG_CURRENT_DESKTOP', 'ubuntu:GNOME'), ('LC_TELEPHONE', 'de_DE.UTF-8'), ('XMODIFIERS', '@im=ibus'), ('XDG_SESSION_DESKTOP', 'ubuntu'), ('XAUTHORITY', '/run/user/1000/.mutter-Xwaylandauth.VYRET3'), ('LS_COLORS', 'rs=0:di=01;34:ln=01;36:mh=00:pi=40;33:so=01;35:do=01;35:bd=40;33;01:cd=40;33;01:or=40;31;01:mi=00:su=37;41:sg=30;43:ca=30;41:tw=30;42:ow=34;42:st=37;44:ex=01;32:*.tar=01;31:*.tgz=01;31:*.arc=01;31:*.arj=01;31:*.taz=01;31:*.lha=01;31:*.lz4=01;31:*.lzh=01;31:*.lzma=01;31:*.tlz=01;31:*.txz=01;31:*.tzo=01;31:*.t7z=01;31:*.zip=01;31:*.z=01;31:*.dz=01;31:*.gz=01;31:*.lrz=01;31:*.lz=01;31:*.lzo=01;31:*.xz=01;31:*.zst=01;31:*.tzst=01;31:*.bz2=01;31:*.bz=01;31:*.tbz=01;31:*.tbz2=01;31:*.tz=01;31:*.deb=01;31:*.rpm=01;31:*.jar=01;31:*.war=01;31:*.ear=01;31:*.sar=01;31:*.rar=01;31:*.alz=01;31:*.ace=01;31:*.zoo=01;31:*.cpio=01;31:*.7z=01;31:*.rz=01;31:*.cab=01;31:*.wim=01;31:*.swm=01;31:*.dwm=01;31:*.esd=01;31:*.jpg=01;35:*.jpeg=01;35:*.mjpg=01;35:*.mjpeg=01;35:*.gif=01;35:*.bmp=01;35:*.pbm=01;35:*.pgm=01;35:*.ppm=01;35:*.tga=01;35:*.xbm=01;35:*.xpm=01;35:*.tif=01;35:*.tiff=01;35:*.png=01;35:*.svg=01;35:*.svgz=01;35:*.mng=01;35:*.pcx=01;35:*.mov=01;35:*.mpg=01;35:*.mpeg=01;35:*.m2v=01;35:*.mkv=01;35:*.webm=01;35:*.webp=01;35:*.ogm=01;35:*.mp4=01;35:*.m4v=01;35:*.mp4v=01;35:*.vob=01;35:*.qt=01;35:*.nuv=01;35:*.wmv=01;35:*.asf=01;35:*.rm=01;35:*.rmvb=01;35:*.flc=01;35:*.avi=01;35:*.fli=01;35:*.flv=01;35:*.gl=01;35:*.dl=01;35:*.xcf=01;35:*.xwd=01;35:*.yuv=01;35:*.cgm=01;35:*.emf=01;35:*.ogv=01;35:*.ogx=01;35:*.aac=00;36:*.au=00;36:*.flac=00;36:*.m4a=00;36:*.mid=00;36:*.midi=00;36:*.mka=00;36:*.mp3=00;36:*.mpc=00;36:*.ogg=00;36:*.ra=00;36:*.wav=00;36:*.oga=00;36:*.opus=00;36:*.spx=00;36:*.xspf=00;36:'), ('GNOME_TERMINAL_SERVICE', ':1.120'), ('SSH_AGENT_LAUNCHER', 'gnome-keyring'), ('SSH_AUTH_SOCK', '/run/user/1000/keyring/ssh'), ('AMENT_PREFIX_PATH', '/home/rahul/Mir_robot/install/mir_gazebo:/home/rahul/Mir_robot/install/mir_description:/home/rahul/Mir_robot/install/ira_laser_tools:/opt/ros/humble'), ('SHELL', '/bin/bash'), ('LC_NAME', 'de_DE.UTF-8'), ('QT_ACCESSIBILITY', '1'), ('GDMSESSION', 'ubuntu'), ('LESSCLOSE', '/usr/bin/lesspipe %s %s'), ('LC_MEASUREMENT', 'de_DE.UTF-8'), ('LC_IDENTIFICATION', 'de_DE.UTF-8'), ('QT_IM_MODULE', 'ibus'), ('PWD', '/home/rahul/Mir_robot/build/mir_robot'), ('XDG_CONFIG_DIRS', '/etc/xdg/xdg-ubuntu:/etc/xdg'), ('XDG_DATA_DIRS', '/usr/share/ubuntu:/usr/local/share/:/usr/share/:/var/lib/snapd/desktop'), ('PYTHONPATH', '/opt/ros/humble/lib/python3.10/site-packages:/opt/ros/humble/local/lib/python3.10/dist-packages'), ('LC_NUMERIC', 'de_DE.UTF-8'), ('LC_PAPER', 'de_DE.UTF-8'), ('COLCON', '1'), ('VTE_VERSION', '6800'), ('CMAKE_PREFIX_PATH', '/home/rahul/Mir_robot/install/mir_gazebo:/home/rahul/Mir_robot/install/mir_description:/home/rahul/Mir_robot/install/ira_laser_tools:/opt/ros/humble')]), 'shell': False}
[81.008893] (mir_robot) StdoutLine: {'line': b'-- Install configuration: ""\n'}
[81.009474] (mir_robot) StdoutLine: {'line': b'-- Execute custom install script\n'}
[81.009920] (mir_robot) StdoutLine: {'line': b'-- Symlinking: /home/rahul/Mir_robot/install/mir_robot/share/ament_index/resource_index/package_run_dependencies/mir_robot\n'}
[81.015647] (-) TimerEvent: {}
[81.021640] (mir_robot) StdoutLine: {'line': b'-- Symlinking: /home/rahul/Mir_robot/install/mir_robot/share/ament_index/resource_index/parent_prefix_path/mir_robot\n'}
[81.033014] (mir_robot) StdoutLine: {'line': b'-- Symlinking: /home/rahul/Mir_robot/install/mir_robot/share/mir_robot/environment/ament_prefix_path.sh\n'}
[81.044879] (mir_robot) StdoutLine: {'line': b'-- Symlinking: /home/rahul/Mir_robot/install/mir_robot/share/mir_robot/environment/ament_prefix_path.dsv\n'}
[81.056995] (mir_robot) StdoutLine: {'line': b'-- Symlinking: /home/rahul/Mir_robot/install/mir_robot/share/mir_robot/environment/path.sh\n'}
[81.068436] (mir_robot) StdoutLine: {'line': b'-- Symlinking: /home/rahul/Mir_robot/install/mir_robot/share/mir_robot/environment/path.dsv\n'}
[81.079703] (mir_robot) StdoutLine: {'line': b'-- Symlinking: /home/rahul/Mir_robot/install/mir_robot/share/mir_robot/local_setup.bash\n'}
[81.091031] (mir_robot) StdoutLine: {'line': b'-- Symlinking: /home/rahul/Mir_robot/install/mir_robot/share/mir_robot/local_setup.sh\n'}
[81.102168] (mir_robot) StdoutLine: {'line': b'-- Symlinking: /home/rahul/Mir_robot/install/mir_robot/share/mir_robot/local_setup.zsh\n'}
[81.113327] (mir_robot) StdoutLine: {'line': b'-- Symlinking: /home/rahul/Mir_robot/install/mir_robot/share/mir_robot/local_setup.dsv\n'}
[81.115759] (-) TimerEvent: {}
[81.124815] (mir_robot) StdoutLine: {'line': b'-- Symlinking: /home/rahul/Mir_robot/install/mir_robot/share/mir_robot/package.dsv\n'}
[81.136163] (mir_robot) StdoutLine: {'line': b'-- Symlinking: /home/rahul/Mir_robot/install/mir_robot/share/ament_index/resource_index/packages/mir_robot\n'}
[81.148276] (mir_robot) StdoutLine: {'line': b'-- Symlinking: /home/rahul/Mir_robot/install/mir_robot/share/mir_robot/cmake/mir_robotConfig.cmake\n'}
[81.159791] (mir_robot) StdoutLine: {'line': b'-- Symlinking: /home/rahul/Mir_robot/install/mir_robot/share/mir_robot/cmake/mir_robotConfig-version.cmake\n'}
[81.171155] (mir_robot) StdoutLine: {'line': b'-- Symlinking: /home/rahul/Mir_robot/install/mir_robot/share/mir_robot/package.xml\n'}
[81.185069] (mir_robot) CommandEnded: {'returncode': 0}
[81.202287] (mir_robot) JobEnded: {'identifier': 'mir_robot', 'rc': 0}
[81.203396] (-) EventReactorShutdown: {}
