[0.208s] DEBUG:colcon:Command line arguments: ['/usr/bin/colcon', 'build', '--symlink-install']
[0.208s] DEBUG:colcon:Parsed command line arguments: Namespace(log_base=None, log_level=None, verb_name='build', build_base='build', install_base='install', merge_install=False, symlink_install=True, test_result_base=None, continue_on_error=False, executor='parallel', parallel_workers=4, event_handlers=None, ignore_user_meta=False, metas=['./colcon.meta'], base_paths=['.'], packages_ignore=None, packages_ignore_regex=None, paths=None, packages_up_to=None, packages_up_to_regex=None, packages_above=None, packages_above_and_dependencies=None, packages_above_depth=None, packages_select_by_dep=None, packages_skip_by_dep=None, packages_skip_up_to=None, packages_select_build_failed=False, packages_skip_build_finished=False, packages_select_test_failures=False, packages_skip_test_passed=False, packages_select=None, packages_skip=None, packages_select_regex=None, packages_skip_regex=None, packages_start=None, packages_end=None, allow_overriding=[], cmake_args=None, cmake_target=None, cmake_target_skip_unavailable=False, cmake_clean_cache=False, cmake_clean_first=False, cmake_force_configure=False, ament_cmake_args=None, catkin_cmake_args=None, catkin_skip_building_tests=False, verb_parser=<colcon_defaults.argument_parser.defaults.DefaultArgumentsDecorator object at 0x71b286079690>, verb_extension=<colcon_core.verb.build.BuildVerb object at 0x71b286079150>, main=<bound method BuildVerb.main of <colcon_core.verb.build.BuildVerb object at 0x71b286079150>>)
[0.446s] Level 1:colcon.colcon_core.package_discovery:discover_packages(colcon_meta) check parameters
[0.446s] Level 1:colcon.colcon_core.package_discovery:discover_packages(recursive) check parameters
[0.446s] Level 1:colcon.colcon_core.package_discovery:discover_packages(ignore) check parameters
[0.446s] Level 1:colcon.colcon_core.package_discovery:discover_packages(path) check parameters
[0.446s] Level 1:colcon.colcon_core.package_discovery:discover_packages(colcon_meta) discover
[0.446s] Level 1:colcon.colcon_core.package_discovery:discover_packages(recursive) discover
[0.446s] INFO:colcon.colcon_core.package_discovery:Crawling recursively for packages in '/home/rahul/Mir_robot'
[0.446s] Level 1:colcon.colcon_core.package_identification:_identify(.) by extensions ['ignore', 'ignore_ament_install']
[0.446s] Level 1:colcon.colcon_core.package_identification:_identify(.) by extension 'ignore'
[0.446s] Level 1:colcon.colcon_core.package_identification:_identify(.) by extension 'ignore_ament_install'
[0.446s] Level 1:colcon.colcon_core.package_identification:_identify(.) by extensions ['colcon_pkg']
[0.446s] Level 1:colcon.colcon_core.package_identification:_identify(.) by extension 'colcon_pkg'
[0.447s] Level 1:colcon.colcon_core.package_identification:_identify(.) by extensions ['colcon_meta']
[0.447s] Level 1:colcon.colcon_core.package_identification:_identify(.) by extension 'colcon_meta'
[0.447s] Level 1:colcon.colcon_core.package_identification:_identify(.) by extensions ['ros']
[0.447s] Level 1:colcon.colcon_core.package_identification:_identify(.) by extension 'ros'
[0.460s] Level 1:colcon.colcon_core.package_identification:_identify(.) by extensions ['cmake', 'python']
[0.460s] Level 1:colcon.colcon_core.package_identification:_identify(.) by extension 'cmake'
[0.460s] Level 1:colcon.colcon_core.package_identification:_identify(.) by extension 'python'
[0.460s] Level 1:colcon.colcon_core.package_identification:_identify(.) by extensions ['python_setup_py']
[0.460s] Level 1:colcon.colcon_core.package_identification:_identify(.) by extension 'python_setup_py'
[0.460s] Level 1:colcon.colcon_core.package_identification:_identify(build) by extensions ['ignore', 'ignore_ament_install']
[0.460s] Level 1:colcon.colcon_core.package_identification:_identify(build) by extension 'ignore'
[0.460s] Level 1:colcon.colcon_core.package_identification:_identify(build) ignored
[0.461s] Level 1:colcon.colcon_core.package_identification:_identify(install) by extensions ['ignore', 'ignore_ament_install']
[0.461s] Level 1:colcon.colcon_core.package_identification:_identify(install) by extension 'ignore'
[0.461s] Level 1:colcon.colcon_core.package_identification:_identify(install) ignored
[0.461s] Level 1:colcon.colcon_core.package_identification:_identify(log) by extensions ['ignore', 'ignore_ament_install']
[0.461s] Level 1:colcon.colcon_core.package_identification:_identify(log) by extension 'ignore'
[0.461s] Level 1:colcon.colcon_core.package_identification:_identify(log) ignored
[0.461s] Level 1:colcon.colcon_core.package_identification:_identify(src) by extensions ['ignore', 'ignore_ament_install']
[0.461s] Level 1:colcon.colcon_core.package_identification:_identify(src) by extension 'ignore'
[0.461s] Level 1:colcon.colcon_core.package_identification:_identify(src) by extension 'ignore_ament_install'
[0.461s] Level 1:colcon.colcon_core.package_identification:_identify(src) by extensions ['colcon_pkg']
[0.461s] Level 1:colcon.colcon_core.package_identification:_identify(src) by extension 'colcon_pkg'
[0.461s] Level 1:colcon.colcon_core.package_identification:_identify(src) by extensions ['colcon_meta']
[0.461s] Level 1:colcon.colcon_core.package_identification:_identify(src) by extension 'colcon_meta'
[0.461s] Level 1:colcon.colcon_core.package_identification:_identify(src) by extensions ['ros']
[0.461s] Level 1:colcon.colcon_core.package_identification:_identify(src) by extension 'ros'
[0.462s] Level 1:colcon.colcon_core.package_identification:_identify(src) by extensions ['cmake', 'python']
[0.462s] Level 1:colcon.colcon_core.package_identification:_identify(src) by extension 'cmake'
[0.462s] Level 1:colcon.colcon_core.package_identification:_identify(src) by extension 'python'
[0.462s] Level 1:colcon.colcon_core.package_identification:_identify(src) by extensions ['python_setup_py']
[0.462s] Level 1:colcon.colcon_core.package_identification:_identify(src) by extension 'python_setup_py'
[0.462s] Level 1:colcon.colcon_core.package_identification:_identify(src/ira_laser_tools) by extensions ['ignore', 'ignore_ament_install']
[0.462s] Level 1:colcon.colcon_core.package_identification:_identify(src/ira_laser_tools) by extension 'ignore'
[0.462s] Level 1:colcon.colcon_core.package_identification:_identify(src/ira_laser_tools) by extension 'ignore_ament_install'
[0.462s] Level 1:colcon.colcon_core.package_identification:_identify(src/ira_laser_tools) by extensions ['colcon_pkg']
[0.462s] Level 1:colcon.colcon_core.package_identification:_identify(src/ira_laser_tools) by extension 'colcon_pkg'
[0.462s] Level 1:colcon.colcon_core.package_identification:_identify(src/ira_laser_tools) by extensions ['colcon_meta']
[0.462s] Level 1:colcon.colcon_core.package_identification:_identify(src/ira_laser_tools) by extension 'colcon_meta'
[0.462s] Level 1:colcon.colcon_core.package_identification:_identify(src/ira_laser_tools) by extensions ['ros']
[0.462s] Level 1:colcon.colcon_core.package_identification:_identify(src/ira_laser_tools) by extension 'ros'
[0.462s] Level 1:colcon.colcon_core.package_identification:_identify(src/ira_laser_tools) by extensions ['cmake', 'python']
[0.462s] Level 1:colcon.colcon_core.package_identification:_identify(src/ira_laser_tools) by extension 'cmake'
[0.462s] Level 1:colcon.colcon_core.package_identification:_identify(src/ira_laser_tools) by extension 'python'
[0.462s] Level 1:colcon.colcon_core.package_identification:_identify(src/ira_laser_tools) by extensions ['python_setup_py']
[0.463s] Level 1:colcon.colcon_core.package_identification:_identify(src/ira_laser_tools) by extension 'python_setup_py'
[0.463s] Level 1:colcon.colcon_core.package_identification:_identify(src/ira_laser_tools/src) by extensions ['ignore', 'ignore_ament_install']
[0.463s] Level 1:colcon.colcon_core.package_identification:_identify(src/ira_laser_tools/src) by extension 'ignore'
[0.463s] Level 1:colcon.colcon_core.package_identification:_identify(src/ira_laser_tools/src) by extension 'ignore_ament_install'
[0.463s] Level 1:colcon.colcon_core.package_identification:_identify(src/ira_laser_tools/src) by extensions ['colcon_pkg']
[0.463s] Level 1:colcon.colcon_core.package_identification:_identify(src/ira_laser_tools/src) by extension 'colcon_pkg'
[0.463s] Level 1:colcon.colcon_core.package_identification:_identify(src/ira_laser_tools/src) by extensions ['colcon_meta']
[0.463s] Level 1:colcon.colcon_core.package_identification:_identify(src/ira_laser_tools/src) by extension 'colcon_meta'
[0.463s] Level 1:colcon.colcon_core.package_identification:_identify(src/ira_laser_tools/src) by extensions ['ros']
[0.463s] Level 1:colcon.colcon_core.package_identification:_identify(src/ira_laser_tools/src) by extension 'ros'
[0.463s] Level 1:colcon.colcon_core.package_identification:_identify(src/ira_laser_tools/src) by extensions ['cmake', 'python']
[0.463s] Level 1:colcon.colcon_core.package_identification:_identify(src/ira_laser_tools/src) by extension 'cmake'
[0.463s] Level 1:colcon.colcon_core.package_identification:_identify(src/ira_laser_tools/src) by extension 'python'
[0.463s] Level 1:colcon.colcon_core.package_identification:_identify(src/ira_laser_tools/src) by extensions ['python_setup_py']
[0.463s] Level 1:colcon.colcon_core.package_identification:_identify(src/ira_laser_tools/src) by extension 'python_setup_py'
[0.463s] Level 1:colcon.colcon_core.package_identification:_identify(src/ira_laser_tools/src/ira_laser_tools) by extensions ['ignore', 'ignore_ament_install']
[0.464s] Level 1:colcon.colcon_core.package_identification:_identify(src/ira_laser_tools/src/ira_laser_tools) by extension 'ignore'
[0.464s] Level 1:colcon.colcon_core.package_identification:_identify(src/ira_laser_tools/src/ira_laser_tools) by extension 'ignore_ament_install'
[0.464s] Level 1:colcon.colcon_core.package_identification:_identify(src/ira_laser_tools/src/ira_laser_tools) by extensions ['colcon_pkg']
[0.464s] Level 1:colcon.colcon_core.package_identification:_identify(src/ira_laser_tools/src/ira_laser_tools) by extension 'colcon_pkg'
[0.464s] Level 1:colcon.colcon_core.package_identification:_identify(src/ira_laser_tools/src/ira_laser_tools) by extensions ['colcon_meta']
[0.464s] Level 1:colcon.colcon_core.package_identification:_identify(src/ira_laser_tools/src/ira_laser_tools) by extension 'colcon_meta'
[0.464s] Level 1:colcon.colcon_core.package_identification:_identify(src/ira_laser_tools/src/ira_laser_tools) by extensions ['ros']
[0.464s] Level 1:colcon.colcon_core.package_identification:_identify(src/ira_laser_tools/src/ira_laser_tools) by extension 'ros'
[0.467s] DEBUG:colcon.colcon_core.package_identification:Package 'src/ira_laser_tools/src/ira_laser_tools' with type 'ros.ament_cmake' and name 'ira_laser_tools'
[0.468s] Level 1:colcon.colcon_core.package_identification:_identify(src/mir_robot) by extensions ['ignore', 'ignore_ament_install']
[0.468s] Level 1:colcon.colcon_core.package_identification:_identify(src/mir_robot) by extension 'ignore'
[0.468s] Level 1:colcon.colcon_core.package_identification:_identify(src/mir_robot) by extension 'ignore_ament_install'
[0.468s] Level 1:colcon.colcon_core.package_identification:_identify(src/mir_robot) by extensions ['colcon_pkg']
[0.468s] Level 1:colcon.colcon_core.package_identification:_identify(src/mir_robot) by extension 'colcon_pkg'
[0.468s] Level 1:colcon.colcon_core.package_identification:_identify(src/mir_robot) by extensions ['colcon_meta']
[0.468s] Level 1:colcon.colcon_core.package_identification:_identify(src/mir_robot) by extension 'colcon_meta'
[0.468s] Level 1:colcon.colcon_core.package_identification:_identify(src/mir_robot) by extensions ['ros']
[0.468s] Level 1:colcon.colcon_core.package_identification:_identify(src/mir_robot) by extension 'ros'
[0.468s] Level 1:colcon.colcon_core.package_identification:_identify(src/mir_robot) by extensions ['cmake', 'python']
[0.468s] Level 1:colcon.colcon_core.package_identification:_identify(src/mir_robot) by extension 'cmake'
[0.468s] Level 1:colcon.colcon_core.package_identification:_identify(src/mir_robot) by extension 'python'
[0.468s] Level 1:colcon.colcon_core.package_identification:_identify(src/mir_robot) by extensions ['python_setup_py']
[0.468s] Level 1:colcon.colcon_core.package_identification:_identify(src/mir_robot) by extension 'python_setup_py'
[0.469s] Level 1:colcon.colcon_core.package_identification:_identify(src/mir_robot/Universal_Robots_ROS2_Description) by extensions ['ignore', 'ignore_ament_install']
[0.469s] Level 1:colcon.colcon_core.package_identification:_identify(src/mir_robot/Universal_Robots_ROS2_Description) by extension 'ignore'
[0.469s] Level 1:colcon.colcon_core.package_identification:_identify(src/mir_robot/Universal_Robots_ROS2_Description) by extension 'ignore_ament_install'
[0.469s] Level 1:colcon.colcon_core.package_identification:_identify(src/mir_robot/Universal_Robots_ROS2_Description) by extensions ['colcon_pkg']
[0.469s] Level 1:colcon.colcon_core.package_identification:_identify(src/mir_robot/Universal_Robots_ROS2_Description) by extension 'colcon_pkg'
[0.469s] Level 1:colcon.colcon_core.package_identification:_identify(src/mir_robot/Universal_Robots_ROS2_Description) by extensions ['colcon_meta']
[0.469s] Level 1:colcon.colcon_core.package_identification:_identify(src/mir_robot/Universal_Robots_ROS2_Description) by extension 'colcon_meta'
[0.469s] Level 1:colcon.colcon_core.package_identification:_identify(src/mir_robot/Universal_Robots_ROS2_Description) by extensions ['ros']
[0.469s] Level 1:colcon.colcon_core.package_identification:_identify(src/mir_robot/Universal_Robots_ROS2_Description) by extension 'ros'
[0.470s] DEBUG:colcon.colcon_core.package_identification:Package 'src/mir_robot/Universal_Robots_ROS2_Description' with type 'ros.ament_cmake' and name 'ur_description'
[0.470s] Level 1:colcon.colcon_core.package_identification:_identify(src/mir_robot/Universal_Robots_ROS2_Driver) by extensions ['ignore', 'ignore_ament_install']
[0.470s] Level 1:colcon.colcon_core.package_identification:_identify(src/mir_robot/Universal_Robots_ROS2_Driver) by extension 'ignore'
[0.471s] Level 1:colcon.colcon_core.package_identification:_identify(src/mir_robot/Universal_Robots_ROS2_Driver) ignored
[0.471s] Level 1:colcon.colcon_core.package_identification:_identify(src/mir_robot/gazebo_models) by extensions ['ignore', 'ignore_ament_install']
[0.471s] Level 1:colcon.colcon_core.package_identification:_identify(src/mir_robot/gazebo_models) by extension 'ignore'
[0.471s] Level 1:colcon.colcon_core.package_identification:_identify(src/mir_robot/gazebo_models) by extension 'ignore_ament_install'
[0.471s] Level 1:colcon.colcon_core.package_identification:_identify(src/mir_robot/gazebo_models) by extensions ['colcon_pkg']
[0.471s] Level 1:colcon.colcon_core.package_identification:_identify(src/mir_robot/gazebo_models) by extension 'colcon_pkg'
[0.471s] Level 1:colcon.colcon_core.package_identification:_identify(src/mir_robot/gazebo_models) by extensions ['colcon_meta']
[0.471s] Level 1:colcon.colcon_core.package_identification:_identify(src/mir_robot/gazebo_models) by extension 'colcon_meta'
[0.471s] Level 1:colcon.colcon_core.package_identification:_identify(src/mir_robot/gazebo_models) by extensions ['ros']
[0.471s] Level 1:colcon.colcon_core.package_identification:_identify(src/mir_robot/gazebo_models) by extension 'ros'
[0.471s] Level 1:colcon.colcon_core.package_identification:_identify(src/mir_robot/gazebo_models) by extensions ['cmake', 'python']
[0.471s] Level 1:colcon.colcon_core.package_identification:_identify(src/mir_robot/gazebo_models) by extension 'cmake'
[0.471s] Level 1:colcon.colcon_core.package_identification:_identify(src/mir_robot/gazebo_models) by extension 'python'
[0.471s] Level 1:colcon.colcon_core.package_identification:_identify(src/mir_robot/gazebo_models) by extensions ['python_setup_py']
[0.471s] Level 1:colcon.colcon_core.package_identification:_identify(src/mir_robot/gazebo_models) by extension 'python_setup_py'
[0.471s] Level 1:colcon.colcon_core.package_identification:_identify(src/mir_robot/gazebo_models/ar_tags) by extensions ['ignore', 'ignore_ament_install']
[0.472s] Level 1:colcon.colcon_core.package_identification:_identify(src/mir_robot/gazebo_models/ar_tags) by extension 'ignore'
[0.472s] Level 1:colcon.colcon_core.package_identification:_identify(src/mir_robot/gazebo_models/ar_tags) by extension 'ignore_ament_install'
[0.472s] Level 1:colcon.colcon_core.package_identification:_identify(src/mir_robot/gazebo_models/ar_tags) by extensions ['colcon_pkg']
[0.472s] Level 1:colcon.colcon_core.package_identification:_identify(src/mir_robot/gazebo_models/ar_tags) by extension 'colcon_pkg'
[0.472s] Level 1:colcon.colcon_core.package_identification:_identify(src/mir_robot/gazebo_models/ar_tags) by extensions ['colcon_meta']
[0.472s] Level 1:colcon.colcon_core.package_identification:_identify(src/mir_robot/gazebo_models/ar_tags) by extension 'colcon_meta'
[0.472s] Level 1:colcon.colcon_core.package_identification:_identify(src/mir_robot/gazebo_models/ar_tags) by extensions ['ros']
[0.472s] Level 1:colcon.colcon_core.package_identification:_identify(src/mir_robot/gazebo_models/ar_tags) by extension 'ros'
[0.472s] Level 1:colcon.colcon_core.package_identification:_identify(src/mir_robot/gazebo_models/ar_tags) by extensions ['cmake', 'python']
[0.472s] Level 1:colcon.colcon_core.package_identification:_identify(src/mir_robot/gazebo_models/ar_tags) by extension 'cmake'
[0.472s] Level 1:colcon.colcon_core.package_identification:_identify(src/mir_robot/gazebo_models/ar_tags) by extension 'python'
[0.472s] Level 1:colcon.colcon_core.package_identification:_identify(src/mir_robot/gazebo_models/ar_tags) by extensions ['python_setup_py']
[0.472s] Level 1:colcon.colcon_core.package_identification:_identify(src/mir_robot/gazebo_models/ar_tags) by extension 'python_setup_py'
[0.472s] Level 1:colcon.colcon_core.package_identification:_identify(src/mir_robot/gazebo_models/ar_tags/blend) by extensions ['ignore', 'ignore_ament_install']
[0.472s] Level 1:colcon.colcon_core.package_identification:_identify(src/mir_robot/gazebo_models/ar_tags/blend) by extension 'ignore'
[0.472s] Level 1:colcon.colcon_core.package_identification:_identify(src/mir_robot/gazebo_models/ar_tags/blend) by extension 'ignore_ament_install'
[0.473s] Level 1:colcon.colcon_core.package_identification:_identify(src/mir_robot/gazebo_models/ar_tags/blend) by extensions ['colcon_pkg']
[0.473s] Level 1:colcon.colcon_core.package_identification:_identify(src/mir_robot/gazebo_models/ar_tags/blend) by extension 'colcon_pkg'
[0.473s] Level 1:colcon.colcon_core.package_identification:_identify(src/mir_robot/gazebo_models/ar_tags/blend) by extensions ['colcon_meta']
[0.473s] Level 1:colcon.colcon_core.package_identification:_identify(src/mir_robot/gazebo_models/ar_tags/blend) by extension 'colcon_meta'
[0.473s] Level 1:colcon.colcon_core.package_identification:_identify(src/mir_robot/gazebo_models/ar_tags/blend) by extensions ['ros']
[0.473s] Level 1:colcon.colcon_core.package_identification:_identify(src/mir_robot/gazebo_models/ar_tags/blend) by extension 'ros'
[0.473s] Level 1:colcon.colcon_core.package_identification:_identify(src/mir_robot/gazebo_models/ar_tags/blend) by extensions ['cmake', 'python']
[0.473s] Level 1:colcon.colcon_core.package_identification:_identify(src/mir_robot/gazebo_models/ar_tags/blend) by extension 'cmake'
[0.473s] Level 1:colcon.colcon_core.package_identification:_identify(src/mir_robot/gazebo_models/ar_tags/blend) by extension 'python'
[0.473s] Level 1:colcon.colcon_core.package_identification:_identify(src/mir_robot/gazebo_models/ar_tags/blend) by extensions ['python_setup_py']
[0.473s] Level 1:colcon.colcon_core.package_identification:_identify(src/mir_robot/gazebo_models/ar_tags/blend) by extension 'python_setup_py'
[0.473s] Level 1:colcon.colcon_core.package_identification:_identify(src/mir_robot/gazebo_models/ar_tags/images) by extensions ['ignore', 'ignore_ament_install']
[0.473s] Level 1:colcon.colcon_core.package_identification:_identify(src/mir_robot/gazebo_models/ar_tags/images) by extension 'ignore'
[0.473s] Level 1:colcon.colcon_core.package_identification:_identify(src/mir_robot/gazebo_models/ar_tags/images) by extension 'ignore_ament_install'
[0.473s] Level 1:colcon.colcon_core.package_identification:_identify(src/mir_robot/gazebo_models/ar_tags/images) by extensions ['colcon_pkg']
[0.473s] Level 1:colcon.colcon_core.package_identification:_identify(src/mir_robot/gazebo_models/ar_tags/images) by extension 'colcon_pkg'
[0.473s] Level 1:colcon.colcon_core.package_identification:_identify(src/mir_robot/gazebo_models/ar_tags/images) by extensions ['colcon_meta']
[0.474s] Level 1:colcon.colcon_core.package_identification:_identify(src/mir_robot/gazebo_models/ar_tags/images) by extension 'colcon_meta'
[0.474s] Level 1:colcon.colcon_core.package_identification:_identify(src/mir_robot/gazebo_models/ar_tags/images) by extensions ['ros']
[0.474s] Level 1:colcon.colcon_core.package_identification:_identify(src/mir_robot/gazebo_models/ar_tags/images) by extension 'ros'
[0.474s] Level 1:colcon.colcon_core.package_identification:_identify(src/mir_robot/gazebo_models/ar_tags/images) by extensions ['cmake', 'python']
[0.474s] Level 1:colcon.colcon_core.package_identification:_identify(src/mir_robot/gazebo_models/ar_tags/images) by extension 'cmake'
[0.474s] Level 1:colcon.colcon_core.package_identification:_identify(src/mir_robot/gazebo_models/ar_tags/images) by extension 'python'
[0.474s] Level 1:colcon.colcon_core.package_identification:_identify(src/mir_robot/gazebo_models/ar_tags/images) by extensions ['python_setup_py']
[0.474s] Level 1:colcon.colcon_core.package_identification:_identify(src/mir_robot/gazebo_models/ar_tags/images) by extension 'python_setup_py'
[0.474s] Level 1:colcon.colcon_core.package_identification:_identify(src/mir_robot/gazebo_models/ar_tags/model) by extensions ['ignore', 'ignore_ament_install']
[0.474s] Level 1:colcon.colcon_core.package_identification:_identify(src/mir_robot/gazebo_models/ar_tags/model) by extension 'ignore'
[0.474s] Level 1:colcon.colcon_core.package_identification:_identify(src/mir_robot/gazebo_models/ar_tags/model) by extension 'ignore_ament_install'
[0.474s] Level 1:colcon.colcon_core.package_identification:_identify(src/mir_robot/gazebo_models/ar_tags/model) by extensions ['colcon_pkg']
[0.474s] Level 1:colcon.colcon_core.package_identification:_identify(src/mir_robot/gazebo_models/ar_tags/model) by extension 'colcon_pkg'
[0.474s] Level 1:colcon.colcon_core.package_identification:_identify(src/mir_robot/gazebo_models/ar_tags/model) by extensions ['colcon_meta']
[0.474s] Level 1:colcon.colcon_core.package_identification:_identify(src/mir_robot/gazebo_models/ar_tags/model) by extension 'colcon_meta'
[0.474s] Level 1:colcon.colcon_core.package_identification:_identify(src/mir_robot/gazebo_models/ar_tags/model) by extensions ['ros']
[0.475s] Level 1:colcon.colcon_core.package_identification:_identify(src/mir_robot/gazebo_models/ar_tags/model) by extension 'ros'
[0.475s] Level 1:colcon.colcon_core.package_identification:_identify(src/mir_robot/gazebo_models/ar_tags/model) by extensions ['cmake', 'python']
[0.475s] Level 1:colcon.colcon_core.package_identification:_identify(src/mir_robot/gazebo_models/ar_tags/model) by extension 'cmake'
[0.475s] Level 1:colcon.colcon_core.package_identification:_identify(src/mir_robot/gazebo_models/ar_tags/model) by extension 'python'
[0.475s] Level 1:colcon.colcon_core.package_identification:_identify(src/mir_robot/gazebo_models/ar_tags/model) by extensions ['python_setup_py']
[0.475s] Level 1:colcon.colcon_core.package_identification:_identify(src/mir_robot/gazebo_models/ar_tags/model) by extension 'python_setup_py'
[0.475s] Level 1:colcon.colcon_core.package_identification:_identify(src/mir_robot/gazebo_models/ar_tags/model/marker0) by extensions ['ignore', 'ignore_ament_install']
[0.475s] Level 1:colcon.colcon_core.package_identification:_identify(src/mir_robot/gazebo_models/ar_tags/model/marker0) by extension 'ignore'
[0.476s] Level 1:colcon.colcon_core.package_identification:_identify(src/mir_robot/gazebo_models/ar_tags/model/marker0) by extension 'ignore_ament_install'
[0.476s] Level 1:colcon.colcon_core.package_identification:_identify(src/mir_robot/gazebo_models/ar_tags/model/marker0) by extensions ['colcon_pkg']
[0.476s] Level 1:colcon.colcon_core.package_identification:_identify(src/mir_robot/gazebo_models/ar_tags/model/marker0) by extension 'colcon_pkg'
[0.476s] Level 1:colcon.colcon_core.package_identification:_identify(src/mir_robot/gazebo_models/ar_tags/model/marker0) by extensions ['colcon_meta']
[0.476s] Level 1:colcon.colcon_core.package_identification:_identify(src/mir_robot/gazebo_models/ar_tags/model/marker0) by extension 'colcon_meta'
[0.476s] Level 1:colcon.colcon_core.package_identification:_identify(src/mir_robot/gazebo_models/ar_tags/model/marker0) by extensions ['ros']
[0.476s] Level 1:colcon.colcon_core.package_identification:_identify(src/mir_robot/gazebo_models/ar_tags/model/marker0) by extension 'ros'
[0.476s] Level 1:colcon.colcon_core.package_identification:_identify(src/mir_robot/gazebo_models/ar_tags/model/marker0) by extensions ['cmake', 'python']
[0.476s] Level 1:colcon.colcon_core.package_identification:_identify(src/mir_robot/gazebo_models/ar_tags/model/marker0) by extension 'cmake'
[0.476s] Level 1:colcon.colcon_core.package_identification:_identify(src/mir_robot/gazebo_models/ar_tags/model/marker0) by extension 'python'
[0.476s] Level 1:colcon.colcon_core.package_identification:_identify(src/mir_robot/gazebo_models/ar_tags/model/marker0) by extensions ['python_setup_py']
[0.477s] Level 1:colcon.colcon_core.package_identification:_identify(src/mir_robot/gazebo_models/ar_tags/model/marker0) by extension 'python_setup_py'
[0.477s] Level 1:colcon.colcon_core.package_identification:_identify(src/mir_robot/gazebo_models/ar_tags/model/marker0/materials) by extensions ['ignore', 'ignore_ament_install']
[0.478s] Level 1:colcon.colcon_core.package_identification:_identify(src/mir_robot/gazebo_models/ar_tags/model/marker0/materials) by extension 'ignore'
[0.478s] Level 1:colcon.colcon_core.package_identification:_identify(src/mir_robot/gazebo_models/ar_tags/model/marker0/materials) by extension 'ignore_ament_install'
[0.479s] Level 1:colcon.colcon_core.package_identification:_identify(src/mir_robot/gazebo_models/ar_tags/model/marker0/materials) by extensions ['colcon_pkg']
[0.479s] Level 1:colcon.colcon_core.package_identification:_identify(src/mir_robot/gazebo_models/ar_tags/model/marker0/materials) by extension 'colcon_pkg'
[0.479s] Level 1:colcon.colcon_core.package_identification:_identify(src/mir_robot/gazebo_models/ar_tags/model/marker0/materials) by extensions ['colcon_meta']
[0.479s] Level 1:colcon.colcon_core.package_identification:_identify(src/mir_robot/gazebo_models/ar_tags/model/marker0/materials) by extension 'colcon_meta'
[0.479s] Level 1:colcon.colcon_core.package_identification:_identify(src/mir_robot/gazebo_models/ar_tags/model/marker0/materials) by extensions ['ros']
[0.479s] Level 1:colcon.colcon_core.package_identification:_identify(src/mir_robot/gazebo_models/ar_tags/model/marker0/materials) by extension 'ros'
[0.479s] Level 1:colcon.colcon_core.package_identification:_identify(src/mir_robot/gazebo_models/ar_tags/model/marker0/materials) by extensions ['cmake', 'python']
[0.479s] Level 1:colcon.colcon_core.package_identification:_identify(src/mir_robot/gazebo_models/ar_tags/model/marker0/materials) by extension 'cmake'
[0.479s] Level 1:colcon.colcon_core.package_identification:_identify(src/mir_robot/gazebo_models/ar_tags/model/marker0/materials) by extension 'python'
[0.479s] Level 1:colcon.colcon_core.package_identification:_identify(src/mir_robot/gazebo_models/ar_tags/model/marker0/materials) by extensions ['python_setup_py']
[0.479s] Level 1:colcon.colcon_core.package_identification:_identify(src/mir_robot/gazebo_models/ar_tags/model/marker0/materials) by extension 'python_setup_py'
[0.479s] Level 1:colcon.colcon_core.package_identification:_identify(src/mir_robot/gazebo_models/ar_tags/model/marker0/materials/textures) by extensions ['ignore', 'ignore_ament_install']
[0.479s] Level 1:colcon.colcon_core.package_identification:_identify(src/mir_robot/gazebo_models/ar_tags/model/marker0/materials/textures) by extension 'ignore'
[0.480s] Level 1:colcon.colcon_core.package_identification:_identify(src/mir_robot/gazebo_models/ar_tags/model/marker0/materials/textures) by extension 'ignore_ament_install'
[0.480s] Level 1:colcon.colcon_core.package_identification:_identify(src/mir_robot/gazebo_models/ar_tags/model/marker0/materials/textures) by extensions ['colcon_pkg']
[0.480s] Level 1:colcon.colcon_core.package_identification:_identify(src/mir_robot/gazebo_models/ar_tags/model/marker0/materials/textures) by extension 'colcon_pkg'
[0.480s] Level 1:colcon.colcon_core.package_identification:_identify(src/mir_robot/gazebo_models/ar_tags/model/marker0/materials/textures) by extensions ['colcon_meta']
[0.480s] Level 1:colcon.colcon_core.package_identification:_identify(src/mir_robot/gazebo_models/ar_tags/model/marker0/materials/textures) by extension 'colcon_meta'
[0.480s] Level 1:colcon.colcon_core.package_identification:_identify(src/mir_robot/gazebo_models/ar_tags/model/marker0/materials/textures) by extensions ['ros']
[0.480s] Level 1:colcon.colcon_core.package_identification:_identify(src/mir_robot/gazebo_models/ar_tags/model/marker0/materials/textures) by extension 'ros'
[0.480s] Level 1:colcon.colcon_core.package_identification:_identify(src/mir_robot/gazebo_models/ar_tags/model/marker0/materials/textures) by extensions ['cmake', 'python']
[0.480s] Level 1:colcon.colcon_core.package_identification:_identify(src/mir_robot/gazebo_models/ar_tags/model/marker0/materials/textures) by extension 'cmake'
[0.480s] Level 1:colcon.colcon_core.package_identification:_identify(src/mir_robot/gazebo_models/ar_tags/model/marker0/materials/textures) by extension 'python'
[0.480s] Level 1:colcon.colcon_core.package_identification:_identify(src/mir_robot/gazebo_models/ar_tags/model/marker0/materials/textures) by extensions ['python_setup_py']
[0.480s] Level 1:colcon.colcon_core.package_identification:_identify(src/mir_robot/gazebo_models/ar_tags/model/marker0/materials/textures) by extension 'python_setup_py'
[0.480s] Level 1:colcon.colcon_core.package_identification:_identify(src/mir_robot/gazebo_models/ar_tags/model/marker0/meshes) by extensions ['ignore', 'ignore_ament_install']
[0.480s] Level 1:colcon.colcon_core.package_identification:_identify(src/mir_robot/gazebo_models/ar_tags/model/marker0/meshes) by extension 'ignore'
[0.480s] Level 1:colcon.colcon_core.package_identification:_identify(src/mir_robot/gazebo_models/ar_tags/model/marker0/meshes) by extension 'ignore_ament_install'
[0.481s] Level 1:colcon.colcon_core.package_identification:_identify(src/mir_robot/gazebo_models/ar_tags/model/marker0/meshes) by extensions ['colcon_pkg']
[0.481s] Level 1:colcon.colcon_core.package_identification:_identify(src/mir_robot/gazebo_models/ar_tags/model/marker0/meshes) by extension 'colcon_pkg'
[0.481s] Level 1:colcon.colcon_core.package_identification:_identify(src/mir_robot/gazebo_models/ar_tags/model/marker0/meshes) by extensions ['colcon_meta']
[0.481s] Level 1:colcon.colcon_core.package_identification:_identify(src/mir_robot/gazebo_models/ar_tags/model/marker0/meshes) by extension 'colcon_meta'
[0.481s] Level 1:colcon.colcon_core.package_identification:_identify(src/mir_robot/gazebo_models/ar_tags/model/marker0/meshes) by extensions ['ros']
[0.481s] Level 1:colcon.colcon_core.package_identification:_identify(src/mir_robot/gazebo_models/ar_tags/model/marker0/meshes) by extension 'ros'
[0.481s] Level 1:colcon.colcon_core.package_identification:_identify(src/mir_robot/gazebo_models/ar_tags/model/marker0/meshes) by extensions ['cmake', 'python']
[0.481s] Level 1:colcon.colcon_core.package_identification:_identify(src/mir_robot/gazebo_models/ar_tags/model/marker0/meshes) by extension 'cmake'
[0.481s] Level 1:colcon.colcon_core.package_identification:_identify(src/mir_robot/gazebo_models/ar_tags/model/marker0/meshes) by extension 'python'
[0.481s] Level 1:colcon.colcon_core.package_identification:_identify(src/mir_robot/gazebo_models/ar_tags/model/marker0/meshes) by extensions ['python_setup_py']
[0.481s] Level 1:colcon.colcon_core.package_identification:_identify(src/mir_robot/gazebo_models/ar_tags/model/marker0/meshes) by extension 'python_setup_py'
[0.481s] Level 1:colcon.colcon_core.package_identification:_identify(src/mir_robot/gazebo_models/ar_tags/scripts) by extensions ['ignore', 'ignore_ament_install']
[0.481s] Level 1:colcon.colcon_core.package_identification:_identify(src/mir_robot/gazebo_models/ar_tags/scripts) by extension 'ignore'
[0.481s] Level 1:colcon.colcon_core.package_identification:_identify(src/mir_robot/gazebo_models/ar_tags/scripts) by extension 'ignore_ament_install'
[0.481s] Level 1:colcon.colcon_core.package_identification:_identify(src/mir_robot/gazebo_models/ar_tags/scripts) by extensions ['colcon_pkg']
[0.481s] Level 1:colcon.colcon_core.package_identification:_identify(src/mir_robot/gazebo_models/ar_tags/scripts) by extension 'colcon_pkg'
[0.482s] Level 1:colcon.colcon_core.package_identification:_identify(src/mir_robot/gazebo_models/ar_tags/scripts) by extensions ['colcon_meta']
[0.482s] Level 1:colcon.colcon_core.package_identification:_identify(src/mir_robot/gazebo_models/ar_tags/scripts) by extension 'colcon_meta'
[0.482s] Level 1:colcon.colcon_core.package_identification:_identify(src/mir_robot/gazebo_models/ar_tags/scripts) by extensions ['ros']
[0.482s] Level 1:colcon.colcon_core.package_identification:_identify(src/mir_robot/gazebo_models/ar_tags/scripts) by extension 'ros'
[0.482s] Level 1:colcon.colcon_core.package_identification:_identify(src/mir_robot/gazebo_models/ar_tags/scripts) by extensions ['cmake', 'python']
[0.482s] Level 1:colcon.colcon_core.package_identification:_identify(src/mir_robot/gazebo_models/ar_tags/scripts) by extension 'cmake'
[0.482s] Level 1:colcon.colcon_core.package_identification:_identify(src/mir_robot/gazebo_models/ar_tags/scripts) by extension 'python'
[0.482s] Level 1:colcon.colcon_core.package_identification:_identify(src/mir_robot/gazebo_models/ar_tags/scripts) by extensions ['python_setup_py']
[0.482s] Level 1:colcon.colcon_core.package_identification:_identify(src/mir_robot/gazebo_models/ar_tags/scripts) by extension 'python_setup_py'
[0.482s] Level 1:colcon.colcon_core.package_identification:_identify(src/mir_robot/mir_robot) by extensions ['ignore', 'ignore_ament_install']
[0.482s] Level 1:colcon.colcon_core.package_identification:_identify(src/mir_robot/mir_robot) by extension 'ignore'
[0.482s] Level 1:colcon.colcon_core.package_identification:_identify(src/mir_robot/mir_robot) by extension 'ignore_ament_install'
[0.482s] Level 1:colcon.colcon_core.package_identification:_identify(src/mir_robot/mir_robot) by extensions ['colcon_pkg']
[0.482s] Level 1:colcon.colcon_core.package_identification:_identify(src/mir_robot/mir_robot) by extension 'colcon_pkg'
[0.482s] Level 1:colcon.colcon_core.package_identification:_identify(src/mir_robot/mir_robot) by extensions ['colcon_meta']
[0.482s] Level 1:colcon.colcon_core.package_identification:_identify(src/mir_robot/mir_robot) by extension 'colcon_meta'
[0.482s] Level 1:colcon.colcon_core.package_identification:_identify(src/mir_robot/mir_robot) by extensions ['ros']
[0.482s] Level 1:colcon.colcon_core.package_identification:_identify(src/mir_robot/mir_robot) by extension 'ros'
[0.483s] Level 1:colcon.colcon_core.package_identification:_identify(src/mir_robot/mir_robot) by extensions ['cmake', 'python']
[0.483s] Level 1:colcon.colcon_core.package_identification:_identify(src/mir_robot/mir_robot) by extension 'cmake'
[0.483s] Level 1:colcon.colcon_core.package_identification:_identify(src/mir_robot/mir_robot) by extension 'python'
[0.483s] Level 1:colcon.colcon_core.package_identification:_identify(src/mir_robot/mir_robot) by extensions ['python_setup_py']
[0.483s] Level 1:colcon.colcon_core.package_identification:_identify(src/mir_robot/mir_robot) by extension 'python_setup_py'
[0.483s] Level 1:colcon.colcon_core.package_identification:_identify(src/mir_robot/mir_robot/doc) by extensions ['ignore', 'ignore_ament_install']
[0.483s] Level 1:colcon.colcon_core.package_identification:_identify(src/mir_robot/mir_robot/doc) by extension 'ignore'
[0.483s] Level 1:colcon.colcon_core.package_identification:_identify(src/mir_robot/mir_robot/doc) ignored
[0.483s] Level 1:colcon.colcon_core.package_identification:_identify(src/mir_robot/mir_robot/mir_description) by extensions ['ignore', 'ignore_ament_install']
[0.483s] Level 1:colcon.colcon_core.package_identification:_identify(src/mir_robot/mir_robot/mir_description) by extension 'ignore'
[0.483s] Level 1:colcon.colcon_core.package_identification:_identify(src/mir_robot/mir_robot/mir_description) by extension 'ignore_ament_install'
[0.483s] Level 1:colcon.colcon_core.package_identification:_identify(src/mir_robot/mir_robot/mir_description) by extensions ['colcon_pkg']
[0.483s] Level 1:colcon.colcon_core.package_identification:_identify(src/mir_robot/mir_robot/mir_description) by extension 'colcon_pkg'
[0.483s] Level 1:colcon.colcon_core.package_identification:_identify(src/mir_robot/mir_robot/mir_description) by extensions ['colcon_meta']
[0.483s] Level 1:colcon.colcon_core.package_identification:_identify(src/mir_robot/mir_robot/mir_description) by extension 'colcon_meta'
[0.484s] Level 1:colcon.colcon_core.package_identification:_identify(src/mir_robot/mir_robot/mir_description) by extensions ['ros']
[0.484s] Level 1:colcon.colcon_core.package_identification:_identify(src/mir_robot/mir_robot/mir_description) by extension 'ros'
[0.484s] DEBUG:colcon.colcon_core.package_identification:Package 'src/mir_robot/mir_robot/mir_description' with type 'ros.ament_cmake' and name 'mir_description'
[0.484s] Level 1:colcon.colcon_core.package_identification:_identify(src/mir_robot/mir_robot/mir_driver) by extensions ['ignore', 'ignore_ament_install']
[0.485s] Level 1:colcon.colcon_core.package_identification:_identify(src/mir_robot/mir_robot/mir_driver) by extension 'ignore'
[0.485s] Level 1:colcon.colcon_core.package_identification:_identify(src/mir_robot/mir_robot/mir_driver) by extension 'ignore_ament_install'
[0.485s] Level 1:colcon.colcon_core.package_identification:_identify(src/mir_robot/mir_robot/mir_driver) by extensions ['colcon_pkg']
[0.485s] Level 1:colcon.colcon_core.package_identification:_identify(src/mir_robot/mir_robot/mir_driver) by extension 'colcon_pkg'
[0.485s] Level 1:colcon.colcon_core.package_identification:_identify(src/mir_robot/mir_robot/mir_driver) by extensions ['colcon_meta']
[0.485s] Level 1:colcon.colcon_core.package_identification:_identify(src/mir_robot/mir_robot/mir_driver) by extension 'colcon_meta'
[0.485s] Level 1:colcon.colcon_core.package_identification:_identify(src/mir_robot/mir_robot/mir_driver) by extensions ['ros']
[0.485s] Level 1:colcon.colcon_core.package_identification:_identify(src/mir_robot/mir_robot/mir_driver) by extension 'ros'
[0.487s] DEBUG:colcon.colcon_core.package_identification:Package 'src/mir_robot/mir_robot/mir_driver' with type 'ros.ament_python' and name 'mir_driver'
[0.487s] Level 1:colcon.colcon_core.package_identification:_identify(src/mir_robot/mir_robot/mir_gazebo) by extensions ['ignore', 'ignore_ament_install']
[0.487s] Level 1:colcon.colcon_core.package_identification:_identify(src/mir_robot/mir_robot/mir_gazebo) by extension 'ignore'
[0.487s] Level 1:colcon.colcon_core.package_identification:_identify(src/mir_robot/mir_robot/mir_gazebo) by extension 'ignore_ament_install'
[0.488s] Level 1:colcon.colcon_core.package_identification:_identify(src/mir_robot/mir_robot/mir_gazebo) by extensions ['colcon_pkg']
[0.488s] Level 1:colcon.colcon_core.package_identification:_identify(src/mir_robot/mir_robot/mir_gazebo) by extension 'colcon_pkg'
[0.488s] Level 1:colcon.colcon_core.package_identification:_identify(src/mir_robot/mir_robot/mir_gazebo) by extensions ['colcon_meta']
[0.488s] Level 1:colcon.colcon_core.package_identification:_identify(src/mir_robot/mir_robot/mir_gazebo) by extension 'colcon_meta'
[0.488s] Level 1:colcon.colcon_core.package_identification:_identify(src/mir_robot/mir_robot/mir_gazebo) by extensions ['ros']
[0.488s] Level 1:colcon.colcon_core.package_identification:_identify(src/mir_robot/mir_robot/mir_gazebo) by extension 'ros'
[0.490s] DEBUG:colcon.colcon_core.package_identification:Package 'src/mir_robot/mir_robot/mir_gazebo' with type 'ros.ament_cmake' and name 'mir_gazebo'
[0.490s] Level 1:colcon.colcon_core.package_identification:_identify(src/mir_robot/mir_robot/mir_msgs) by extensions ['ignore', 'ignore_ament_install']
[0.490s] Level 1:colcon.colcon_core.package_identification:_identify(src/mir_robot/mir_robot/mir_msgs) by extension 'ignore'
[0.490s] Level 1:colcon.colcon_core.package_identification:_identify(src/mir_robot/mir_robot/mir_msgs) by extension 'ignore_ament_install'
[0.490s] Level 1:colcon.colcon_core.package_identification:_identify(src/mir_robot/mir_robot/mir_msgs) by extensions ['colcon_pkg']
[0.490s] Level 1:colcon.colcon_core.package_identification:_identify(src/mir_robot/mir_robot/mir_msgs) by extension 'colcon_pkg'
[0.490s] Level 1:colcon.colcon_core.package_identification:_identify(src/mir_robot/mir_robot/mir_msgs) by extensions ['colcon_meta']
[0.490s] Level 1:colcon.colcon_core.package_identification:_identify(src/mir_robot/mir_robot/mir_msgs) by extension 'colcon_meta'
[0.490s] Level 1:colcon.colcon_core.package_identification:_identify(src/mir_robot/mir_robot/mir_msgs) by extensions ['ros']
[0.490s] Level 1:colcon.colcon_core.package_identification:_identify(src/mir_robot/mir_robot/mir_msgs) by extension 'ros'
[0.501s] DEBUG:colcon.colcon_core.package_identification:Package 'src/mir_robot/mir_robot/mir_msgs' with type 'ros.ament_cmake' and name 'mir_msgs'
[0.502s] Level 1:colcon.colcon_core.package_identification:_identify(src/mir_robot/mir_robot/mir_navigation) by extensions ['ignore', 'ignore_ament_install']
[0.502s] Level 1:colcon.colcon_core.package_identification:_identify(src/mir_robot/mir_robot/mir_navigation) by extension 'ignore'
[0.502s] Level 1:colcon.colcon_core.package_identification:_identify(src/mir_robot/mir_robot/mir_navigation) by extension 'ignore_ament_install'
[0.502s] Level 1:colcon.colcon_core.package_identification:_identify(src/mir_robot/mir_robot/mir_navigation) by extensions ['colcon_pkg']
[0.502s] Level 1:colcon.colcon_core.package_identification:_identify(src/mir_robot/mir_robot/mir_navigation) by extension 'colcon_pkg'
[0.502s] Level 1:colcon.colcon_core.package_identification:_identify(src/mir_robot/mir_robot/mir_navigation) by extensions ['colcon_meta']
[0.502s] Level 1:colcon.colcon_core.package_identification:_identify(src/mir_robot/mir_robot/mir_navigation) by extension 'colcon_meta'
[0.502s] Level 1:colcon.colcon_core.package_identification:_identify(src/mir_robot/mir_robot/mir_navigation) by extensions ['ros']
[0.502s] Level 1:colcon.colcon_core.package_identification:_identify(src/mir_robot/mir_robot/mir_navigation) by extension 'ros'
[0.503s] DEBUG:colcon.colcon_core.package_identification:Package 'src/mir_robot/mir_robot/mir_navigation' with type 'ros.ament_cmake' and name 'mir_navigation'
[0.504s] Level 1:colcon.colcon_core.package_identification:_identify(src/mir_robot/mir_robot/mir_restapi) by extensions ['ignore', 'ignore_ament_install']
[0.504s] Level 1:colcon.colcon_core.package_identification:_identify(src/mir_robot/mir_robot/mir_restapi) by extension 'ignore'
[0.504s] Level 1:colcon.colcon_core.package_identification:_identify(src/mir_robot/mir_robot/mir_restapi) by extension 'ignore_ament_install'
[0.504s] Level 1:colcon.colcon_core.package_identification:_identify(src/mir_robot/mir_robot/mir_restapi) by extensions ['colcon_pkg']
[0.504s] Level 1:colcon.colcon_core.package_identification:_identify(src/mir_robot/mir_robot/mir_restapi) by extension 'colcon_pkg'
[0.504s] Level 1:colcon.colcon_core.package_identification:_identify(src/mir_robot/mir_robot/mir_restapi) by extensions ['colcon_meta']
[0.504s] Level 1:colcon.colcon_core.package_identification:_identify(src/mir_robot/mir_robot/mir_restapi) by extension 'colcon_meta'
[0.504s] Level 1:colcon.colcon_core.package_identification:_identify(src/mir_robot/mir_robot/mir_restapi) by extensions ['ros']
[0.504s] Level 1:colcon.colcon_core.package_identification:_identify(src/mir_robot/mir_robot/mir_restapi) by extension 'ros'
[0.505s] DEBUG:colcon.colcon_core.package_identification:Package 'src/mir_robot/mir_robot/mir_restapi' with type 'ros.ament_python' and name 'mir_restapi'
[0.505s] Level 1:colcon.colcon_core.package_identification:_identify(src/mir_robot/mir_robot/mir_robot) by extensions ['ignore', 'ignore_ament_install']
[0.505s] Level 1:colcon.colcon_core.package_identification:_identify(src/mir_robot/mir_robot/mir_robot) by extension 'ignore'
[0.505s] Level 1:colcon.colcon_core.package_identification:_identify(src/mir_robot/mir_robot/mir_robot) by extension 'ignore_ament_install'
[0.506s] Level 1:colcon.colcon_core.package_identification:_identify(src/mir_robot/mir_robot/mir_robot) by extensions ['colcon_pkg']
[0.506s] Level 1:colcon.colcon_core.package_identification:_identify(src/mir_robot/mir_robot/mir_robot) by extension 'colcon_pkg'
[0.506s] Level 1:colcon.colcon_core.package_identification:_identify(src/mir_robot/mir_robot/mir_robot) by extensions ['colcon_meta']
[0.506s] Level 1:colcon.colcon_core.package_identification:_identify(src/mir_robot/mir_robot/mir_robot) by extension 'colcon_meta'
[0.506s] Level 1:colcon.colcon_core.package_identification:_identify(src/mir_robot/mir_robot/mir_robot) by extensions ['ros']
[0.506s] Level 1:colcon.colcon_core.package_identification:_identify(src/mir_robot/mir_robot/mir_robot) by extension 'ros'
[0.507s] DEBUG:colcon.colcon_core.package_identification:Package 'src/mir_robot/mir_robot/mir_robot' with type 'ros.ament_cmake' and name 'mir_robot'
[0.507s] Level 1:colcon.colcon_core.package_identification:_identify(src/mir_robot/point_cloud_functions) by extensions ['ignore', 'ignore_ament_install']
[0.507s] Level 1:colcon.colcon_core.package_identification:_identify(src/mir_robot/point_cloud_functions) by extension 'ignore'
[0.507s] Level 1:colcon.colcon_core.package_identification:_identify(src/mir_robot/point_cloud_functions) by extension 'ignore_ament_install'
[0.507s] Level 1:colcon.colcon_core.package_identification:_identify(src/mir_robot/point_cloud_functions) by extensions ['colcon_pkg']
[0.507s] Level 1:colcon.colcon_core.package_identification:_identify(src/mir_robot/point_cloud_functions) by extension 'colcon_pkg'
[0.507s] Level 1:colcon.colcon_core.package_identification:_identify(src/mir_robot/point_cloud_functions) by extensions ['colcon_meta']
[0.507s] Level 1:colcon.colcon_core.package_identification:_identify(src/mir_robot/point_cloud_functions) by extension 'colcon_meta'
[0.507s] Level 1:colcon.colcon_core.package_identification:_identify(src/mir_robot/point_cloud_functions) by extensions ['ros']
[0.507s] Level 1:colcon.colcon_core.package_identification:_identify(src/mir_robot/point_cloud_functions) by extension 'ros'
[0.508s] DEBUG:colcon.colcon_core.package_identification:Package 'src/mir_robot/point_cloud_functions' with type 'ros.ament_python' and name 'point_cloud_functions'
[0.508s] Level 1:colcon.colcon_core.package_identification:_identify(src/mir_robot/realsense2_description) by extensions ['ignore', 'ignore_ament_install']
[0.508s] Level 1:colcon.colcon_core.package_identification:_identify(src/mir_robot/realsense2_description) by extension 'ignore'
[0.508s] Level 1:colcon.colcon_core.package_identification:_identify(src/mir_robot/realsense2_description) by extension 'ignore_ament_install'
[0.509s] Level 1:colcon.colcon_core.package_identification:_identify(src/mir_robot/realsense2_description) by extensions ['colcon_pkg']
[0.509s] Level 1:colcon.colcon_core.package_identification:_identify(src/mir_robot/realsense2_description) by extension 'colcon_pkg'
[0.509s] Level 1:colcon.colcon_core.package_identification:_identify(src/mir_robot/realsense2_description) by extensions ['colcon_meta']
[0.509s] Level 1:colcon.colcon_core.package_identification:_identify(src/mir_robot/realsense2_description) by extension 'colcon_meta'
[0.509s] Level 1:colcon.colcon_core.package_identification:_identify(src/mir_robot/realsense2_description) by extensions ['ros']
[0.509s] Level 1:colcon.colcon_core.package_identification:_identify(src/mir_robot/realsense2_description) by extension 'ros'
[0.510s] DEBUG:colcon.colcon_core.package_identification:Package 'src/mir_robot/realsense2_description' with type 'ros.ament_cmake' and name 'realsense2_description'
[0.510s] Level 1:colcon.colcon_core.package_identification:_identify(src/mir_robot/realsense_gazebo_plugin) by extensions ['ignore', 'ignore_ament_install']
[0.510s] Level 1:colcon.colcon_core.package_identification:_identify(src/mir_robot/realsense_gazebo_plugin) by extension 'ignore'
[0.510s] Level 1:colcon.colcon_core.package_identification:_identify(src/mir_robot/realsense_gazebo_plugin) by extension 'ignore_ament_install'
[0.510s] Level 1:colcon.colcon_core.package_identification:_identify(src/mir_robot/realsense_gazebo_plugin) by extensions ['colcon_pkg']
[0.510s] Level 1:colcon.colcon_core.package_identification:_identify(src/mir_robot/realsense_gazebo_plugin) by extension 'colcon_pkg'
[0.510s] Level 1:colcon.colcon_core.package_identification:_identify(src/mir_robot/realsense_gazebo_plugin) by extensions ['colcon_meta']
[0.510s] Level 1:colcon.colcon_core.package_identification:_identify(src/mir_robot/realsense_gazebo_plugin) by extension 'colcon_meta'
[0.510s] Level 1:colcon.colcon_core.package_identification:_identify(src/mir_robot/realsense_gazebo_plugin) by extensions ['ros']
[0.510s] Level 1:colcon.colcon_core.package_identification:_identify(src/mir_robot/realsense_gazebo_plugin) by extension 'ros'
[0.511s] DEBUG:colcon.colcon_core.package_identification:Package 'src/mir_robot/realsense_gazebo_plugin' with type 'ros.ament_cmake' and name 'realsense_gazebo_plugin'
[0.511s] Level 1:colcon.colcon_core.package_identification:_identify(src/mir_robot/robotiq_description) by extensions ['ignore', 'ignore_ament_install']
[0.511s] Level 1:colcon.colcon_core.package_identification:_identify(src/mir_robot/robotiq_description) by extension 'ignore'
[0.511s] Level 1:colcon.colcon_core.package_identification:_identify(src/mir_robot/robotiq_description) by extension 'ignore_ament_install'
[0.511s] Level 1:colcon.colcon_core.package_identification:_identify(src/mir_robot/robotiq_description) by extensions ['colcon_pkg']
[0.512s] Level 1:colcon.colcon_core.package_identification:_identify(src/mir_robot/robotiq_description) by extension 'colcon_pkg'
[0.512s] Level 1:colcon.colcon_core.package_identification:_identify(src/mir_robot/robotiq_description) by extensions ['colcon_meta']
[0.512s] Level 1:colcon.colcon_core.package_identification:_identify(src/mir_robot/robotiq_description) by extension 'colcon_meta'
[0.512s] Level 1:colcon.colcon_core.package_identification:_identify(src/mir_robot/robotiq_description) by extensions ['ros']
[0.512s] Level 1:colcon.colcon_core.package_identification:_identify(src/mir_robot/robotiq_description) by extension 'ros'
[0.512s] DEBUG:colcon.colcon_core.package_identification:Package 'src/mir_robot/robotiq_description' with type 'ros.ament_cmake' and name 'robotiq_description'
[0.512s] Level 1:colcon.colcon_core.package_identification:_identify(src/mir_robot/ros2_aruco) by extensions ['ignore', 'ignore_ament_install']
[0.512s] Level 1:colcon.colcon_core.package_identification:_identify(src/mir_robot/ros2_aruco) by extension 'ignore'
[0.513s] Level 1:colcon.colcon_core.package_identification:_identify(src/mir_robot/ros2_aruco) by extension 'ignore_ament_install'
[0.513s] Level 1:colcon.colcon_core.package_identification:_identify(src/mir_robot/ros2_aruco) by extensions ['colcon_pkg']
[0.513s] Level 1:colcon.colcon_core.package_identification:_identify(src/mir_robot/ros2_aruco) by extension 'colcon_pkg'
[0.513s] Level 1:colcon.colcon_core.package_identification:_identify(src/mir_robot/ros2_aruco) by extensions ['colcon_meta']
[0.513s] Level 1:colcon.colcon_core.package_identification:_identify(src/mir_robot/ros2_aruco) by extension 'colcon_meta'
[0.513s] Level 1:colcon.colcon_core.package_identification:_identify(src/mir_robot/ros2_aruco) by extensions ['ros']
[0.513s] Level 1:colcon.colcon_core.package_identification:_identify(src/mir_robot/ros2_aruco) by extension 'ros'
[0.513s] Level 1:colcon.colcon_core.package_identification:_identify(src/mir_robot/ros2_aruco) by extensions ['cmake', 'python']
[0.513s] Level 1:colcon.colcon_core.package_identification:_identify(src/mir_robot/ros2_aruco) by extension 'cmake'
[0.513s] Level 1:colcon.colcon_core.package_identification:_identify(src/mir_robot/ros2_aruco) by extension 'python'
[0.513s] Level 1:colcon.colcon_core.package_identification:_identify(src/mir_robot/ros2_aruco) by extensions ['python_setup_py']
[0.513s] Level 1:colcon.colcon_core.package_identification:_identify(src/mir_robot/ros2_aruco) by extension 'python_setup_py'
[0.513s] Level 1:colcon.colcon_core.package_identification:_identify(src/mir_robot/ros2_aruco/ros2_aruco) by extensions ['ignore', 'ignore_ament_install']
[0.513s] Level 1:colcon.colcon_core.package_identification:_identify(src/mir_robot/ros2_aruco/ros2_aruco) by extension 'ignore'
[0.513s] Level 1:colcon.colcon_core.package_identification:_identify(src/mir_robot/ros2_aruco/ros2_aruco) by extension 'ignore_ament_install'
[0.513s] Level 1:colcon.colcon_core.package_identification:_identify(src/mir_robot/ros2_aruco/ros2_aruco) by extensions ['colcon_pkg']
[0.513s] Level 1:colcon.colcon_core.package_identification:_identify(src/mir_robot/ros2_aruco/ros2_aruco) by extension 'colcon_pkg'
[0.514s] Level 1:colcon.colcon_core.package_identification:_identify(src/mir_robot/ros2_aruco/ros2_aruco) by extensions ['colcon_meta']
[0.514s] Level 1:colcon.colcon_core.package_identification:_identify(src/mir_robot/ros2_aruco/ros2_aruco) by extension 'colcon_meta'
[0.514s] Level 1:colcon.colcon_core.package_identification:_identify(src/mir_robot/ros2_aruco/ros2_aruco) by extensions ['ros']
[0.514s] Level 1:colcon.colcon_core.package_identification:_identify(src/mir_robot/ros2_aruco/ros2_aruco) by extension 'ros'
[0.515s] DEBUG:colcon.colcon_core.package_identification:Package 'src/mir_robot/ros2_aruco/ros2_aruco' with type 'ros.ament_python' and name 'ros2_aruco'
[0.515s] Level 1:colcon.colcon_core.package_identification:_identify(src/mir_robot/ros2_aruco/ros2_aruco_interfaces) by extensions ['ignore', 'ignore_ament_install']
[0.515s] Level 1:colcon.colcon_core.package_identification:_identify(src/mir_robot/ros2_aruco/ros2_aruco_interfaces) by extension 'ignore'
[0.515s] Level 1:colcon.colcon_core.package_identification:_identify(src/mir_robot/ros2_aruco/ros2_aruco_interfaces) by extension 'ignore_ament_install'
[0.516s] Level 1:colcon.colcon_core.package_identification:_identify(src/mir_robot/ros2_aruco/ros2_aruco_interfaces) by extensions ['colcon_pkg']
[0.516s] Level 1:colcon.colcon_core.package_identification:_identify(src/mir_robot/ros2_aruco/ros2_aruco_interfaces) by extension 'colcon_pkg'
[0.516s] Level 1:colcon.colcon_core.package_identification:_identify(src/mir_robot/ros2_aruco/ros2_aruco_interfaces) by extensions ['colcon_meta']
[0.516s] Level 1:colcon.colcon_core.package_identification:_identify(src/mir_robot/ros2_aruco/ros2_aruco_interfaces) by extension 'colcon_meta'
[0.516s] Level 1:colcon.colcon_core.package_identification:_identify(src/mir_robot/ros2_aruco/ros2_aruco_interfaces) by extensions ['ros']
[0.516s] Level 1:colcon.colcon_core.package_identification:_identify(src/mir_robot/ros2_aruco/ros2_aruco_interfaces) by extension 'ros'
[0.516s] DEBUG:colcon.colcon_core.package_identification:Package 'src/mir_robot/ros2_aruco/ros2_aruco_interfaces' with type 'ros.ament_cmake' and name 'ros2_aruco_interfaces'
[0.517s] Level 1:colcon.colcon_core.package_identification:_identify(src/mir_robot/simple_moveit2_universal_robots_movement) by extensions ['ignore', 'ignore_ament_install']
[0.517s] Level 1:colcon.colcon_core.package_identification:_identify(src/mir_robot/simple_moveit2_universal_robots_movement) by extension 'ignore'
[0.517s] Level 1:colcon.colcon_core.package_identification:_identify(src/mir_robot/simple_moveit2_universal_robots_movement) by extension 'ignore_ament_install'
[0.517s] Level 1:colcon.colcon_core.package_identification:_identify(src/mir_robot/simple_moveit2_universal_robots_movement) by extensions ['colcon_pkg']
[0.517s] Level 1:colcon.colcon_core.package_identification:_identify(src/mir_robot/simple_moveit2_universal_robots_movement) by extension 'colcon_pkg'
[0.517s] Level 1:colcon.colcon_core.package_identification:_identify(src/mir_robot/simple_moveit2_universal_robots_movement) by extensions ['colcon_meta']
[0.517s] Level 1:colcon.colcon_core.package_identification:_identify(src/mir_robot/simple_moveit2_universal_robots_movement) by extension 'colcon_meta'
[0.517s] Level 1:colcon.colcon_core.package_identification:_identify(src/mir_robot/simple_moveit2_universal_robots_movement) by extensions ['ros']
[0.517s] Level 1:colcon.colcon_core.package_identification:_identify(src/mir_robot/simple_moveit2_universal_robots_movement) by extension 'ros'
[0.518s] DEBUG:colcon.colcon_core.package_identification:Package 'src/mir_robot/simple_moveit2_universal_robots_movement' with type 'ros.ament_cmake' and name 'hello_moveit_ur'
[0.518s] Level 1:colcon.colcon_core.package_identification:_identify(src/twist_stamper) by extensions ['ignore', 'ignore_ament_install']
[0.518s] Level 1:colcon.colcon_core.package_identification:_identify(src/twist_stamper) by extension 'ignore'
[0.518s] Level 1:colcon.colcon_core.package_identification:_identify(src/twist_stamper) by extension 'ignore_ament_install'
[0.518s] Level 1:colcon.colcon_core.package_identification:_identify(src/twist_stamper) by extensions ['colcon_pkg']
[0.518s] Level 1:colcon.colcon_core.package_identification:_identify(src/twist_stamper) by extension 'colcon_pkg'
[0.518s] Level 1:colcon.colcon_core.package_identification:_identify(src/twist_stamper) by extensions ['colcon_meta']
[0.518s] Level 1:colcon.colcon_core.package_identification:_identify(src/twist_stamper) by extension 'colcon_meta'
[0.518s] Level 1:colcon.colcon_core.package_identification:_identify(src/twist_stamper) by extensions ['ros']
[0.518s] Level 1:colcon.colcon_core.package_identification:_identify(src/twist_stamper) by extension 'ros'
[0.519s] DEBUG:colcon.colcon_core.package_identification:Package 'src/twist_stamper' with type 'ros.ament_python' and name 'twist_stamper'
[0.519s] Level 1:colcon.colcon_core.package_discovery:discover_packages(recursive) using defaults
[0.519s] Level 1:colcon.colcon_core.package_discovery:discover_packages(ignore) discover
[0.519s] Level 1:colcon.colcon_core.package_discovery:discover_packages(ignore) using defaults
[0.519s] Level 1:colcon.colcon_core.package_discovery:discover_packages(path) discover
[0.519s] Level 1:colcon.colcon_core.package_discovery:discover_packages(path) using defaults
[0.556s] Level 1:colcon.colcon_core.package_discovery:discover_packages(prefix_path) check parameters
[0.556s] Level 1:colcon.colcon_core.package_discovery:discover_packages(prefix_path) discover
[0.562s] DEBUG:colcon.colcon_installed_package_information.package_discovery:Found 459 installed packages in /opt/ros/humble
[0.565s] Level 1:colcon.colcon_core.package_discovery:discover_packages(prefix_path) using defaults
[0.792s] WARNING:colcon.colcon_core.package_selection:Some selected packages are already built in one or more underlay workspaces:
	'ur_description' is in: /opt/ros/humble
If a package in a merged underlay workspace is overridden and it installs headers, then all packages in the overlay must sort their include directories by workspace order. Failure to do so may result in build failures or undefined behavior at run time.
If the overridden package is used by another package in any underlay, then the overriding package in the overlay must be API and ABI compatible or undefined behavior at run time may occur.

If you understand the risks and want to override a package anyways, add the following to the command line:
	--allow-overriding ur_description

This may be promoted to an error in a future release of colcon-override-check.
[0.794s] Level 5:colcon.colcon_core.verb:set package 'hello_moveit_ur' build argument 'cmake_args' from command line to 'None'
[0.794s] Level 5:colcon.colcon_core.verb:set package 'hello_moveit_ur' build argument 'cmake_target' from command line to 'None'
[0.794s] Level 5:colcon.colcon_core.verb:set package 'hello_moveit_ur' build argument 'cmake_target_skip_unavailable' from command line to 'False'
[0.794s] Level 5:colcon.colcon_core.verb:set package 'hello_moveit_ur' build argument 'cmake_clean_cache' from command line to 'False'
[0.794s] Level 5:colcon.colcon_core.verb:set package 'hello_moveit_ur' build argument 'cmake_clean_first' from command line to 'False'
[0.794s] Level 5:colcon.colcon_core.verb:set package 'hello_moveit_ur' build argument 'cmake_force_configure' from command line to 'False'
[0.794s] Level 5:colcon.colcon_core.verb:set package 'hello_moveit_ur' build argument 'ament_cmake_args' from command line to 'None'
[0.794s] Level 5:colcon.colcon_core.verb:set package 'hello_moveit_ur' build argument 'catkin_cmake_args' from command line to 'None'
[0.794s] Level 5:colcon.colcon_core.verb:set package 'hello_moveit_ur' build argument 'catkin_skip_building_tests' from command line to 'False'
[0.794s] DEBUG:colcon.colcon_core.verb:Building package 'hello_moveit_ur' with the following arguments: {'ament_cmake_args': None, 'build_base': '/home/rahul/Mir_robot/build/hello_moveit_ur', 'catkin_cmake_args': None, 'catkin_skip_building_tests': False, 'cmake_args': None, 'cmake_clean_cache': False, 'cmake_clean_first': False, 'cmake_force_configure': False, 'cmake_target': None, 'cmake_target_skip_unavailable': False, 'install_base': '/home/rahul/Mir_robot/install/hello_moveit_ur', 'merge_install': False, 'path': '/home/rahul/Mir_robot/src/mir_robot/simple_moveit2_universal_robots_movement', 'symlink_install': True, 'test_result_base': None}
[0.795s] Level 5:colcon.colcon_core.verb:set package 'ira_laser_tools' build argument 'cmake_args' from command line to 'None'
[0.795s] Level 5:colcon.colcon_core.verb:set package 'ira_laser_tools' build argument 'cmake_target' from command line to 'None'
[0.795s] Level 5:colcon.colcon_core.verb:set package 'ira_laser_tools' build argument 'cmake_target_skip_unavailable' from command line to 'False'
[0.795s] Level 5:colcon.colcon_core.verb:set package 'ira_laser_tools' build argument 'cmake_clean_cache' from command line to 'False'
[0.795s] Level 5:colcon.colcon_core.verb:set package 'ira_laser_tools' build argument 'cmake_clean_first' from command line to 'False'
[0.795s] Level 5:colcon.colcon_core.verb:set package 'ira_laser_tools' build argument 'cmake_force_configure' from command line to 'False'
[0.795s] Level 5:colcon.colcon_core.verb:set package 'ira_laser_tools' build argument 'ament_cmake_args' from command line to 'None'
[0.795s] Level 5:colcon.colcon_core.verb:set package 'ira_laser_tools' build argument 'catkin_cmake_args' from command line to 'None'
[0.795s] Level 5:colcon.colcon_core.verb:set package 'ira_laser_tools' build argument 'catkin_skip_building_tests' from command line to 'False'
[0.795s] DEBUG:colcon.colcon_core.verb:Building package 'ira_laser_tools' with the following arguments: {'ament_cmake_args': None, 'build_base': '/home/rahul/Mir_robot/build/ira_laser_tools', 'catkin_cmake_args': None, 'catkin_skip_building_tests': False, 'cmake_args': None, 'cmake_clean_cache': False, 'cmake_clean_first': False, 'cmake_force_configure': False, 'cmake_target': None, 'cmake_target_skip_unavailable': False, 'install_base': '/home/rahul/Mir_robot/install/ira_laser_tools', 'merge_install': False, 'path': '/home/rahul/Mir_robot/src/ira_laser_tools/src/ira_laser_tools', 'symlink_install': True, 'test_result_base': None}
[0.795s] Level 5:colcon.colcon_core.verb:set package 'mir_description' build argument 'cmake_args' from command line to 'None'
[0.795s] Level 5:colcon.colcon_core.verb:set package 'mir_description' build argument 'cmake_target' from command line to 'None'
[0.796s] Level 5:colcon.colcon_core.verb:set package 'mir_description' build argument 'cmake_target_skip_unavailable' from command line to 'False'
[0.796s] Level 5:colcon.colcon_core.verb:set package 'mir_description' build argument 'cmake_clean_cache' from command line to 'False'
[0.796s] Level 5:colcon.colcon_core.verb:set package 'mir_description' build argument 'cmake_clean_first' from command line to 'False'
[0.796s] Level 5:colcon.colcon_core.verb:set package 'mir_description' build argument 'cmake_force_configure' from command line to 'False'
[0.796s] Level 5:colcon.colcon_core.verb:set package 'mir_description' build argument 'ament_cmake_args' from command line to 'None'
[0.796s] Level 5:colcon.colcon_core.verb:set package 'mir_description' build argument 'catkin_cmake_args' from command line to 'None'
[0.796s] Level 5:colcon.colcon_core.verb:set package 'mir_description' build argument 'catkin_skip_building_tests' from command line to 'False'
[0.796s] DEBUG:colcon.colcon_core.verb:Building package 'mir_description' with the following arguments: {'ament_cmake_args': None, 'build_base': '/home/rahul/Mir_robot/build/mir_description', 'catkin_cmake_args': None, 'catkin_skip_building_tests': False, 'cmake_args': None, 'cmake_clean_cache': False, 'cmake_clean_first': False, 'cmake_force_configure': False, 'cmake_target': None, 'cmake_target_skip_unavailable': False, 'install_base': '/home/rahul/Mir_robot/install/mir_description', 'merge_install': False, 'path': '/home/rahul/Mir_robot/src/mir_robot/mir_robot/mir_description', 'symlink_install': True, 'test_result_base': None}
[0.796s] Level 5:colcon.colcon_core.verb:set package 'mir_msgs' build argument 'cmake_args' from command line to 'None'
[0.796s] Level 5:colcon.colcon_core.verb:set package 'mir_msgs' build argument 'cmake_target' from command line to 'None'
[0.796s] Level 5:colcon.colcon_core.verb:set package 'mir_msgs' build argument 'cmake_target_skip_unavailable' from command line to 'False'
[0.796s] Level 5:colcon.colcon_core.verb:set package 'mir_msgs' build argument 'cmake_clean_cache' from command line to 'False'
[0.796s] Level 5:colcon.colcon_core.verb:set package 'mir_msgs' build argument 'cmake_clean_first' from command line to 'False'
[0.796s] Level 5:colcon.colcon_core.verb:set package 'mir_msgs' build argument 'cmake_force_configure' from command line to 'False'
[0.796s] Level 5:colcon.colcon_core.verb:set package 'mir_msgs' build argument 'ament_cmake_args' from command line to 'None'
[0.796s] Level 5:colcon.colcon_core.verb:set package 'mir_msgs' build argument 'catkin_cmake_args' from command line to 'None'
[0.796s] Level 5:colcon.colcon_core.verb:set package 'mir_msgs' build argument 'catkin_skip_building_tests' from command line to 'False'
[0.796s] DEBUG:colcon.colcon_core.verb:Building package 'mir_msgs' with the following arguments: {'ament_cmake_args': None, 'build_base': '/home/rahul/Mir_robot/build/mir_msgs', 'catkin_cmake_args': None, 'catkin_skip_building_tests': False, 'cmake_args': None, 'cmake_clean_cache': False, 'cmake_clean_first': False, 'cmake_force_configure': False, 'cmake_target': None, 'cmake_target_skip_unavailable': False, 'install_base': '/home/rahul/Mir_robot/install/mir_msgs', 'merge_install': False, 'path': '/home/rahul/Mir_robot/src/mir_robot/mir_robot/mir_msgs', 'symlink_install': True, 'test_result_base': None}
[0.797s] Level 5:colcon.colcon_core.verb:set package 'mir_restapi' build argument 'cmake_args' from command line to 'None'
[0.797s] Level 5:colcon.colcon_core.verb:set package 'mir_restapi' build argument 'cmake_target' from command line to 'None'
[0.797s] Level 5:colcon.colcon_core.verb:set package 'mir_restapi' build argument 'cmake_target_skip_unavailable' from command line to 'False'
[0.797s] Level 5:colcon.colcon_core.verb:set package 'mir_restapi' build argument 'cmake_clean_cache' from command line to 'False'
[0.797s] Level 5:colcon.colcon_core.verb:set package 'mir_restapi' build argument 'cmake_clean_first' from command line to 'False'
[0.797s] Level 5:colcon.colcon_core.verb:set package 'mir_restapi' build argument 'cmake_force_configure' from command line to 'False'
[0.797s] Level 5:colcon.colcon_core.verb:set package 'mir_restapi' build argument 'ament_cmake_args' from command line to 'None'
[0.797s] Level 5:colcon.colcon_core.verb:set package 'mir_restapi' build argument 'catkin_cmake_args' from command line to 'None'
[0.797s] Level 5:colcon.colcon_core.verb:set package 'mir_restapi' build argument 'catkin_skip_building_tests' from command line to 'False'
[0.797s] DEBUG:colcon.colcon_core.verb:Building package 'mir_restapi' with the following arguments: {'ament_cmake_args': None, 'build_base': '/home/rahul/Mir_robot/build/mir_restapi', 'catkin_cmake_args': None, 'catkin_skip_building_tests': False, 'cmake_args': None, 'cmake_clean_cache': False, 'cmake_clean_first': False, 'cmake_force_configure': False, 'cmake_target': None, 'cmake_target_skip_unavailable': False, 'install_base': '/home/rahul/Mir_robot/install/mir_restapi', 'merge_install': False, 'path': '/home/rahul/Mir_robot/src/mir_robot/mir_robot/mir_restapi', 'symlink_install': True, 'test_result_base': None}
[0.798s] Level 5:colcon.colcon_core.verb:set package 'point_cloud_functions' build argument 'cmake_args' from command line to 'None'
[0.798s] Level 5:colcon.colcon_core.verb:set package 'point_cloud_functions' build argument 'cmake_target' from command line to 'None'
[0.798s] Level 5:colcon.colcon_core.verb:set package 'point_cloud_functions' build argument 'cmake_target_skip_unavailable' from command line to 'False'
[0.798s] Level 5:colcon.colcon_core.verb:set package 'point_cloud_functions' build argument 'cmake_clean_cache' from command line to 'False'
[0.798s] Level 5:colcon.colcon_core.verb:set package 'point_cloud_functions' build argument 'cmake_clean_first' from command line to 'False'
[0.798s] Level 5:colcon.colcon_core.verb:set package 'point_cloud_functions' build argument 'cmake_force_configure' from command line to 'False'
[0.798s] Level 5:colcon.colcon_core.verb:set package 'point_cloud_functions' build argument 'ament_cmake_args' from command line to 'None'
[0.798s] Level 5:colcon.colcon_core.verb:set package 'point_cloud_functions' build argument 'catkin_cmake_args' from command line to 'None'
[0.798s] Level 5:colcon.colcon_core.verb:set package 'point_cloud_functions' build argument 'catkin_skip_building_tests' from command line to 'False'
[0.798s] DEBUG:colcon.colcon_core.verb:Building package 'point_cloud_functions' with the following arguments: {'ament_cmake_args': None, 'build_base': '/home/rahul/Mir_robot/build/point_cloud_functions', 'catkin_cmake_args': None, 'catkin_skip_building_tests': False, 'cmake_args': None, 'cmake_clean_cache': False, 'cmake_clean_first': False, 'cmake_force_configure': False, 'cmake_target': None, 'cmake_target_skip_unavailable': False, 'install_base': '/home/rahul/Mir_robot/install/point_cloud_functions', 'merge_install': False, 'path': '/home/rahul/Mir_robot/src/mir_robot/point_cloud_functions', 'symlink_install': True, 'test_result_base': None}
[0.798s] Level 5:colcon.colcon_core.verb:set package 'realsense2_description' build argument 'cmake_args' from command line to 'None'
[0.798s] Level 5:colcon.colcon_core.verb:set package 'realsense2_description' build argument 'cmake_target' from command line to 'None'
[0.798s] Level 5:colcon.colcon_core.verb:set package 'realsense2_description' build argument 'cmake_target_skip_unavailable' from command line to 'False'
[0.798s] Level 5:colcon.colcon_core.verb:set package 'realsense2_description' build argument 'cmake_clean_cache' from command line to 'False'
[0.798s] Level 5:colcon.colcon_core.verb:set package 'realsense2_description' build argument 'cmake_clean_first' from command line to 'False'
[0.798s] Level 5:colcon.colcon_core.verb:set package 'realsense2_description' build argument 'cmake_force_configure' from command line to 'False'
[0.798s] Level 5:colcon.colcon_core.verb:set package 'realsense2_description' build argument 'ament_cmake_args' from command line to 'None'
[0.798s] Level 5:colcon.colcon_core.verb:set package 'realsense2_description' build argument 'catkin_cmake_args' from command line to 'None'
[0.798s] Level 5:colcon.colcon_core.verb:set package 'realsense2_description' build argument 'catkin_skip_building_tests' from command line to 'False'
[0.798s] DEBUG:colcon.colcon_core.verb:Building package 'realsense2_description' with the following arguments: {'ament_cmake_args': None, 'build_base': '/home/rahul/Mir_robot/build/realsense2_description', 'catkin_cmake_args': None, 'catkin_skip_building_tests': False, 'cmake_args': None, 'cmake_clean_cache': False, 'cmake_clean_first': False, 'cmake_force_configure': False, 'cmake_target': None, 'cmake_target_skip_unavailable': False, 'install_base': '/home/rahul/Mir_robot/install/realsense2_description', 'merge_install': False, 'path': '/home/rahul/Mir_robot/src/mir_robot/realsense2_description', 'symlink_install': True, 'test_result_base': None}
[0.799s] Level 5:colcon.colcon_core.verb:set package 'realsense_gazebo_plugin' build argument 'cmake_args' from command line to 'None'
[0.799s] Level 5:colcon.colcon_core.verb:set package 'realsense_gazebo_plugin' build argument 'cmake_target' from command line to 'None'
[0.799s] Level 5:colcon.colcon_core.verb:set package 'realsense_gazebo_plugin' build argument 'cmake_target_skip_unavailable' from command line to 'False'
[0.799s] Level 5:colcon.colcon_core.verb:set package 'realsense_gazebo_plugin' build argument 'cmake_clean_cache' from command line to 'False'
[0.799s] Level 5:colcon.colcon_core.verb:set package 'realsense_gazebo_plugin' build argument 'cmake_clean_first' from command line to 'False'
[0.799s] Level 5:colcon.colcon_core.verb:set package 'realsense_gazebo_plugin' build argument 'cmake_force_configure' from command line to 'False'
[0.799s] Level 5:colcon.colcon_core.verb:set package 'realsense_gazebo_plugin' build argument 'ament_cmake_args' from command line to 'None'
[0.799s] Level 5:colcon.colcon_core.verb:set package 'realsense_gazebo_plugin' build argument 'catkin_cmake_args' from command line to 'None'
[0.799s] Level 5:colcon.colcon_core.verb:set package 'realsense_gazebo_plugin' build argument 'catkin_skip_building_tests' from command line to 'False'
[0.799s] DEBUG:colcon.colcon_core.verb:Building package 'realsense_gazebo_plugin' with the following arguments: {'ament_cmake_args': None, 'build_base': '/home/rahul/Mir_robot/build/realsense_gazebo_plugin', 'catkin_cmake_args': None, 'catkin_skip_building_tests': False, 'cmake_args': None, 'cmake_clean_cache': False, 'cmake_clean_first': False, 'cmake_force_configure': False, 'cmake_target': None, 'cmake_target_skip_unavailable': False, 'install_base': '/home/rahul/Mir_robot/install/realsense_gazebo_plugin', 'merge_install': False, 'path': '/home/rahul/Mir_robot/src/mir_robot/realsense_gazebo_plugin', 'symlink_install': True, 'test_result_base': None}
[0.800s] Level 5:colcon.colcon_core.verb:set package 'robotiq_description' build argument 'cmake_args' from command line to 'None'
[0.800s] Level 5:colcon.colcon_core.verb:set package 'robotiq_description' build argument 'cmake_target' from command line to 'None'
[0.800s] Level 5:colcon.colcon_core.verb:set package 'robotiq_description' build argument 'cmake_target_skip_unavailable' from command line to 'False'
[0.800s] Level 5:colcon.colcon_core.verb:set package 'robotiq_description' build argument 'cmake_clean_cache' from command line to 'False'
[0.800s] Level 5:colcon.colcon_core.verb:set package 'robotiq_description' build argument 'cmake_clean_first' from command line to 'False'
[0.800s] Level 5:colcon.colcon_core.verb:set package 'robotiq_description' build argument 'cmake_force_configure' from command line to 'False'
[0.800s] Level 5:colcon.colcon_core.verb:set package 'robotiq_description' build argument 'ament_cmake_args' from command line to 'None'
[0.800s] Level 5:colcon.colcon_core.verb:set package 'robotiq_description' build argument 'catkin_cmake_args' from command line to 'None'
[0.800s] Level 5:colcon.colcon_core.verb:set package 'robotiq_description' build argument 'catkin_skip_building_tests' from command line to 'False'
[0.800s] DEBUG:colcon.colcon_core.verb:Building package 'robotiq_description' with the following arguments: {'ament_cmake_args': None, 'build_base': '/home/rahul/Mir_robot/build/robotiq_description', 'catkin_cmake_args': None, 'catkin_skip_building_tests': False, 'cmake_args': None, 'cmake_clean_cache': False, 'cmake_clean_first': False, 'cmake_force_configure': False, 'cmake_target': None, 'cmake_target_skip_unavailable': False, 'install_base': '/home/rahul/Mir_robot/install/robotiq_description', 'merge_install': False, 'path': '/home/rahul/Mir_robot/src/mir_robot/robotiq_description', 'symlink_install': True, 'test_result_base': None}
[0.800s] Level 5:colcon.colcon_core.verb:set package 'ros2_aruco_interfaces' build argument 'cmake_args' from command line to 'None'
[0.800s] Level 5:colcon.colcon_core.verb:set package 'ros2_aruco_interfaces' build argument 'cmake_target' from command line to 'None'
[0.800s] Level 5:colcon.colcon_core.verb:set package 'ros2_aruco_interfaces' build argument 'cmake_target_skip_unavailable' from command line to 'False'
[0.800s] Level 5:colcon.colcon_core.verb:set package 'ros2_aruco_interfaces' build argument 'cmake_clean_cache' from command line to 'False'
[0.800s] Level 5:colcon.colcon_core.verb:set package 'ros2_aruco_interfaces' build argument 'cmake_clean_first' from command line to 'False'
[0.800s] Level 5:colcon.colcon_core.verb:set package 'ros2_aruco_interfaces' build argument 'cmake_force_configure' from command line to 'False'
[0.800s] Level 5:colcon.colcon_core.verb:set package 'ros2_aruco_interfaces' build argument 'ament_cmake_args' from command line to 'None'
[0.800s] Level 5:colcon.colcon_core.verb:set package 'ros2_aruco_interfaces' build argument 'catkin_cmake_args' from command line to 'None'
[0.800s] Level 5:colcon.colcon_core.verb:set package 'ros2_aruco_interfaces' build argument 'catkin_skip_building_tests' from command line to 'False'
[0.801s] DEBUG:colcon.colcon_core.verb:Building package 'ros2_aruco_interfaces' with the following arguments: {'ament_cmake_args': None, 'build_base': '/home/rahul/Mir_robot/build/ros2_aruco_interfaces', 'catkin_cmake_args': None, 'catkin_skip_building_tests': False, 'cmake_args': None, 'cmake_clean_cache': False, 'cmake_clean_first': False, 'cmake_force_configure': False, 'cmake_target': None, 'cmake_target_skip_unavailable': False, 'install_base': '/home/rahul/Mir_robot/install/ros2_aruco_interfaces', 'merge_install': False, 'path': '/home/rahul/Mir_robot/src/mir_robot/ros2_aruco/ros2_aruco_interfaces', 'symlink_install': True, 'test_result_base': None}
[0.801s] Level 5:colcon.colcon_core.verb:set package 'twist_stamper' build argument 'cmake_args' from command line to 'None'
[0.801s] Level 5:colcon.colcon_core.verb:set package 'twist_stamper' build argument 'cmake_target' from command line to 'None'
[0.801s] Level 5:colcon.colcon_core.verb:set package 'twist_stamper' build argument 'cmake_target_skip_unavailable' from command line to 'False'
[0.801s] Level 5:colcon.colcon_core.verb:set package 'twist_stamper' build argument 'cmake_clean_cache' from command line to 'False'
[0.801s] Level 5:colcon.colcon_core.verb:set package 'twist_stamper' build argument 'cmake_clean_first' from command line to 'False'
[0.801s] Level 5:colcon.colcon_core.verb:set package 'twist_stamper' build argument 'cmake_force_configure' from command line to 'False'
[0.801s] Level 5:colcon.colcon_core.verb:set package 'twist_stamper' build argument 'ament_cmake_args' from command line to 'None'
[0.801s] Level 5:colcon.colcon_core.verb:set package 'twist_stamper' build argument 'catkin_cmake_args' from command line to 'None'
[0.801s] Level 5:colcon.colcon_core.verb:set package 'twist_stamper' build argument 'catkin_skip_building_tests' from command line to 'False'
[0.801s] DEBUG:colcon.colcon_core.verb:Building package 'twist_stamper' with the following arguments: {'ament_cmake_args': None, 'build_base': '/home/rahul/Mir_robot/build/twist_stamper', 'catkin_cmake_args': None, 'catkin_skip_building_tests': False, 'cmake_args': None, 'cmake_clean_cache': False, 'cmake_clean_first': False, 'cmake_force_configure': False, 'cmake_target': None, 'cmake_target_skip_unavailable': False, 'install_base': '/home/rahul/Mir_robot/install/twist_stamper', 'merge_install': False, 'path': '/home/rahul/Mir_robot/src/twist_stamper', 'symlink_install': True, 'test_result_base': None}
[0.802s] Level 5:colcon.colcon_core.verb:set package 'ur_description' build argument 'cmake_args' from command line to 'None'
[0.802s] Level 5:colcon.colcon_core.verb:set package 'ur_description' build argument 'cmake_target' from command line to 'None'
[0.802s] Level 5:colcon.colcon_core.verb:set package 'ur_description' build argument 'cmake_target_skip_unavailable' from command line to 'False'
[0.802s] Level 5:colcon.colcon_core.verb:set package 'ur_description' build argument 'cmake_clean_cache' from command line to 'False'
[0.802s] Level 5:colcon.colcon_core.verb:set package 'ur_description' build argument 'cmake_clean_first' from command line to 'False'
[0.802s] Level 5:colcon.colcon_core.verb:set package 'ur_description' build argument 'cmake_force_configure' from command line to 'False'
[0.802s] Level 5:colcon.colcon_core.verb:set package 'ur_description' build argument 'ament_cmake_args' from command line to 'None'
[0.802s] Level 5:colcon.colcon_core.verb:set package 'ur_description' build argument 'catkin_cmake_args' from command line to 'None'
[0.802s] Level 5:colcon.colcon_core.verb:set package 'ur_description' build argument 'catkin_skip_building_tests' from command line to 'False'
[0.802s] DEBUG:colcon.colcon_core.verb:Building package 'ur_description' with the following arguments: {'ament_cmake_args': None, 'build_base': '/home/rahul/Mir_robot/build/ur_description', 'catkin_cmake_args': None, 'catkin_skip_building_tests': False, 'cmake_args': None, 'cmake_clean_cache': False, 'cmake_clean_first': False, 'cmake_force_configure': False, 'cmake_target': None, 'cmake_target_skip_unavailable': False, 'install_base': '/home/rahul/Mir_robot/install/ur_description', 'merge_install': False, 'path': '/home/rahul/Mir_robot/src/mir_robot/Universal_Robots_ROS2_Description', 'symlink_install': True, 'test_result_base': None}
[0.802s] Level 5:colcon.colcon_core.verb:set package 'mir_driver' build argument 'cmake_args' from command line to 'None'
[0.802s] Level 5:colcon.colcon_core.verb:set package 'mir_driver' build argument 'cmake_target' from command line to 'None'
[0.802s] Level 5:colcon.colcon_core.verb:set package 'mir_driver' build argument 'cmake_target_skip_unavailable' from command line to 'False'
[0.802s] Level 5:colcon.colcon_core.verb:set package 'mir_driver' build argument 'cmake_clean_cache' from command line to 'False'
[0.802s] Level 5:colcon.colcon_core.verb:set package 'mir_driver' build argument 'cmake_clean_first' from command line to 'False'
[0.802s] Level 5:colcon.colcon_core.verb:set package 'mir_driver' build argument 'cmake_force_configure' from command line to 'False'
[0.802s] Level 5:colcon.colcon_core.verb:set package 'mir_driver' build argument 'ament_cmake_args' from command line to 'None'
[0.802s] Level 5:colcon.colcon_core.verb:set package 'mir_driver' build argument 'catkin_cmake_args' from command line to 'None'
[0.802s] Level 5:colcon.colcon_core.verb:set package 'mir_driver' build argument 'catkin_skip_building_tests' from command line to 'False'
[0.802s] DEBUG:colcon.colcon_core.verb:Building package 'mir_driver' with the following arguments: {'ament_cmake_args': None, 'build_base': '/home/rahul/Mir_robot/build/mir_driver', 'catkin_cmake_args': None, 'catkin_skip_building_tests': False, 'cmake_args': None, 'cmake_clean_cache': False, 'cmake_clean_first': False, 'cmake_force_configure': False, 'cmake_target': None, 'cmake_target_skip_unavailable': False, 'install_base': '/home/rahul/Mir_robot/install/mir_driver', 'merge_install': False, 'path': '/home/rahul/Mir_robot/src/mir_robot/mir_robot/mir_driver', 'symlink_install': True, 'test_result_base': None}
[0.803s] Level 5:colcon.colcon_core.verb:set package 'mir_gazebo' build argument 'cmake_args' from command line to 'None'
[0.803s] Level 5:colcon.colcon_core.verb:set package 'mir_gazebo' build argument 'cmake_target' from command line to 'None'
[0.803s] Level 5:colcon.colcon_core.verb:set package 'mir_gazebo' build argument 'cmake_target_skip_unavailable' from command line to 'False'
[0.803s] Level 5:colcon.colcon_core.verb:set package 'mir_gazebo' build argument 'cmake_clean_cache' from command line to 'False'
[0.803s] Level 5:colcon.colcon_core.verb:set package 'mir_gazebo' build argument 'cmake_clean_first' from command line to 'False'
[0.803s] Level 5:colcon.colcon_core.verb:set package 'mir_gazebo' build argument 'cmake_force_configure' from command line to 'False'
[0.803s] Level 5:colcon.colcon_core.verb:set package 'mir_gazebo' build argument 'ament_cmake_args' from command line to 'None'
[0.803s] Level 5:colcon.colcon_core.verb:set package 'mir_gazebo' build argument 'catkin_cmake_args' from command line to 'None'
[0.803s] Level 5:colcon.colcon_core.verb:set package 'mir_gazebo' build argument 'catkin_skip_building_tests' from command line to 'False'
[0.803s] DEBUG:colcon.colcon_core.verb:Building package 'mir_gazebo' with the following arguments: {'ament_cmake_args': None, 'build_base': '/home/rahul/Mir_robot/build/mir_gazebo', 'catkin_cmake_args': None, 'catkin_skip_building_tests': False, 'cmake_args': None, 'cmake_clean_cache': False, 'cmake_clean_first': False, 'cmake_force_configure': False, 'cmake_target': None, 'cmake_target_skip_unavailable': False, 'install_base': '/home/rahul/Mir_robot/install/mir_gazebo', 'merge_install': False, 'path': '/home/rahul/Mir_robot/src/mir_robot/mir_robot/mir_gazebo', 'symlink_install': True, 'test_result_base': None}
[0.804s] Level 5:colcon.colcon_core.verb:set package 'ros2_aruco' build argument 'cmake_args' from command line to 'None'
[0.804s] Level 5:colcon.colcon_core.verb:set package 'ros2_aruco' build argument 'cmake_target' from command line to 'None'
[0.804s] Level 5:colcon.colcon_core.verb:set package 'ros2_aruco' build argument 'cmake_target_skip_unavailable' from command line to 'False'
[0.804s] Level 5:colcon.colcon_core.verb:set package 'ros2_aruco' build argument 'cmake_clean_cache' from command line to 'False'
[0.804s] Level 5:colcon.colcon_core.verb:set package 'ros2_aruco' build argument 'cmake_clean_first' from command line to 'False'
[0.804s] Level 5:colcon.colcon_core.verb:set package 'ros2_aruco' build argument 'cmake_force_configure' from command line to 'False'
[0.804s] Level 5:colcon.colcon_core.verb:set package 'ros2_aruco' build argument 'ament_cmake_args' from command line to 'None'
[0.804s] Level 5:colcon.colcon_core.verb:set package 'ros2_aruco' build argument 'catkin_cmake_args' from command line to 'None'
[0.804s] Level 5:colcon.colcon_core.verb:set package 'ros2_aruco' build argument 'catkin_skip_building_tests' from command line to 'False'
[0.804s] DEBUG:colcon.colcon_core.verb:Building package 'ros2_aruco' with the following arguments: {'ament_cmake_args': None, 'build_base': '/home/rahul/Mir_robot/build/ros2_aruco', 'catkin_cmake_args': None, 'catkin_skip_building_tests': False, 'cmake_args': None, 'cmake_clean_cache': False, 'cmake_clean_first': False, 'cmake_force_configure': False, 'cmake_target': None, 'cmake_target_skip_unavailable': False, 'install_base': '/home/rahul/Mir_robot/install/ros2_aruco', 'merge_install': False, 'path': '/home/rahul/Mir_robot/src/mir_robot/ros2_aruco/ros2_aruco', 'symlink_install': True, 'test_result_base': None}
[0.804s] Level 5:colcon.colcon_core.verb:set package 'mir_navigation' build argument 'cmake_args' from command line to 'None'
[0.804s] Level 5:colcon.colcon_core.verb:set package 'mir_navigation' build argument 'cmake_target' from command line to 'None'
[0.804s] Level 5:colcon.colcon_core.verb:set package 'mir_navigation' build argument 'cmake_target_skip_unavailable' from command line to 'False'
[0.804s] Level 5:colcon.colcon_core.verb:set package 'mir_navigation' build argument 'cmake_clean_cache' from command line to 'False'
[0.804s] Level 5:colcon.colcon_core.verb:set package 'mir_navigation' build argument 'cmake_clean_first' from command line to 'False'
[0.804s] Level 5:colcon.colcon_core.verb:set package 'mir_navigation' build argument 'cmake_force_configure' from command line to 'False'
[0.804s] Level 5:colcon.colcon_core.verb:set package 'mir_navigation' build argument 'ament_cmake_args' from command line to 'None'
[0.805s] Level 5:colcon.colcon_core.verb:set package 'mir_navigation' build argument 'catkin_cmake_args' from command line to 'None'
[0.805s] Level 5:colcon.colcon_core.verb:set package 'mir_navigation' build argument 'catkin_skip_building_tests' from command line to 'False'
[0.805s] DEBUG:colcon.colcon_core.verb:Building package 'mir_navigation' with the following arguments: {'ament_cmake_args': None, 'build_base': '/home/rahul/Mir_robot/build/mir_navigation', 'catkin_cmake_args': None, 'catkin_skip_building_tests': False, 'cmake_args': None, 'cmake_clean_cache': False, 'cmake_clean_first': False, 'cmake_force_configure': False, 'cmake_target': None, 'cmake_target_skip_unavailable': False, 'install_base': '/home/rahul/Mir_robot/install/mir_navigation', 'merge_install': False, 'path': '/home/rahul/Mir_robot/src/mir_robot/mir_robot/mir_navigation', 'symlink_install': True, 'test_result_base': None}
[0.806s] Level 5:colcon.colcon_core.verb:set package 'mir_robot' build argument 'cmake_args' from command line to 'None'
[0.806s] Level 5:colcon.colcon_core.verb:set package 'mir_robot' build argument 'cmake_target' from command line to 'None'
[0.806s] Level 5:colcon.colcon_core.verb:set package 'mir_robot' build argument 'cmake_target_skip_unavailable' from command line to 'False'
[0.806s] Level 5:colcon.colcon_core.verb:set package 'mir_robot' build argument 'cmake_clean_cache' from command line to 'False'
[0.806s] Level 5:colcon.colcon_core.verb:set package 'mir_robot' build argument 'cmake_clean_first' from command line to 'False'
[0.806s] Level 5:colcon.colcon_core.verb:set package 'mir_robot' build argument 'cmake_force_configure' from command line to 'False'
[0.806s] Level 5:colcon.colcon_core.verb:set package 'mir_robot' build argument 'ament_cmake_args' from command line to 'None'
[0.806s] Level 5:colcon.colcon_core.verb:set package 'mir_robot' build argument 'catkin_cmake_args' from command line to 'None'
[0.806s] Level 5:colcon.colcon_core.verb:set package 'mir_robot' build argument 'catkin_skip_building_tests' from command line to 'False'
[0.806s] DEBUG:colcon.colcon_core.verb:Building package 'mir_robot' with the following arguments: {'ament_cmake_args': None, 'build_base': '/home/rahul/Mir_robot/build/mir_robot', 'catkin_cmake_args': None, 'catkin_skip_building_tests': False, 'cmake_args': None, 'cmake_clean_cache': False, 'cmake_clean_first': False, 'cmake_force_configure': False, 'cmake_target': None, 'cmake_target_skip_unavailable': False, 'install_base': '/home/rahul/Mir_robot/install/mir_robot', 'merge_install': False, 'path': '/home/rahul/Mir_robot/src/mir_robot/mir_robot/mir_robot', 'symlink_install': True, 'test_result_base': None}
[0.806s] INFO:colcon.colcon_core.executor:Executing jobs using 'parallel' executor
[0.808s] DEBUG:colcon.colcon_parallel_executor.executor.parallel:run_until_complete
[0.808s] INFO:colcon.colcon_ros.task.ament_cmake.build:Building ROS package in '/home/rahul/Mir_robot/src/ira_laser_tools/src/ira_laser_tools' with build type 'ament_cmake'
[0.808s] INFO:colcon.colcon_cmake.task.cmake.build:Building CMake package in '/home/rahul/Mir_robot/src/ira_laser_tools/src/ira_laser_tools'
[0.814s] INFO:colcon.colcon_core.plugin_system:Skipping extension 'colcon_core.shell.bat': Not used on non-Windows systems
[0.814s] INFO:colcon.colcon_core.shell:Skip shell extension 'powershell' for command environment: Not usable outside of PowerShell
[0.814s] DEBUG:colcon.colcon_core.shell:Skip shell extension 'dsv' for command environment
[0.819s] INFO:colcon.colcon_ros.task.ament_cmake.build:Building ROS package in '/home/rahul/Mir_robot/src/mir_robot/mir_robot/mir_description' with build type 'ament_cmake'
[0.819s] INFO:colcon.colcon_cmake.task.cmake.build:Building CMake package in '/home/rahul/Mir_robot/src/mir_robot/mir_robot/mir_description'
[0.819s] INFO:colcon.colcon_core.shell:Skip shell extension 'powershell' for command environment: Not usable outside of PowerShell
[0.819s] DEBUG:colcon.colcon_core.shell:Skip shell extension 'dsv' for command environment
[0.825s] INFO:colcon.colcon_ros.task.ament_cmake.build:Building ROS package in '/home/rahul/Mir_robot/src/mir_robot/mir_robot/mir_msgs' with build type 'ament_cmake'
[0.825s] INFO:colcon.colcon_cmake.task.cmake.build:Building CMake package in '/home/rahul/Mir_robot/src/mir_robot/mir_robot/mir_msgs'
[0.826s] INFO:colcon.colcon_core.shell:Skip shell extension 'powershell' for command environment: Not usable outside of PowerShell
[0.826s] DEBUG:colcon.colcon_core.shell:Skip shell extension 'dsv' for command environment
[0.831s] INFO:colcon.colcon_ros.task.ament_python.build:Building ROS package in '/home/rahul/Mir_robot/src/twist_stamper' with build type 'ament_python'
[0.831s] Level 1:colcon.colcon_core.shell:create_environment_hook('twist_stamper', 'ament_prefix_path')
[0.832s] INFO:colcon.colcon_core.shell:Creating environment hook '/home/rahul/Mir_robot/install/twist_stamper/share/twist_stamper/hook/ament_prefix_path.ps1'
[0.833s] INFO:colcon.colcon_core.shell:Creating environment descriptor '/home/rahul/Mir_robot/install/twist_stamper/share/twist_stamper/hook/ament_prefix_path.dsv'
[0.834s] INFO:colcon.colcon_core.shell:Creating environment hook '/home/rahul/Mir_robot/install/twist_stamper/share/twist_stamper/hook/ament_prefix_path.sh'
[0.835s] INFO:colcon.colcon_core.shell:Skip shell extension 'powershell' for command environment: Not usable outside of PowerShell
[0.835s] DEBUG:colcon.colcon_core.shell:Skip shell extension 'dsv' for command environment
[0.843s] DEBUG:colcon.colcon_core.event_handler.log_command:Invoking command in '/home/rahul/Mir_robot/build/ira_laser_tools': CMAKE_PREFIX_PATH=/opt/ros/humble /usr/bin/cmake /home/rahul/Mir_robot/src/ira_laser_tools/src/ira_laser_tools -DAMENT_CMAKE_SYMLINK_INSTALL=1 -DCMAKE_INSTALL_PREFIX=/home/rahul/Mir_robot/install/ira_laser_tools
[0.847s] DEBUG:colcon.colcon_core.event_handler.log_command:Invoking command in '/home/rahul/Mir_robot/build/mir_description': CMAKE_PREFIX_PATH=/opt/ros/humble /usr/bin/cmake /home/rahul/Mir_robot/src/mir_robot/mir_robot/mir_description -DAMENT_CMAKE_SYMLINK_INSTALL=1 -DCMAKE_INSTALL_PREFIX=/home/rahul/Mir_robot/install/mir_description
[0.853s] DEBUG:colcon.colcon_core.event_handler.log_command:Invoking command in '/home/rahul/Mir_robot/build/mir_msgs': CMAKE_PREFIX_PATH=/opt/ros/humble /usr/bin/cmake /home/rahul/Mir_robot/src/mir_robot/mir_robot/mir_msgs -DAMENT_CMAKE_SYMLINK_INSTALL=1 -DCMAKE_INSTALL_PREFIX=/home/rahul/Mir_robot/install/mir_msgs
[1.532s] INFO:colcon.colcon_core.task.python.build:Building Python package in '/home/rahul/Mir_robot/src/twist_stamper'
[1.532s] INFO:colcon.colcon_core.shell:Skip shell extension 'powershell' for command environment: Not usable outside of PowerShell
[1.532s] DEBUG:colcon.colcon_core.shell:Skip shell extension 'dsv' for command environment
[2.342s] DEBUG:colcon.colcon_core.task.python.build:Available setuptools commands: bdist, build_clib, bdist_wheel, test, update_catalog, symlink_data, saveopts, upload_docs, build_scripts, build_py, alias, clean, dist_info, install_headers, egg_info, upload, bdist_rpm, check, extract_messages, register, build_ext, easy_install, develop, compile_catalog, install_egg_info, init_catalog, bdist_dumb, install, install_data, bdist_egg, rotate, install_scripts, sdist, setopt, build, install_lib
[3.054s] DEBUG:colcon.colcon_core.task.python.build:Available setuptools 'develop' options: --help, --install-dir, --dry-run, --uninstall, --upgrade, --no-deps, --multi-version, --always-copy, --local-snapshots-ok, --optimize, --prefix, --version, --exclude-scripts, --no-user-cfg, --verbose, --no-find-links, --egg-path, --quiet, --build-directory, --always-unzip, --force-installation-into-system-dir, --script-dir, --site-dirs, --user, --allow-hosts, --install-layout, --index-url, --find-links, --record, --zip-ok, --editable
[3.056s] DEBUG:colcon.colcon_core.event_handler.log_command:Invoking command in '/home/rahul/Mir_robot/build/twist_stamper': PYTHONPATH=/home/rahul/Mir_robot/build/twist_stamper/prefix_override:/usr/lib/python3/dist-packages/colcon_core/task/python/colcon_distutils_commands:/home/rahul/Mir_robot/install/twist_stamper/lib/python3.10/site-packages:${PYTHONPATH} /usr/bin/python3 -W ignore:setup.py install is deprecated -W ignore:easy_install command is deprecated setup.py develop --editable --build-directory /home/rahul/Mir_robot/build/twist_stamper/build --no-deps symlink_data
[4.294s] Level 1:colcon.colcon_core.shell:create_environment_hook('twist_stamper', 'pythonpath_develop')
[4.295s] INFO:colcon.colcon_core.shell:Creating environment hook '/home/rahul/Mir_robot/build/twist_stamper/share/twist_stamper/hook/pythonpath_develop.ps1'
[4.296s] INFO:colcon.colcon_core.shell:Creating environment descriptor '/home/rahul/Mir_robot/build/twist_stamper/share/twist_stamper/hook/pythonpath_develop.dsv'
[4.296s] INFO:colcon.colcon_core.shell:Creating environment hook '/home/rahul/Mir_robot/build/twist_stamper/share/twist_stamper/hook/pythonpath_develop.sh'
[4.298s] DEBUG:colcon.colcon_core.event_handler.log_command:Invoked command in '/home/rahul/Mir_robot/build/twist_stamper' returned '0': PYTHONPATH=/home/rahul/Mir_robot/build/twist_stamper/prefix_override:/usr/lib/python3/dist-packages/colcon_core/task/python/colcon_distutils_commands:/home/rahul/Mir_robot/install/twist_stamper/lib/python3.10/site-packages:${PYTHONPATH} /usr/bin/python3 -W ignore:setup.py install is deprecated -W ignore:easy_install command is deprecated setup.py develop --editable --build-directory /home/rahul/Mir_robot/build/twist_stamper/build --no-deps symlink_data
[4.310s] Level 1:colcon.colcon_core.environment:checking '/home/rahul/Mir_robot/install/twist_stamper' for CMake module files
[4.311s] Level 1:colcon.colcon_core.environment:checking '/home/rahul/Mir_robot/install/twist_stamper' for CMake config files
[4.312s] Level 1:colcon.colcon_core.environment:checking '/home/rahul/Mir_robot/install/twist_stamper/lib'
[4.313s] Level 1:colcon.colcon_core.environment:checking '/home/rahul/Mir_robot/install/twist_stamper/bin'
[4.313s] Level 1:colcon.colcon_core.environment:checking '/home/rahul/Mir_robot/install/twist_stamper/lib/pkgconfig/twist_stamper.pc'
[4.313s] Level 1:colcon.colcon_core.environment:checking '/home/rahul/Mir_robot/install/twist_stamper/lib/python3.10/site-packages'
[4.313s] Level 1:colcon.colcon_core.shell:create_environment_hook('twist_stamper', 'pythonpath')
[4.314s] INFO:colcon.colcon_core.shell:Creating environment hook '/home/rahul/Mir_robot/install/twist_stamper/share/twist_stamper/hook/pythonpath.ps1'
[4.315s] INFO:colcon.colcon_core.shell:Creating environment descriptor '/home/rahul/Mir_robot/install/twist_stamper/share/twist_stamper/hook/pythonpath.dsv'
[4.319s] INFO:colcon.colcon_core.shell:Creating environment hook '/home/rahul/Mir_robot/install/twist_stamper/share/twist_stamper/hook/pythonpath.sh'
[4.322s] Level 1:colcon.colcon_core.environment:checking '/home/rahul/Mir_robot/install/twist_stamper/bin'
[4.323s] Level 1:colcon.colcon_core.environment:create_environment_scripts_only(twist_stamper)
[4.323s] INFO:colcon.colcon_core.shell:Creating package script '/home/rahul/Mir_robot/install/twist_stamper/share/twist_stamper/package.ps1'
[4.327s] INFO:colcon.colcon_core.shell:Creating package descriptor '/home/rahul/Mir_robot/install/twist_stamper/share/twist_stamper/package.dsv'
[4.328s] INFO:colcon.colcon_core.shell:Creating package script '/home/rahul/Mir_robot/install/twist_stamper/share/twist_stamper/package.sh'
[4.331s] INFO:colcon.colcon_core.shell:Creating package script '/home/rahul/Mir_robot/install/twist_stamper/share/twist_stamper/package.bash'
[4.334s] INFO:colcon.colcon_core.shell:Creating package script '/home/rahul/Mir_robot/install/twist_stamper/share/twist_stamper/package.zsh'
[4.336s] Level 1:colcon.colcon_core.environment:create_file_with_runtime_dependencies(/home/rahul/Mir_robot/install/twist_stamper/share/colcon-core/packages/twist_stamper)
[4.337s] INFO:colcon.colcon_ros.task.ament_cmake.build:Building ROS package in '/home/rahul/Mir_robot/src/mir_robot/ros2_aruco/ros2_aruco_interfaces' with build type 'ament_cmake'
[4.338s] INFO:colcon.colcon_cmake.task.cmake.build:Building CMake package in '/home/rahul/Mir_robot/src/mir_robot/ros2_aruco/ros2_aruco_interfaces'
[4.338s] INFO:colcon.colcon_core.shell:Skip shell extension 'powershell' for command environment: Not usable outside of PowerShell
[4.338s] DEBUG:colcon.colcon_core.shell:Skip shell extension 'dsv' for command environment
[4.359s] DEBUG:colcon.colcon_core.event_handler.log_command:Invoking command in '/home/rahul/Mir_robot/build/ros2_aruco_interfaces': CMAKE_PREFIX_PATH=/opt/ros/humble /usr/bin/cmake /home/rahul/Mir_robot/src/mir_robot/ros2_aruco/ros2_aruco_interfaces -DAMENT_CMAKE_SYMLINK_INSTALL=1 -DCMAKE_INSTALL_PREFIX=/home/rahul/Mir_robot/install/ros2_aruco_interfaces
[5.096s] DEBUG:colcon.colcon_core.event_handler.log_command:Invoked command in '/home/rahul/Mir_robot/build/mir_msgs' returned '0': CMAKE_PREFIX_PATH=/opt/ros/humble /usr/bin/cmake /home/rahul/Mir_robot/src/mir_robot/mir_robot/mir_msgs -DAMENT_CMAKE_SYMLINK_INSTALL=1 -DCMAKE_INSTALL_PREFIX=/home/rahul/Mir_robot/install/mir_msgs
[5.096s] DEBUG:colcon.colcon_core.event_handler.log_command:Invoking command in '/home/rahul/Mir_robot/build/mir_msgs': CMAKE_PREFIX_PATH=/opt/ros/humble /usr/bin/cmake --build /home/rahul/Mir_robot/build/mir_msgs -- -j4 -l4
[7.189s] DEBUG:colcon.colcon_core.event_handler.log_command:Invoked command in '/home/rahul/Mir_robot/build/mir_description' returned '0': CMAKE_PREFIX_PATH=/opt/ros/humble /usr/bin/cmake /home/rahul/Mir_robot/src/mir_robot/mir_robot/mir_description -DAMENT_CMAKE_SYMLINK_INSTALL=1 -DCMAKE_INSTALL_PREFIX=/home/rahul/Mir_robot/install/mir_description
[7.200s] DEBUG:colcon.colcon_core.event_handler.log_command:Invoking command in '/home/rahul/Mir_robot/build/mir_description': CMAKE_PREFIX_PATH=/opt/ros/humble /usr/bin/cmake --build /home/rahul/Mir_robot/build/mir_description -- -j4 -l4
[7.375s] DEBUG:colcon.colcon_core.event_handler.log_command:Invoked command in '/home/rahul/Mir_robot/build/mir_description' returned '0': CMAKE_PREFIX_PATH=/opt/ros/humble /usr/bin/cmake --build /home/rahul/Mir_robot/build/mir_description -- -j4 -l4
[7.414s] DEBUG:colcon.colcon_core.event_handler.log_command:Invoking command in '/home/rahul/Mir_robot/build/mir_description': CMAKE_PREFIX_PATH=/opt/ros/humble /usr/bin/cmake --install /home/rahul/Mir_robot/build/mir_description
[8.581s] Level 1:colcon.colcon_core.environment:create_environment_scripts_only(mir_description)
[8.582s] DEBUG:colcon.colcon_core.event_handler.log_command:Invoked command in '/home/rahul/Mir_robot/build/mir_description' returned '0': CMAKE_PREFIX_PATH=/opt/ros/humble /usr/bin/cmake --install /home/rahul/Mir_robot/build/mir_description
[8.582s] Level 1:colcon.colcon_core.environment:checking '/home/rahul/Mir_robot/install/mir_description' for CMake module files
[8.584s] Level 1:colcon.colcon_core.environment:checking '/home/rahul/Mir_robot/install/mir_description' for CMake config files
[8.585s] Level 1:colcon.colcon_core.shell:create_environment_hook('mir_description', 'cmake_prefix_path')
[8.585s] INFO:colcon.colcon_core.shell:Creating environment hook '/home/rahul/Mir_robot/install/mir_description/share/mir_description/hook/cmake_prefix_path.ps1'
[8.586s] INFO:colcon.colcon_core.shell:Creating environment descriptor '/home/rahul/Mir_robot/install/mir_description/share/mir_description/hook/cmake_prefix_path.dsv'
[8.587s] INFO:colcon.colcon_core.shell:Creating environment hook '/home/rahul/Mir_robot/install/mir_description/share/mir_description/hook/cmake_prefix_path.sh'
[8.588s] Level 1:colcon.colcon_core.environment:checking '/home/rahul/Mir_robot/install/mir_description/bin'
[8.588s] Level 1:colcon.colcon_core.environment:checking '/home/rahul/Mir_robot/install/mir_description/lib/pkgconfig/mir_description.pc'
[8.588s] Level 1:colcon.colcon_core.environment:checking '/home/rahul/Mir_robot/install/mir_description/lib/python3.10/site-packages'
[8.589s] Level 1:colcon.colcon_core.environment:checking '/home/rahul/Mir_robot/install/mir_description/bin'
[8.592s] INFO:colcon.colcon_core.shell:Creating package script '/home/rahul/Mir_robot/install/mir_description/share/mir_description/package.ps1'
[8.593s] INFO:colcon.colcon_core.shell:Creating package descriptor '/home/rahul/Mir_robot/install/mir_description/share/mir_description/package.dsv'
[8.595s] INFO:colcon.colcon_core.shell:Creating package script '/home/rahul/Mir_robot/install/mir_description/share/mir_description/package.sh'
[8.596s] INFO:colcon.colcon_core.shell:Creating package script '/home/rahul/Mir_robot/install/mir_description/share/mir_description/package.bash'
[8.598s] INFO:colcon.colcon_core.shell:Creating package script '/home/rahul/Mir_robot/install/mir_description/share/mir_description/package.zsh'
[8.600s] Level 1:colcon.colcon_core.environment:create_file_with_runtime_dependencies(/home/rahul/Mir_robot/install/mir_description/share/colcon-core/packages/mir_description)
[8.604s] Level 1:colcon.colcon_core.environment:create_environment_scripts_only(mir_description)
[8.605s] Level 1:colcon.colcon_core.environment:checking '/home/rahul/Mir_robot/install/mir_description' for CMake module files
[8.607s] Level 1:colcon.colcon_core.environment:checking '/home/rahul/Mir_robot/install/mir_description' for CMake config files
[8.611s] Level 1:colcon.colcon_core.shell:create_environment_hook('mir_description', 'cmake_prefix_path')
[8.611s] INFO:colcon.colcon_core.shell:Creating environment hook '/home/rahul/Mir_robot/install/mir_description/share/mir_description/hook/cmake_prefix_path.ps1'
[8.615s] INFO:colcon.colcon_core.shell:Creating environment descriptor '/home/rahul/Mir_robot/install/mir_description/share/mir_description/hook/cmake_prefix_path.dsv'
[8.616s] INFO:colcon.colcon_core.shell:Creating environment hook '/home/rahul/Mir_robot/install/mir_description/share/mir_description/hook/cmake_prefix_path.sh'
[8.619s] Level 1:colcon.colcon_core.environment:checking '/home/rahul/Mir_robot/install/mir_description/bin'
[8.619s] Level 1:colcon.colcon_core.environment:checking '/home/rahul/Mir_robot/install/mir_description/lib/pkgconfig/mir_description.pc'
[8.620s] Level 1:colcon.colcon_core.environment:checking '/home/rahul/Mir_robot/install/mir_description/lib/python3.10/site-packages'
[8.620s] Level 1:colcon.colcon_core.environment:checking '/home/rahul/Mir_robot/install/mir_description/bin'
[8.621s] INFO:colcon.colcon_core.shell:Creating package script '/home/rahul/Mir_robot/install/mir_description/share/mir_description/package.ps1'
[8.626s] INFO:colcon.colcon_core.shell:Creating package descriptor '/home/rahul/Mir_robot/install/mir_description/share/mir_description/package.dsv'
[8.629s] INFO:colcon.colcon_core.shell:Creating package script '/home/rahul/Mir_robot/install/mir_description/share/mir_description/package.sh'
[8.630s] INFO:colcon.colcon_core.shell:Creating package script '/home/rahul/Mir_robot/install/mir_description/share/mir_description/package.bash'
[8.632s] INFO:colcon.colcon_core.shell:Creating package script '/home/rahul/Mir_robot/install/mir_description/share/mir_description/package.zsh'
[8.635s] Level 1:colcon.colcon_core.environment:create_file_with_runtime_dependencies(/home/rahul/Mir_robot/install/mir_description/share/colcon-core/packages/mir_description)
[8.635s] INFO:colcon.colcon_ros.task.ament_cmake.build:Building ROS package in '/home/rahul/Mir_robot/src/mir_robot/simple_moveit2_universal_robots_movement' with build type 'ament_cmake'
[8.636s] INFO:colcon.colcon_cmake.task.cmake.build:Building CMake package in '/home/rahul/Mir_robot/src/mir_robot/simple_moveit2_universal_robots_movement'
[8.636s] INFO:colcon.colcon_core.shell:Skip shell extension 'powershell' for command environment: Not usable outside of PowerShell
[8.636s] DEBUG:colcon.colcon_core.shell:Skip shell extension 'dsv' for command environment
[8.661s] DEBUG:colcon.colcon_core.event_handler.log_command:Invoking command in '/home/rahul/Mir_robot/build/hello_moveit_ur': CMAKE_PREFIX_PATH=/opt/ros/humble /usr/bin/cmake /home/rahul/Mir_robot/src/mir_robot/simple_moveit2_universal_robots_movement -DAMENT_CMAKE_SYMLINK_INSTALL=1 -DCMAKE_INSTALL_PREFIX=/home/rahul/Mir_robot/install/hello_moveit_ur
[11.500s] DEBUG:colcon.colcon_core.event_handler.log_command:Invoked command in '/home/rahul/Mir_robot/build/ros2_aruco_interfaces' returned '0': CMAKE_PREFIX_PATH=/opt/ros/humble /usr/bin/cmake /home/rahul/Mir_robot/src/mir_robot/ros2_aruco/ros2_aruco_interfaces -DAMENT_CMAKE_SYMLINK_INSTALL=1 -DCMAKE_INSTALL_PREFIX=/home/rahul/Mir_robot/install/ros2_aruco_interfaces
[11.501s] DEBUG:colcon.colcon_core.event_handler.log_command:Invoking command in '/home/rahul/Mir_robot/build/ros2_aruco_interfaces': CMAKE_PREFIX_PATH=/opt/ros/humble /usr/bin/cmake --build /home/rahul/Mir_robot/build/ros2_aruco_interfaces -- -j4 -l4
[11.539s] DEBUG:colcon.colcon_core.event_handler.log_command:Invoked command in '/home/rahul/Mir_robot/build/ira_laser_tools' returned '0': CMAKE_PREFIX_PATH=/opt/ros/humble /usr/bin/cmake /home/rahul/Mir_robot/src/ira_laser_tools/src/ira_laser_tools -DAMENT_CMAKE_SYMLINK_INSTALL=1 -DCMAKE_INSTALL_PREFIX=/home/rahul/Mir_robot/install/ira_laser_tools
[11.548s] DEBUG:colcon.colcon_core.event_handler.log_command:Invoking command in '/home/rahul/Mir_robot/build/ira_laser_tools': CMAKE_PREFIX_PATH=/opt/ros/humble /usr/bin/cmake --build /home/rahul/Mir_robot/build/ira_laser_tools -- -j4 -l4
[17.568s] DEBUG:colcon.colcon_core.event_handler.log_command:Invoked command in '/home/rahul/Mir_robot/build/hello_moveit_ur' returned '0': CMAKE_PREFIX_PATH=/opt/ros/humble /usr/bin/cmake /home/rahul/Mir_robot/src/mir_robot/simple_moveit2_universal_robots_movement -DAMENT_CMAKE_SYMLINK_INSTALL=1 -DCMAKE_INSTALL_PREFIX=/home/rahul/Mir_robot/install/hello_moveit_ur
[17.573s] DEBUG:colcon.colcon_core.event_handler.log_command:Invoking command in '/home/rahul/Mir_robot/build/hello_moveit_ur': CMAKE_PREFIX_PATH=/opt/ros/humble /usr/bin/cmake --build /home/rahul/Mir_robot/build/hello_moveit_ur -- -j4 -l4
[19.099s] DEBUG:colcon.colcon_core.event_handler.log_command:Invoked command in '/home/rahul/Mir_robot/build/mir_msgs' returned '0': CMAKE_PREFIX_PATH=/opt/ros/humble /usr/bin/cmake --build /home/rahul/Mir_robot/build/mir_msgs -- -j4 -l4
[19.100s] DEBUG:colcon.colcon_core.event_handler.log_command:Invoking command in '/home/rahul/Mir_robot/build/mir_msgs': CMAKE_PREFIX_PATH=/opt/ros/humble /usr/bin/cmake --install /home/rahul/Mir_robot/build/mir_msgs
[19.469s] DEBUG:colcon.colcon_core.event_handler.log_command:Invoked command in '/home/rahul/Mir_robot/build/ros2_aruco_interfaces' returned '0': CMAKE_PREFIX_PATH=/opt/ros/humble /usr/bin/cmake --build /home/rahul/Mir_robot/build/ros2_aruco_interfaces -- -j4 -l4
[19.470s] DEBUG:colcon.colcon_core.event_handler.log_command:Invoking command in '/home/rahul/Mir_robot/build/ros2_aruco_interfaces': CMAKE_PREFIX_PATH=/opt/ros/humble /usr/bin/cmake --install /home/rahul/Mir_robot/build/ros2_aruco_interfaces
[20.803s] Level 1:colcon.colcon_core.environment:create_environment_scripts_only(ros2_aruco_interfaces)
[20.804s] DEBUG:colcon.colcon_core.event_handler.log_command:Invoked command in '/home/rahul/Mir_robot/build/ros2_aruco_interfaces' returned '0': CMAKE_PREFIX_PATH=/opt/ros/humble /usr/bin/cmake --install /home/rahul/Mir_robot/build/ros2_aruco_interfaces
[20.804s] Level 1:colcon.colcon_core.environment:checking '/home/rahul/Mir_robot/install/ros2_aruco_interfaces' for CMake module files
[20.806s] Level 1:colcon.colcon_core.environment:checking '/home/rahul/Mir_robot/install/ros2_aruco_interfaces' for CMake config files
[20.808s] Level 1:colcon.colcon_core.shell:create_environment_hook('ros2_aruco_interfaces', 'cmake_prefix_path')
[20.809s] INFO:colcon.colcon_core.shell:Creating environment hook '/home/rahul/Mir_robot/install/ros2_aruco_interfaces/share/ros2_aruco_interfaces/hook/cmake_prefix_path.ps1'
[20.809s] INFO:colcon.colcon_core.shell:Creating environment descriptor '/home/rahul/Mir_robot/install/ros2_aruco_interfaces/share/ros2_aruco_interfaces/hook/cmake_prefix_path.dsv'
[20.810s] INFO:colcon.colcon_core.shell:Creating environment hook '/home/rahul/Mir_robot/install/ros2_aruco_interfaces/share/ros2_aruco_interfaces/hook/cmake_prefix_path.sh'
[20.811s] Level 1:colcon.colcon_core.environment:checking '/home/rahul/Mir_robot/install/ros2_aruco_interfaces/lib'
[20.811s] Level 1:colcon.colcon_core.shell:create_environment_hook('ros2_aruco_interfaces', 'ld_library_path_lib')
[20.812s] INFO:colcon.colcon_core.shell:Creating environment hook '/home/rahul/Mir_robot/install/ros2_aruco_interfaces/share/ros2_aruco_interfaces/hook/ld_library_path_lib.ps1'
[20.813s] INFO:colcon.colcon_core.shell:Creating environment descriptor '/home/rahul/Mir_robot/install/ros2_aruco_interfaces/share/ros2_aruco_interfaces/hook/ld_library_path_lib.dsv'
[20.817s] INFO:colcon.colcon_core.shell:Creating environment hook '/home/rahul/Mir_robot/install/ros2_aruco_interfaces/share/ros2_aruco_interfaces/hook/ld_library_path_lib.sh'
[20.818s] Level 1:colcon.colcon_core.environment:checking '/home/rahul/Mir_robot/install/ros2_aruco_interfaces/bin'
[20.818s] Level 1:colcon.colcon_core.environment:checking '/home/rahul/Mir_robot/install/ros2_aruco_interfaces/lib/pkgconfig/ros2_aruco_interfaces.pc'
[20.819s] Level 1:colcon.colcon_core.environment:checking '/home/rahul/Mir_robot/install/ros2_aruco_interfaces/lib/python3.10/site-packages'
[20.820s] Level 1:colcon.colcon_core.environment:checking '/home/rahul/Mir_robot/install/ros2_aruco_interfaces/bin'
[20.820s] INFO:colcon.colcon_core.shell:Creating package script '/home/rahul/Mir_robot/install/ros2_aruco_interfaces/share/ros2_aruco_interfaces/package.ps1'
[20.822s] INFO:colcon.colcon_core.shell:Creating package descriptor '/home/rahul/Mir_robot/install/ros2_aruco_interfaces/share/ros2_aruco_interfaces/package.dsv'
[20.823s] INFO:colcon.colcon_core.shell:Creating package script '/home/rahul/Mir_robot/install/ros2_aruco_interfaces/share/ros2_aruco_interfaces/package.sh'
[20.824s] INFO:colcon.colcon_core.shell:Creating package script '/home/rahul/Mir_robot/install/ros2_aruco_interfaces/share/ros2_aruco_interfaces/package.bash'
[20.825s] INFO:colcon.colcon_core.shell:Creating package script '/home/rahul/Mir_robot/install/ros2_aruco_interfaces/share/ros2_aruco_interfaces/package.zsh'
[20.826s] Level 1:colcon.colcon_core.environment:create_file_with_runtime_dependencies(/home/rahul/Mir_robot/install/ros2_aruco_interfaces/share/colcon-core/packages/ros2_aruco_interfaces)
[20.827s] Level 1:colcon.colcon_core.environment:create_environment_scripts_only(ros2_aruco_interfaces)
[20.828s] Level 1:colcon.colcon_core.environment:checking '/home/rahul/Mir_robot/install/ros2_aruco_interfaces' for CMake module files
[20.830s] Level 1:colcon.colcon_core.environment:checking '/home/rahul/Mir_robot/install/ros2_aruco_interfaces' for CMake config files
[20.831s] Level 1:colcon.colcon_core.shell:create_environment_hook('ros2_aruco_interfaces', 'cmake_prefix_path')
[20.832s] INFO:colcon.colcon_core.shell:Creating environment hook '/home/rahul/Mir_robot/install/ros2_aruco_interfaces/share/ros2_aruco_interfaces/hook/cmake_prefix_path.ps1'
[20.833s] INFO:colcon.colcon_core.shell:Creating environment descriptor '/home/rahul/Mir_robot/install/ros2_aruco_interfaces/share/ros2_aruco_interfaces/hook/cmake_prefix_path.dsv'
[20.834s] INFO:colcon.colcon_core.shell:Creating environment hook '/home/rahul/Mir_robot/install/ros2_aruco_interfaces/share/ros2_aruco_interfaces/hook/cmake_prefix_path.sh'
[20.836s] Level 1:colcon.colcon_core.environment:checking '/home/rahul/Mir_robot/install/ros2_aruco_interfaces/lib'
[20.836s] Level 1:colcon.colcon_core.shell:create_environment_hook('ros2_aruco_interfaces', 'ld_library_path_lib')
[20.836s] INFO:colcon.colcon_core.shell:Creating environment hook '/home/rahul/Mir_robot/install/ros2_aruco_interfaces/share/ros2_aruco_interfaces/hook/ld_library_path_lib.ps1'
[20.837s] INFO:colcon.colcon_core.shell:Creating environment descriptor '/home/rahul/Mir_robot/install/ros2_aruco_interfaces/share/ros2_aruco_interfaces/hook/ld_library_path_lib.dsv'
[20.838s] INFO:colcon.colcon_core.shell:Creating environment hook '/home/rahul/Mir_robot/install/ros2_aruco_interfaces/share/ros2_aruco_interfaces/hook/ld_library_path_lib.sh'
[20.839s] Level 1:colcon.colcon_core.environment:checking '/home/rahul/Mir_robot/install/ros2_aruco_interfaces/bin'
[20.839s] Level 1:colcon.colcon_core.environment:checking '/home/rahul/Mir_robot/install/ros2_aruco_interfaces/lib/pkgconfig/ros2_aruco_interfaces.pc'
[20.840s] Level 1:colcon.colcon_core.environment:checking '/home/rahul/Mir_robot/install/ros2_aruco_interfaces/lib/python3.10/site-packages'
[20.840s] Level 1:colcon.colcon_core.environment:checking '/home/rahul/Mir_robot/install/ros2_aruco_interfaces/bin'
[20.841s] INFO:colcon.colcon_core.shell:Creating package script '/home/rahul/Mir_robot/install/ros2_aruco_interfaces/share/ros2_aruco_interfaces/package.ps1'
[20.843s] INFO:colcon.colcon_core.shell:Creating package descriptor '/home/rahul/Mir_robot/install/ros2_aruco_interfaces/share/ros2_aruco_interfaces/package.dsv'
[20.845s] INFO:colcon.colcon_core.shell:Creating package script '/home/rahul/Mir_robot/install/ros2_aruco_interfaces/share/ros2_aruco_interfaces/package.sh'
[20.846s] INFO:colcon.colcon_core.shell:Creating package script '/home/rahul/Mir_robot/install/ros2_aruco_interfaces/share/ros2_aruco_interfaces/package.bash'
[20.847s] INFO:colcon.colcon_core.shell:Creating package script '/home/rahul/Mir_robot/install/ros2_aruco_interfaces/share/ros2_aruco_interfaces/package.zsh'
[20.848s] Level 1:colcon.colcon_core.environment:create_file_with_runtime_dependencies(/home/rahul/Mir_robot/install/ros2_aruco_interfaces/share/colcon-core/packages/ros2_aruco_interfaces)
[20.849s] INFO:colcon.colcon_ros.task.ament_python.build:Building ROS package in '/home/rahul/Mir_robot/src/mir_robot/mir_robot/mir_restapi' with build type 'ament_python'
[20.849s] Level 1:colcon.colcon_core.shell:create_environment_hook('mir_restapi', 'ament_prefix_path')
[20.850s] INFO:colcon.colcon_core.shell:Creating environment hook '/home/rahul/Mir_robot/install/mir_restapi/share/mir_restapi/hook/ament_prefix_path.ps1'
[20.851s] INFO:colcon.colcon_core.shell:Creating environment descriptor '/home/rahul/Mir_robot/install/mir_restapi/share/mir_restapi/hook/ament_prefix_path.dsv'
[20.853s] INFO:colcon.colcon_core.shell:Creating environment hook '/home/rahul/Mir_robot/install/mir_restapi/share/mir_restapi/hook/ament_prefix_path.sh'
[20.854s] INFO:colcon.colcon_core.shell:Skip shell extension 'powershell' for command environment: Not usable outside of PowerShell
[20.854s] DEBUG:colcon.colcon_core.shell:Skip shell extension 'dsv' for command environment
[21.440s] INFO:colcon.colcon_core.task.python.build:Building Python package in '/home/rahul/Mir_robot/src/mir_robot/mir_robot/mir_restapi'
[21.440s] INFO:colcon.colcon_core.shell:Skip shell extension 'powershell' for command environment: Not usable outside of PowerShell
[21.440s] DEBUG:colcon.colcon_core.shell:Skip shell extension 'dsv' for command environment
[21.450s] Level 1:colcon.colcon_core.environment:create_environment_scripts_only(mir_msgs)
[21.450s] Level 1:colcon.colcon_core.environment:checking '/home/rahul/Mir_robot/install/mir_msgs' for CMake module files
[21.451s] DEBUG:colcon.colcon_core.event_handler.log_command:Invoked command in '/home/rahul/Mir_robot/build/mir_msgs' returned '0': CMAKE_PREFIX_PATH=/opt/ros/humble /usr/bin/cmake --install /home/rahul/Mir_robot/build/mir_msgs
[21.452s] Level 1:colcon.colcon_core.environment:checking '/home/rahul/Mir_robot/install/mir_msgs' for CMake config files
[21.455s] Level 1:colcon.colcon_core.shell:create_environment_hook('mir_msgs', 'cmake_prefix_path')
[21.455s] INFO:colcon.colcon_core.shell:Creating environment hook '/home/rahul/Mir_robot/install/mir_msgs/share/mir_msgs/hook/cmake_prefix_path.ps1'
[21.456s] INFO:colcon.colcon_core.shell:Creating environment descriptor '/home/rahul/Mir_robot/install/mir_msgs/share/mir_msgs/hook/cmake_prefix_path.dsv'
[21.456s] INFO:colcon.colcon_core.shell:Creating environment hook '/home/rahul/Mir_robot/install/mir_msgs/share/mir_msgs/hook/cmake_prefix_path.sh'
[21.457s] Level 1:colcon.colcon_core.environment:checking '/home/rahul/Mir_robot/install/mir_msgs/lib'
[21.457s] Level 1:colcon.colcon_core.shell:create_environment_hook('mir_msgs', 'ld_library_path_lib')
[21.458s] INFO:colcon.colcon_core.shell:Creating environment hook '/home/rahul/Mir_robot/install/mir_msgs/share/mir_msgs/hook/ld_library_path_lib.ps1'
[21.458s] INFO:colcon.colcon_core.shell:Creating environment descriptor '/home/rahul/Mir_robot/install/mir_msgs/share/mir_msgs/hook/ld_library_path_lib.dsv'
[21.459s] INFO:colcon.colcon_core.shell:Creating environment hook '/home/rahul/Mir_robot/install/mir_msgs/share/mir_msgs/hook/ld_library_path_lib.sh'
[21.459s] Level 1:colcon.colcon_core.environment:checking '/home/rahul/Mir_robot/install/mir_msgs/bin'
[21.459s] Level 1:colcon.colcon_core.environment:checking '/home/rahul/Mir_robot/install/mir_msgs/lib/pkgconfig/mir_msgs.pc'
[21.459s] Level 1:colcon.colcon_core.environment:checking '/home/rahul/Mir_robot/install/mir_msgs/lib/python3.10/site-packages'
[21.460s] Level 1:colcon.colcon_core.environment:checking '/home/rahul/Mir_robot/install/mir_msgs/bin'
[21.460s] INFO:colcon.colcon_core.shell:Creating package script '/home/rahul/Mir_robot/install/mir_msgs/share/mir_msgs/package.ps1'
[21.461s] INFO:colcon.colcon_core.shell:Creating package descriptor '/home/rahul/Mir_robot/install/mir_msgs/share/mir_msgs/package.dsv'
[21.462s] INFO:colcon.colcon_core.shell:Creating package script '/home/rahul/Mir_robot/install/mir_msgs/share/mir_msgs/package.sh'
[21.462s] INFO:colcon.colcon_core.shell:Creating package script '/home/rahul/Mir_robot/install/mir_msgs/share/mir_msgs/package.bash'
[21.463s] INFO:colcon.colcon_core.shell:Creating package script '/home/rahul/Mir_robot/install/mir_msgs/share/mir_msgs/package.zsh'
[21.463s] Level 1:colcon.colcon_core.environment:create_file_with_runtime_dependencies(/home/rahul/Mir_robot/install/mir_msgs/share/colcon-core/packages/mir_msgs)
[21.464s] Level 1:colcon.colcon_core.environment:create_environment_scripts_only(mir_msgs)
[21.464s] Level 1:colcon.colcon_core.environment:checking '/home/rahul/Mir_robot/install/mir_msgs' for CMake module files
[21.465s] Level 1:colcon.colcon_core.environment:checking '/home/rahul/Mir_robot/install/mir_msgs' for CMake config files
[21.467s] Level 1:colcon.colcon_core.shell:create_environment_hook('mir_msgs', 'cmake_prefix_path')
[21.467s] INFO:colcon.colcon_core.shell:Creating environment hook '/home/rahul/Mir_robot/install/mir_msgs/share/mir_msgs/hook/cmake_prefix_path.ps1'
[21.468s] INFO:colcon.colcon_core.shell:Creating environment descriptor '/home/rahul/Mir_robot/install/mir_msgs/share/mir_msgs/hook/cmake_prefix_path.dsv'
[21.468s] INFO:colcon.colcon_core.shell:Creating environment hook '/home/rahul/Mir_robot/install/mir_msgs/share/mir_msgs/hook/cmake_prefix_path.sh'
[21.469s] Level 1:colcon.colcon_core.environment:checking '/home/rahul/Mir_robot/install/mir_msgs/lib'
[21.469s] Level 1:colcon.colcon_core.shell:create_environment_hook('mir_msgs', 'ld_library_path_lib')
[21.469s] INFO:colcon.colcon_core.shell:Creating environment hook '/home/rahul/Mir_robot/install/mir_msgs/share/mir_msgs/hook/ld_library_path_lib.ps1'
[21.470s] INFO:colcon.colcon_core.shell:Creating environment descriptor '/home/rahul/Mir_robot/install/mir_msgs/share/mir_msgs/hook/ld_library_path_lib.dsv'
[21.471s] INFO:colcon.colcon_core.shell:Creating environment hook '/home/rahul/Mir_robot/install/mir_msgs/share/mir_msgs/hook/ld_library_path_lib.sh'
[21.471s] Level 1:colcon.colcon_core.environment:checking '/home/rahul/Mir_robot/install/mir_msgs/bin'
[21.471s] Level 1:colcon.colcon_core.environment:checking '/home/rahul/Mir_robot/install/mir_msgs/lib/pkgconfig/mir_msgs.pc'
[21.472s] Level 1:colcon.colcon_core.environment:checking '/home/rahul/Mir_robot/install/mir_msgs/lib/python3.10/site-packages'
[21.472s] Level 1:colcon.colcon_core.environment:checking '/home/rahul/Mir_robot/install/mir_msgs/bin'
[21.472s] INFO:colcon.colcon_core.shell:Creating package script '/home/rahul/Mir_robot/install/mir_msgs/share/mir_msgs/package.ps1'
[21.473s] INFO:colcon.colcon_core.shell:Creating package descriptor '/home/rahul/Mir_robot/install/mir_msgs/share/mir_msgs/package.dsv'
[21.474s] INFO:colcon.colcon_core.shell:Creating package script '/home/rahul/Mir_robot/install/mir_msgs/share/mir_msgs/package.sh'
[21.475s] INFO:colcon.colcon_core.shell:Creating package script '/home/rahul/Mir_robot/install/mir_msgs/share/mir_msgs/package.bash'
[21.475s] INFO:colcon.colcon_core.shell:Creating package script '/home/rahul/Mir_robot/install/mir_msgs/share/mir_msgs/package.zsh'
[21.476s] Level 1:colcon.colcon_core.environment:create_file_with_runtime_dependencies(/home/rahul/Mir_robot/install/mir_msgs/share/colcon-core/packages/mir_msgs)
[21.477s] INFO:colcon.colcon_ros.task.ament_python.build:Building ROS package in '/home/rahul/Mir_robot/src/mir_robot/point_cloud_functions' with build type 'ament_python'
[21.477s] Level 1:colcon.colcon_core.shell:create_environment_hook('point_cloud_functions', 'ament_prefix_path')
[21.477s] INFO:colcon.colcon_core.shell:Creating environment hook '/home/rahul/Mir_robot/install/point_cloud_functions/share/point_cloud_functions/hook/ament_prefix_path.ps1'
[21.478s] INFO:colcon.colcon_core.shell:Creating environment descriptor '/home/rahul/Mir_robot/install/point_cloud_functions/share/point_cloud_functions/hook/ament_prefix_path.dsv'
[21.478s] INFO:colcon.colcon_core.shell:Creating environment hook '/home/rahul/Mir_robot/install/point_cloud_functions/share/point_cloud_functions/hook/ament_prefix_path.sh'
[21.479s] INFO:colcon.colcon_core.shell:Skip shell extension 'powershell' for command environment: Not usable outside of PowerShell
[21.479s] DEBUG:colcon.colcon_core.shell:Skip shell extension 'dsv' for command environment
[22.234s] INFO:colcon.colcon_core.task.python.build:Building Python package in '/home/rahul/Mir_robot/src/mir_robot/point_cloud_functions'
[22.234s] INFO:colcon.colcon_core.shell:Skip shell extension 'powershell' for command environment: Not usable outside of PowerShell
[22.234s] DEBUG:colcon.colcon_core.shell:Skip shell extension 'dsv' for command environment
[22.304s] DEBUG:colcon.colcon_core.task.python.build:Available setuptools commands: bdist, build_clib, bdist_wheel, test, update_catalog, symlink_data, saveopts, upload_docs, build_scripts, build_py, alias, clean, dist_info, install_headers, egg_info, upload, bdist_rpm, check, extract_messages, register, build_ext, easy_install, develop, compile_catalog, install_egg_info, init_catalog, bdist_dumb, install, install_data, bdist_egg, rotate, install_scripts, sdist, setopt, build, install_lib
[23.111s] DEBUG:colcon.colcon_core.task.python.build:Available setuptools commands: bdist, build_clib, bdist_wheel, test, update_catalog, symlink_data, saveopts, upload_docs, build_scripts, build_py, alias, clean, dist_info, install_headers, egg_info, upload, bdist_rpm, check, extract_messages, register, build_ext, easy_install, develop, compile_catalog, install_egg_info, init_catalog, bdist_dumb, install, install_data, bdist_egg, rotate, install_scripts, sdist, setopt, build, install_lib
[23.605s] DEBUG:colcon.colcon_core.task.python.build:Available setuptools 'develop' options: --help, --install-dir, --dry-run, --uninstall, --upgrade, --no-deps, --multi-version, --always-copy, --local-snapshots-ok, --optimize, --prefix, --version, --exclude-scripts, --no-user-cfg, --verbose, --no-find-links, --egg-path, --quiet, --build-directory, --always-unzip, --force-installation-into-system-dir, --script-dir, --site-dirs, --user, --allow-hosts, --install-layout, --index-url, --find-links, --record, --zip-ok, --editable
[23.607s] DEBUG:colcon.colcon_core.event_handler.log_command:Invoking command in '/home/rahul/Mir_robot/build/mir_restapi': PYTHONPATH=/home/rahul/Mir_robot/build/mir_restapi/prefix_override:/usr/lib/python3/dist-packages/colcon_core/task/python/colcon_distutils_commands:/home/rahul/Mir_robot/install/mir_restapi/lib/python3.10/site-packages:${PYTHONPATH} /usr/bin/python3 -W ignore:setup.py install is deprecated -W ignore:easy_install command is deprecated setup.py develop --editable --build-directory /home/rahul/Mir_robot/build/mir_restapi/build --no-deps symlink_data
[23.821s] DEBUG:colcon.colcon_core.task.python.build:Available setuptools 'develop' options: --help, --install-dir, --dry-run, --uninstall, --upgrade, --no-deps, --multi-version, --always-copy, --local-snapshots-ok, --optimize, --prefix, --version, --exclude-scripts, --no-user-cfg, --verbose, --no-find-links, --egg-path, --quiet, --build-directory, --always-unzip, --force-installation-into-system-dir, --script-dir, --site-dirs, --user, --allow-hosts, --install-layout, --index-url, --find-links, --record, --zip-ok, --editable
[23.826s] DEBUG:colcon.colcon_core.event_handler.log_command:Invoking command in '/home/rahul/Mir_robot/build/point_cloud_functions': PYTHONPATH=/home/rahul/Mir_robot/build/point_cloud_functions/prefix_override:/usr/lib/python3/dist-packages/colcon_core/task/python/colcon_distutils_commands:/home/rahul/Mir_robot/install/point_cloud_functions/lib/python3.10/site-packages:${PYTHONPATH} /usr/bin/python3 -W ignore:setup.py install is deprecated -W ignore:easy_install command is deprecated setup.py develop --editable --build-directory /home/rahul/Mir_robot/build/point_cloud_functions/build --no-deps symlink_data
[24.742s] Level 1:colcon.colcon_core.shell:create_environment_hook('mir_restapi', 'pythonpath_develop')
[24.742s] DEBUG:colcon.colcon_core.event_handler.log_command:Invoked command in '/home/rahul/Mir_robot/build/mir_restapi' returned '0': PYTHONPATH=/home/rahul/Mir_robot/build/mir_restapi/prefix_override:/usr/lib/python3/dist-packages/colcon_core/task/python/colcon_distutils_commands:/home/rahul/Mir_robot/install/mir_restapi/lib/python3.10/site-packages:${PYTHONPATH} /usr/bin/python3 -W ignore:setup.py install is deprecated -W ignore:easy_install command is deprecated setup.py develop --editable --build-directory /home/rahul/Mir_robot/build/mir_restapi/build --no-deps symlink_data
[24.743s] INFO:colcon.colcon_core.shell:Creating environment hook '/home/rahul/Mir_robot/build/mir_restapi/share/mir_restapi/hook/pythonpath_develop.ps1'
[24.744s] INFO:colcon.colcon_core.shell:Creating environment descriptor '/home/rahul/Mir_robot/build/mir_restapi/share/mir_restapi/hook/pythonpath_develop.dsv'
[24.745s] INFO:colcon.colcon_core.shell:Creating environment hook '/home/rahul/Mir_robot/build/mir_restapi/share/mir_restapi/hook/pythonpath_develop.sh'
[24.746s] Level 1:colcon.colcon_core.environment:checking '/home/rahul/Mir_robot/install/mir_restapi' for CMake module files
[24.747s] Level 1:colcon.colcon_core.environment:checking '/home/rahul/Mir_robot/install/mir_restapi' for CMake config files
[24.748s] Level 1:colcon.colcon_core.environment:checking '/home/rahul/Mir_robot/install/mir_restapi/lib'
[24.748s] Level 1:colcon.colcon_core.environment:checking '/home/rahul/Mir_robot/install/mir_restapi/bin'
[24.748s] Level 1:colcon.colcon_core.environment:checking '/home/rahul/Mir_robot/install/mir_restapi/lib/pkgconfig/mir_restapi.pc'
[24.748s] Level 1:colcon.colcon_core.environment:checking '/home/rahul/Mir_robot/install/mir_restapi/lib/python3.10/site-packages'
[24.749s] Level 1:colcon.colcon_core.shell:create_environment_hook('mir_restapi', 'pythonpath')
[24.749s] INFO:colcon.colcon_core.shell:Creating environment hook '/home/rahul/Mir_robot/install/mir_restapi/share/mir_restapi/hook/pythonpath.ps1'
[24.750s] INFO:colcon.colcon_core.shell:Creating environment descriptor '/home/rahul/Mir_robot/install/mir_restapi/share/mir_restapi/hook/pythonpath.dsv'
[24.750s] INFO:colcon.colcon_core.shell:Creating environment hook '/home/rahul/Mir_robot/install/mir_restapi/share/mir_restapi/hook/pythonpath.sh'
[24.752s] Level 1:colcon.colcon_core.environment:checking '/home/rahul/Mir_robot/install/mir_restapi/bin'
[24.752s] Level 1:colcon.colcon_core.environment:create_environment_scripts_only(mir_restapi)
[24.753s] INFO:colcon.colcon_core.shell:Creating package script '/home/rahul/Mir_robot/install/mir_restapi/share/mir_restapi/package.ps1'
[24.754s] INFO:colcon.colcon_core.shell:Creating package descriptor '/home/rahul/Mir_robot/install/mir_restapi/share/mir_restapi/package.dsv'
[24.755s] INFO:colcon.colcon_core.shell:Creating package script '/home/rahul/Mir_robot/install/mir_restapi/share/mir_restapi/package.sh'
[24.756s] INFO:colcon.colcon_core.shell:Creating package script '/home/rahul/Mir_robot/install/mir_restapi/share/mir_restapi/package.bash'
[24.756s] INFO:colcon.colcon_core.shell:Creating package script '/home/rahul/Mir_robot/install/mir_restapi/share/mir_restapi/package.zsh'
[24.757s] Level 1:colcon.colcon_core.environment:create_file_with_runtime_dependencies(/home/rahul/Mir_robot/install/mir_restapi/share/colcon-core/packages/mir_restapi)
[24.758s] INFO:colcon.colcon_ros.task.ament_cmake.build:Building ROS package in '/home/rahul/Mir_robot/src/mir_robot/realsense2_description' with build type 'ament_cmake'
[24.758s] INFO:colcon.colcon_cmake.task.cmake.build:Building CMake package in '/home/rahul/Mir_robot/src/mir_robot/realsense2_description'
[24.759s] INFO:colcon.colcon_core.shell:Skip shell extension 'powershell' for command environment: Not usable outside of PowerShell
[24.759s] DEBUG:colcon.colcon_core.shell:Skip shell extension 'dsv' for command environment
[24.779s] DEBUG:colcon.colcon_core.event_handler.log_command:Invoking command in '/home/rahul/Mir_robot/build/realsense2_description': CMAKE_PREFIX_PATH=/opt/ros/humble /usr/bin/cmake /home/rahul/Mir_robot/src/mir_robot/realsense2_description -DAMENT_CMAKE_SYMLINK_INSTALL=1 -DCMAKE_INSTALL_PREFIX=/home/rahul/Mir_robot/install/realsense2_description
[24.926s] Level 1:colcon.colcon_core.shell:create_environment_hook('point_cloud_functions', 'pythonpath_develop')
[24.927s] DEBUG:colcon.colcon_core.event_handler.log_command:Invoked command in '/home/rahul/Mir_robot/build/point_cloud_functions' returned '0': PYTHONPATH=/home/rahul/Mir_robot/build/point_cloud_functions/prefix_override:/usr/lib/python3/dist-packages/colcon_core/task/python/colcon_distutils_commands:/home/rahul/Mir_robot/install/point_cloud_functions/lib/python3.10/site-packages:${PYTHONPATH} /usr/bin/python3 -W ignore:setup.py install is deprecated -W ignore:easy_install command is deprecated setup.py develop --editable --build-directory /home/rahul/Mir_robot/build/point_cloud_functions/build --no-deps symlink_data
[24.927s] INFO:colcon.colcon_core.shell:Creating environment hook '/home/rahul/Mir_robot/build/point_cloud_functions/share/point_cloud_functions/hook/pythonpath_develop.ps1'
[24.928s] INFO:colcon.colcon_core.shell:Creating environment descriptor '/home/rahul/Mir_robot/build/point_cloud_functions/share/point_cloud_functions/hook/pythonpath_develop.dsv'
[24.929s] INFO:colcon.colcon_core.shell:Creating environment hook '/home/rahul/Mir_robot/build/point_cloud_functions/share/point_cloud_functions/hook/pythonpath_develop.sh'
[24.930s] Level 1:colcon.colcon_core.environment:checking '/home/rahul/Mir_robot/install/point_cloud_functions' for CMake module files
[24.930s] Level 1:colcon.colcon_core.environment:checking '/home/rahul/Mir_robot/install/point_cloud_functions' for CMake config files
[24.931s] Level 1:colcon.colcon_core.environment:checking '/home/rahul/Mir_robot/install/point_cloud_functions/lib'
[24.931s] Level 1:colcon.colcon_core.environment:checking '/home/rahul/Mir_robot/install/point_cloud_functions/bin'
[24.931s] Level 1:colcon.colcon_core.environment:checking '/home/rahul/Mir_robot/install/point_cloud_functions/lib/pkgconfig/point_cloud_functions.pc'
[24.932s] Level 1:colcon.colcon_core.environment:checking '/home/rahul/Mir_robot/install/point_cloud_functions/lib/python3.10/site-packages'
[24.932s] Level 1:colcon.colcon_core.shell:create_environment_hook('point_cloud_functions', 'pythonpath')
[24.932s] INFO:colcon.colcon_core.shell:Creating environment hook '/home/rahul/Mir_robot/install/point_cloud_functions/share/point_cloud_functions/hook/pythonpath.ps1'
[24.933s] INFO:colcon.colcon_core.shell:Creating environment descriptor '/home/rahul/Mir_robot/install/point_cloud_functions/share/point_cloud_functions/hook/pythonpath.dsv'
[24.934s] INFO:colcon.colcon_core.shell:Creating environment hook '/home/rahul/Mir_robot/install/point_cloud_functions/share/point_cloud_functions/hook/pythonpath.sh'
[24.935s] Level 1:colcon.colcon_core.environment:checking '/home/rahul/Mir_robot/install/point_cloud_functions/bin'
[24.935s] Level 1:colcon.colcon_core.environment:create_environment_scripts_only(point_cloud_functions)
[24.936s] INFO:colcon.colcon_core.shell:Creating package script '/home/rahul/Mir_robot/install/point_cloud_functions/share/point_cloud_functions/package.ps1'
[24.937s] INFO:colcon.colcon_core.shell:Creating package descriptor '/home/rahul/Mir_robot/install/point_cloud_functions/share/point_cloud_functions/package.dsv'
[24.938s] INFO:colcon.colcon_core.shell:Creating package script '/home/rahul/Mir_robot/install/point_cloud_functions/share/point_cloud_functions/package.sh'
[24.939s] INFO:colcon.colcon_core.shell:Creating package script '/home/rahul/Mir_robot/install/point_cloud_functions/share/point_cloud_functions/package.bash'
[24.939s] INFO:colcon.colcon_core.shell:Creating package script '/home/rahul/Mir_robot/install/point_cloud_functions/share/point_cloud_functions/package.zsh'
[24.940s] Level 1:colcon.colcon_core.environment:create_file_with_runtime_dependencies(/home/rahul/Mir_robot/install/point_cloud_functions/share/colcon-core/packages/point_cloud_functions)
[24.941s] INFO:colcon.colcon_ros.task.ament_cmake.build:Building ROS package in '/home/rahul/Mir_robot/src/mir_robot/realsense_gazebo_plugin' with build type 'ament_cmake'
[24.942s] INFO:colcon.colcon_cmake.task.cmake.build:Building CMake package in '/home/rahul/Mir_robot/src/mir_robot/realsense_gazebo_plugin'
[24.942s] INFO:colcon.colcon_core.shell:Skip shell extension 'powershell' for command environment: Not usable outside of PowerShell
[24.942s] DEBUG:colcon.colcon_core.shell:Skip shell extension 'dsv' for command environment
[24.963s] DEBUG:colcon.colcon_core.event_handler.log_command:Invoking command in '/home/rahul/Mir_robot/build/realsense_gazebo_plugin': CMAKE_PREFIX_PATH=/opt/ros/humble /usr/bin/cmake /home/rahul/Mir_robot/src/mir_robot/realsense_gazebo_plugin -DAMENT_CMAKE_SYMLINK_INSTALL=1 -DCMAKE_INSTALL_PREFIX=/home/rahul/Mir_robot/install/realsense_gazebo_plugin
[26.017s] DEBUG:colcon.colcon_core.event_handler.log_command:Invoked command in '/home/rahul/Mir_robot/build/realsense2_description' returned '0': CMAKE_PREFIX_PATH=/opt/ros/humble /usr/bin/cmake /home/rahul/Mir_robot/src/mir_robot/realsense2_description -DAMENT_CMAKE_SYMLINK_INSTALL=1 -DCMAKE_INSTALL_PREFIX=/home/rahul/Mir_robot/install/realsense2_description
[26.022s] DEBUG:colcon.colcon_core.event_handler.log_command:Invoking command in '/home/rahul/Mir_robot/build/realsense2_description': CMAKE_PREFIX_PATH=/opt/ros/humble /usr/bin/cmake --build /home/rahul/Mir_robot/build/realsense2_description -- -j4 -l4
[26.101s] DEBUG:colcon.colcon_core.event_handler.log_command:Invoked command in '/home/rahul/Mir_robot/build/realsense2_description' returned '0': CMAKE_PREFIX_PATH=/opt/ros/humble /usr/bin/cmake --build /home/rahul/Mir_robot/build/realsense2_description -- -j4 -l4
[26.102s] DEBUG:colcon.colcon_core.event_handler.log_command:Invoking command in '/home/rahul/Mir_robot/build/realsense2_description': CMAKE_PREFIX_PATH=/opt/ros/humble /usr/bin/cmake --install /home/rahul/Mir_robot/build/realsense2_description
[26.871s] Level 1:colcon.colcon_core.environment:create_environment_scripts_only(realsense2_description)
[26.872s] Level 1:colcon.colcon_core.environment:checking '/home/rahul/Mir_robot/install/realsense2_description' for CMake module files
[26.872s] DEBUG:colcon.colcon_core.event_handler.log_command:Invoked command in '/home/rahul/Mir_robot/build/realsense2_description' returned '0': CMAKE_PREFIX_PATH=/opt/ros/humble /usr/bin/cmake --install /home/rahul/Mir_robot/build/realsense2_description
[26.874s] Level 1:colcon.colcon_core.environment:checking '/home/rahul/Mir_robot/install/realsense2_description' for CMake config files
[26.875s] Level 1:colcon.colcon_core.shell:create_environment_hook('realsense2_description', 'cmake_prefix_path')
[26.875s] INFO:colcon.colcon_core.shell:Creating environment hook '/home/rahul/Mir_robot/install/realsense2_description/share/realsense2_description/hook/cmake_prefix_path.ps1'
[26.877s] INFO:colcon.colcon_core.shell:Creating environment descriptor '/home/rahul/Mir_robot/install/realsense2_description/share/realsense2_description/hook/cmake_prefix_path.dsv'
[26.877s] INFO:colcon.colcon_core.shell:Creating environment hook '/home/rahul/Mir_robot/install/realsense2_description/share/realsense2_description/hook/cmake_prefix_path.sh'
[26.879s] Level 1:colcon.colcon_core.environment:checking '/home/rahul/Mir_robot/install/realsense2_description/bin'
[26.879s] Level 1:colcon.colcon_core.environment:checking '/home/rahul/Mir_robot/install/realsense2_description/lib/pkgconfig/realsense2_description.pc'
[26.879s] Level 1:colcon.colcon_core.environment:checking '/home/rahul/Mir_robot/install/realsense2_description/lib/python3.10/site-packages'
[26.880s] Level 1:colcon.colcon_core.environment:checking '/home/rahul/Mir_robot/install/realsense2_description/bin'
[26.881s] INFO:colcon.colcon_core.shell:Creating package script '/home/rahul/Mir_robot/install/realsense2_description/share/realsense2_description/package.ps1'
[26.882s] INFO:colcon.colcon_core.shell:Creating package descriptor '/home/rahul/Mir_robot/install/realsense2_description/share/realsense2_description/package.dsv'
[26.884s] INFO:colcon.colcon_core.shell:Creating package script '/home/rahul/Mir_robot/install/realsense2_description/share/realsense2_description/package.sh'
[26.885s] INFO:colcon.colcon_core.shell:Creating package script '/home/rahul/Mir_robot/install/realsense2_description/share/realsense2_description/package.bash'
[26.885s] INFO:colcon.colcon_core.shell:Creating package script '/home/rahul/Mir_robot/install/realsense2_description/share/realsense2_description/package.zsh'
[26.886s] Level 1:colcon.colcon_core.environment:create_file_with_runtime_dependencies(/home/rahul/Mir_robot/install/realsense2_description/share/colcon-core/packages/realsense2_description)
[26.887s] Level 1:colcon.colcon_core.environment:create_environment_scripts_only(realsense2_description)
[26.888s] Level 1:colcon.colcon_core.environment:checking '/home/rahul/Mir_robot/install/realsense2_description' for CMake module files
[26.889s] Level 1:colcon.colcon_core.environment:checking '/home/rahul/Mir_robot/install/realsense2_description' for CMake config files
[26.890s] Level 1:colcon.colcon_core.shell:create_environment_hook('realsense2_description', 'cmake_prefix_path')
[26.891s] INFO:colcon.colcon_core.shell:Creating environment hook '/home/rahul/Mir_robot/install/realsense2_description/share/realsense2_description/hook/cmake_prefix_path.ps1'
[26.892s] INFO:colcon.colcon_core.shell:Creating environment descriptor '/home/rahul/Mir_robot/install/realsense2_description/share/realsense2_description/hook/cmake_prefix_path.dsv'
[26.892s] INFO:colcon.colcon_core.shell:Creating environment hook '/home/rahul/Mir_robot/install/realsense2_description/share/realsense2_description/hook/cmake_prefix_path.sh'
[26.894s] Level 1:colcon.colcon_core.environment:checking '/home/rahul/Mir_robot/install/realsense2_description/bin'
[26.894s] Level 1:colcon.colcon_core.environment:checking '/home/rahul/Mir_robot/install/realsense2_description/lib/pkgconfig/realsense2_description.pc'
[26.894s] Level 1:colcon.colcon_core.environment:checking '/home/rahul/Mir_robot/install/realsense2_description/lib/python3.10/site-packages'
[26.895s] Level 1:colcon.colcon_core.environment:checking '/home/rahul/Mir_robot/install/realsense2_description/bin'
[26.896s] INFO:colcon.colcon_core.shell:Creating package script '/home/rahul/Mir_robot/install/realsense2_description/share/realsense2_description/package.ps1'
[26.897s] INFO:colcon.colcon_core.shell:Creating package descriptor '/home/rahul/Mir_robot/install/realsense2_description/share/realsense2_description/package.dsv'
[26.898s] INFO:colcon.colcon_core.shell:Creating package script '/home/rahul/Mir_robot/install/realsense2_description/share/realsense2_description/package.sh'
[26.899s] INFO:colcon.colcon_core.shell:Creating package script '/home/rahul/Mir_robot/install/realsense2_description/share/realsense2_description/package.bash'
[26.900s] INFO:colcon.colcon_core.shell:Creating package script '/home/rahul/Mir_robot/install/realsense2_description/share/realsense2_description/package.zsh'
[26.901s] Level 1:colcon.colcon_core.environment:create_file_with_runtime_dependencies(/home/rahul/Mir_robot/install/realsense2_description/share/colcon-core/packages/realsense2_description)
[26.902s] INFO:colcon.colcon_ros.task.ament_cmake.build:Building ROS package in '/home/rahul/Mir_robot/src/mir_robot/robotiq_description' with build type 'ament_cmake'
[26.902s] INFO:colcon.colcon_cmake.task.cmake.build:Building CMake package in '/home/rahul/Mir_robot/src/mir_robot/robotiq_description'
[26.903s] INFO:colcon.colcon_core.shell:Skip shell extension 'powershell' for command environment: Not usable outside of PowerShell
[26.903s] DEBUG:colcon.colcon_core.shell:Skip shell extension 'dsv' for command environment
[26.924s] DEBUG:colcon.colcon_core.event_handler.log_command:Invoking command in '/home/rahul/Mir_robot/build/robotiq_description': CMAKE_PREFIX_PATH=/opt/ros/humble /usr/bin/cmake /home/rahul/Mir_robot/src/mir_robot/robotiq_description -DAMENT_CMAKE_SYMLINK_INSTALL=1 -DCMAKE_INSTALL_PREFIX=/home/rahul/Mir_robot/install/robotiq_description
[28.288s] DEBUG:colcon.colcon_core.event_handler.log_command:Invoked command in '/home/rahul/Mir_robot/build/robotiq_description' returned '0': CMAKE_PREFIX_PATH=/opt/ros/humble /usr/bin/cmake /home/rahul/Mir_robot/src/mir_robot/robotiq_description -DAMENT_CMAKE_SYMLINK_INSTALL=1 -DCMAKE_INSTALL_PREFIX=/home/rahul/Mir_robot/install/robotiq_description
[28.290s] DEBUG:colcon.colcon_core.event_handler.log_command:Invoking command in '/home/rahul/Mir_robot/build/robotiq_description': CMAKE_PREFIX_PATH=/opt/ros/humble /usr/bin/cmake --build /home/rahul/Mir_robot/build/robotiq_description -- -j4 -l4
[28.365s] DEBUG:colcon.colcon_core.event_handler.log_command:Invoked command in '/home/rahul/Mir_robot/build/robotiq_description' returned '0': CMAKE_PREFIX_PATH=/opt/ros/humble /usr/bin/cmake --build /home/rahul/Mir_robot/build/robotiq_description -- -j4 -l4
[28.366s] DEBUG:colcon.colcon_core.event_handler.log_command:Invoking command in '/home/rahul/Mir_robot/build/robotiq_description': CMAKE_PREFIX_PATH=/opt/ros/humble /usr/bin/cmake --install /home/rahul/Mir_robot/build/robotiq_description
[28.916s] Level 1:colcon.colcon_core.environment:create_environment_scripts_only(robotiq_description)
[28.917s] Level 1:colcon.colcon_core.environment:checking '/home/rahul/Mir_robot/install/robotiq_description' for CMake module files
[28.918s] Level 1:colcon.colcon_core.environment:checking '/home/rahul/Mir_robot/install/robotiq_description' for CMake config files
[28.918s] Level 1:colcon.colcon_core.shell:create_environment_hook('robotiq_description', 'cmake_prefix_path')
[28.919s] INFO:colcon.colcon_core.shell:Creating environment hook '/home/rahul/Mir_robot/install/robotiq_description/share/robotiq_description/hook/cmake_prefix_path.ps1'
[28.919s] DEBUG:colcon.colcon_core.event_handler.log_command:Invoked command in '/home/rahul/Mir_robot/build/robotiq_description' returned '0': CMAKE_PREFIX_PATH=/opt/ros/humble /usr/bin/cmake --install /home/rahul/Mir_robot/build/robotiq_description
[28.921s] INFO:colcon.colcon_core.shell:Creating environment descriptor '/home/rahul/Mir_robot/install/robotiq_description/share/robotiq_description/hook/cmake_prefix_path.dsv'
[28.921s] INFO:colcon.colcon_core.shell:Creating environment hook '/home/rahul/Mir_robot/install/robotiq_description/share/robotiq_description/hook/cmake_prefix_path.sh'
[28.922s] Level 1:colcon.colcon_core.environment:checking '/home/rahul/Mir_robot/install/robotiq_description/bin'
[28.922s] Level 1:colcon.colcon_core.environment:checking '/home/rahul/Mir_robot/install/robotiq_description/lib/pkgconfig/robotiq_description.pc'
[28.923s] Level 1:colcon.colcon_core.environment:checking '/home/rahul/Mir_robot/install/robotiq_description/lib/python3.10/site-packages'
[28.923s] Level 1:colcon.colcon_core.environment:checking '/home/rahul/Mir_robot/install/robotiq_description/bin'
[28.924s] INFO:colcon.colcon_core.shell:Creating package script '/home/rahul/Mir_robot/install/robotiq_description/share/robotiq_description/package.ps1'
[28.925s] INFO:colcon.colcon_core.shell:Creating package descriptor '/home/rahul/Mir_robot/install/robotiq_description/share/robotiq_description/package.dsv'
[28.926s] INFO:colcon.colcon_core.shell:Creating package script '/home/rahul/Mir_robot/install/robotiq_description/share/robotiq_description/package.sh'
[28.927s] INFO:colcon.colcon_core.shell:Creating package script '/home/rahul/Mir_robot/install/robotiq_description/share/robotiq_description/package.bash'
[28.928s] INFO:colcon.colcon_core.shell:Creating package script '/home/rahul/Mir_robot/install/robotiq_description/share/robotiq_description/package.zsh'
[28.928s] Level 1:colcon.colcon_core.environment:create_file_with_runtime_dependencies(/home/rahul/Mir_robot/install/robotiq_description/share/colcon-core/packages/robotiq_description)
[28.929s] Level 1:colcon.colcon_core.environment:create_environment_scripts_only(robotiq_description)
[28.930s] Level 1:colcon.colcon_core.environment:checking '/home/rahul/Mir_robot/install/robotiq_description' for CMake module files
[28.931s] Level 1:colcon.colcon_core.environment:checking '/home/rahul/Mir_robot/install/robotiq_description' for CMake config files
[28.932s] Level 1:colcon.colcon_core.shell:create_environment_hook('robotiq_description', 'cmake_prefix_path')
[28.932s] INFO:colcon.colcon_core.shell:Creating environment hook '/home/rahul/Mir_robot/install/robotiq_description/share/robotiq_description/hook/cmake_prefix_path.ps1'
[28.933s] INFO:colcon.colcon_core.shell:Creating environment descriptor '/home/rahul/Mir_robot/install/robotiq_description/share/robotiq_description/hook/cmake_prefix_path.dsv'
[28.934s] INFO:colcon.colcon_core.shell:Creating environment hook '/home/rahul/Mir_robot/install/robotiq_description/share/robotiq_description/hook/cmake_prefix_path.sh'
[28.935s] Level 1:colcon.colcon_core.environment:checking '/home/rahul/Mir_robot/install/robotiq_description/bin'
[28.935s] Level 1:colcon.colcon_core.environment:checking '/home/rahul/Mir_robot/install/robotiq_description/lib/pkgconfig/robotiq_description.pc'
[28.935s] Level 1:colcon.colcon_core.environment:checking '/home/rahul/Mir_robot/install/robotiq_description/lib/python3.10/site-packages'
[28.936s] Level 1:colcon.colcon_core.environment:checking '/home/rahul/Mir_robot/install/robotiq_description/bin'
[28.937s] INFO:colcon.colcon_core.shell:Creating package script '/home/rahul/Mir_robot/install/robotiq_description/share/robotiq_description/package.ps1'
[28.938s] INFO:colcon.colcon_core.shell:Creating package descriptor '/home/rahul/Mir_robot/install/robotiq_description/share/robotiq_description/package.dsv'
[28.939s] INFO:colcon.colcon_core.shell:Creating package script '/home/rahul/Mir_robot/install/robotiq_description/share/robotiq_description/package.sh'
[28.940s] INFO:colcon.colcon_core.shell:Creating package script '/home/rahul/Mir_robot/install/robotiq_description/share/robotiq_description/package.bash'
[28.941s] INFO:colcon.colcon_core.shell:Creating package script '/home/rahul/Mir_robot/install/robotiq_description/share/robotiq_description/package.zsh'
[28.942s] Level 1:colcon.colcon_core.environment:create_file_with_runtime_dependencies(/home/rahul/Mir_robot/install/robotiq_description/share/colcon-core/packages/robotiq_description)
[28.942s] INFO:colcon.colcon_ros.task.ament_cmake.build:Building ROS package in '/home/rahul/Mir_robot/src/mir_robot/Universal_Robots_ROS2_Description' with build type 'ament_cmake'
[28.943s] INFO:colcon.colcon_cmake.task.cmake.build:Building CMake package in '/home/rahul/Mir_robot/src/mir_robot/Universal_Robots_ROS2_Description'
[28.943s] INFO:colcon.colcon_core.shell:Skip shell extension 'powershell' for command environment: Not usable outside of PowerShell
[28.943s] DEBUG:colcon.colcon_core.shell:Skip shell extension 'dsv' for command environment
[28.967s] DEBUG:colcon.colcon_core.event_handler.log_command:Invoking command in '/home/rahul/Mir_robot/build/ur_description': CMAKE_PREFIX_PATH=/opt/ros/humble /usr/bin/cmake /home/rahul/Mir_robot/src/mir_robot/Universal_Robots_ROS2_Description -DAMENT_CMAKE_SYMLINK_INSTALL=1 -DCMAKE_INSTALL_PREFIX=/home/rahul/Mir_robot/install/ur_description
[29.987s] DEBUG:colcon.colcon_core.event_handler.log_command:Invoked command in '/home/rahul/Mir_robot/build/realsense_gazebo_plugin' returned '0': CMAKE_PREFIX_PATH=/opt/ros/humble /usr/bin/cmake /home/rahul/Mir_robot/src/mir_robot/realsense_gazebo_plugin -DAMENT_CMAKE_SYMLINK_INSTALL=1 -DCMAKE_INSTALL_PREFIX=/home/rahul/Mir_robot/install/realsense_gazebo_plugin
[29.989s] DEBUG:colcon.colcon_core.event_handler.log_command:Invoking command in '/home/rahul/Mir_robot/build/realsense_gazebo_plugin': CMAKE_PREFIX_PATH=/opt/ros/humble /usr/bin/cmake --build /home/rahul/Mir_robot/build/realsense_gazebo_plugin -- -j4 -l4
[34.846s] DEBUG:colcon.colcon_core.event_handler.log_command:Invoked command in '/home/rahul/Mir_robot/build/ur_description' returned '0': CMAKE_PREFIX_PATH=/opt/ros/humble /usr/bin/cmake /home/rahul/Mir_robot/src/mir_robot/Universal_Robots_ROS2_Description -DAMENT_CMAKE_SYMLINK_INSTALL=1 -DCMAKE_INSTALL_PREFIX=/home/rahul/Mir_robot/install/ur_description
[34.852s] DEBUG:colcon.colcon_core.event_handler.log_command:Invoking command in '/home/rahul/Mir_robot/build/ur_description': CMAKE_PREFIX_PATH=/opt/ros/humble /usr/bin/cmake --build /home/rahul/Mir_robot/build/ur_description -- -j4 -l4
[34.996s] DEBUG:colcon.colcon_core.event_handler.log_command:Invoked command in '/home/rahul/Mir_robot/build/ur_description' returned '0': CMAKE_PREFIX_PATH=/opt/ros/humble /usr/bin/cmake --build /home/rahul/Mir_robot/build/ur_description -- -j4 -l4
[34.996s] DEBUG:colcon.colcon_core.event_handler.log_command:Invoking command in '/home/rahul/Mir_robot/build/ur_description': CMAKE_PREFIX_PATH=/opt/ros/humble /usr/bin/cmake --install /home/rahul/Mir_robot/build/ur_description
[38.121s] Level 1:colcon.colcon_core.environment:create_environment_scripts_only(ur_description)
[38.122s] Level 1:colcon.colcon_core.environment:checking '/home/rahul/Mir_robot/install/ur_description' for CMake module files
[38.123s] Level 1:colcon.colcon_core.environment:checking '/home/rahul/Mir_robot/install/ur_description' for CMake config files
[38.129s] DEBUG:colcon.colcon_core.event_handler.log_command:Invoked command in '/home/rahul/Mir_robot/build/ur_description' returned '0': CMAKE_PREFIX_PATH=/opt/ros/humble /usr/bin/cmake --install /home/rahul/Mir_robot/build/ur_description
[38.130s] Level 1:colcon.colcon_core.shell:create_environment_hook('ur_description', 'cmake_prefix_path')
[38.131s] INFO:colcon.colcon_core.shell:Creating environment hook '/home/rahul/Mir_robot/install/ur_description/share/ur_description/hook/cmake_prefix_path.ps1'
[38.134s] INFO:colcon.colcon_core.shell:Creating environment descriptor '/home/rahul/Mir_robot/install/ur_description/share/ur_description/hook/cmake_prefix_path.dsv'
[38.135s] INFO:colcon.colcon_core.shell:Creating environment hook '/home/rahul/Mir_robot/install/ur_description/share/ur_description/hook/cmake_prefix_path.sh'
[38.136s] Level 1:colcon.colcon_core.environment:checking '/home/rahul/Mir_robot/install/ur_description/bin'
[38.136s] Level 1:colcon.colcon_core.environment:checking '/home/rahul/Mir_robot/install/ur_description/lib/pkgconfig/ur_description.pc'
[38.136s] Level 1:colcon.colcon_core.environment:checking '/home/rahul/Mir_robot/install/ur_description/lib/python3.10/site-packages'
[38.138s] Level 1:colcon.colcon_core.environment:checking '/home/rahul/Mir_robot/install/ur_description/bin'
[38.139s] INFO:colcon.colcon_core.shell:Creating package script '/home/rahul/Mir_robot/install/ur_description/share/ur_description/package.ps1'
[38.142s] INFO:colcon.colcon_core.shell:Creating package descriptor '/home/rahul/Mir_robot/install/ur_description/share/ur_description/package.dsv'
[38.142s] INFO:colcon.colcon_core.shell:Creating package script '/home/rahul/Mir_robot/install/ur_description/share/ur_description/package.sh'
[38.146s] INFO:colcon.colcon_core.shell:Creating package script '/home/rahul/Mir_robot/install/ur_description/share/ur_description/package.bash'
[38.147s] INFO:colcon.colcon_core.shell:Creating package script '/home/rahul/Mir_robot/install/ur_description/share/ur_description/package.zsh'
[38.147s] Level 1:colcon.colcon_core.environment:create_file_with_runtime_dependencies(/home/rahul/Mir_robot/install/ur_description/share/colcon-core/packages/ur_description)
[38.148s] Level 1:colcon.colcon_core.environment:create_environment_scripts_only(ur_description)
[38.152s] Level 1:colcon.colcon_core.environment:checking '/home/rahul/Mir_robot/install/ur_description' for CMake module files
[38.153s] Level 1:colcon.colcon_core.environment:checking '/home/rahul/Mir_robot/install/ur_description' for CMake config files
[38.159s] Level 1:colcon.colcon_core.shell:create_environment_hook('ur_description', 'cmake_prefix_path')
[38.159s] INFO:colcon.colcon_core.shell:Creating environment hook '/home/rahul/Mir_robot/install/ur_description/share/ur_description/hook/cmake_prefix_path.ps1'
[38.160s] INFO:colcon.colcon_core.shell:Creating environment descriptor '/home/rahul/Mir_robot/install/ur_description/share/ur_description/hook/cmake_prefix_path.dsv'
[38.164s] INFO:colcon.colcon_core.shell:Creating environment hook '/home/rahul/Mir_robot/install/ur_description/share/ur_description/hook/cmake_prefix_path.sh'
[38.165s] Level 1:colcon.colcon_core.environment:checking '/home/rahul/Mir_robot/install/ur_description/bin'
[38.165s] Level 1:colcon.colcon_core.environment:checking '/home/rahul/Mir_robot/install/ur_description/lib/pkgconfig/ur_description.pc'
[38.165s] Level 1:colcon.colcon_core.environment:checking '/home/rahul/Mir_robot/install/ur_description/lib/python3.10/site-packages'
[38.166s] Level 1:colcon.colcon_core.environment:checking '/home/rahul/Mir_robot/install/ur_description/bin'
[38.170s] INFO:colcon.colcon_core.shell:Creating package script '/home/rahul/Mir_robot/install/ur_description/share/ur_description/package.ps1'
[38.171s] INFO:colcon.colcon_core.shell:Creating package descriptor '/home/rahul/Mir_robot/install/ur_description/share/ur_description/package.dsv'
[38.172s] INFO:colcon.colcon_core.shell:Creating package script '/home/rahul/Mir_robot/install/ur_description/share/ur_description/package.sh'
[38.173s] INFO:colcon.colcon_core.shell:Creating package script '/home/rahul/Mir_robot/install/ur_description/share/ur_description/package.bash'
[38.177s] INFO:colcon.colcon_core.shell:Creating package script '/home/rahul/Mir_robot/install/ur_description/share/ur_description/package.zsh'
[38.177s] Level 1:colcon.colcon_core.environment:create_file_with_runtime_dependencies(/home/rahul/Mir_robot/install/ur_description/share/colcon-core/packages/ur_description)
[38.178s] INFO:colcon.colcon_ros.task.ament_python.build:Building ROS package in '/home/rahul/Mir_robot/src/mir_robot/ros2_aruco/ros2_aruco' with build type 'ament_python'
[38.179s] Level 1:colcon.colcon_core.shell:create_environment_hook('ros2_aruco', 'ament_prefix_path')
[38.179s] INFO:colcon.colcon_core.shell:Creating environment hook '/home/rahul/Mir_robot/install/ros2_aruco/share/ros2_aruco/hook/ament_prefix_path.ps1'
[38.180s] INFO:colcon.colcon_core.shell:Creating environment descriptor '/home/rahul/Mir_robot/install/ros2_aruco/share/ros2_aruco/hook/ament_prefix_path.dsv'
[38.181s] INFO:colcon.colcon_core.shell:Creating environment hook '/home/rahul/Mir_robot/install/ros2_aruco/share/ros2_aruco/hook/ament_prefix_path.sh'
[38.185s] INFO:colcon.colcon_core.shell:Skip shell extension 'powershell' for command environment: Not usable outside of PowerShell
[38.185s] DEBUG:colcon.colcon_core.shell:Skip shell extension 'dsv' for command environment
[39.085s] INFO:colcon.colcon_core.task.python.build:Building Python package in '/home/rahul/Mir_robot/src/mir_robot/ros2_aruco/ros2_aruco'
[39.086s] INFO:colcon.colcon_core.shell:Skip shell extension 'powershell' for command environment: Not usable outside of PowerShell
[39.086s] DEBUG:colcon.colcon_core.shell:Skip shell extension 'dsv' for command environment
[40.385s] DEBUG:colcon.colcon_core.task.python.build:Available setuptools commands: bdist, build_clib, bdist_wheel, test, update_catalog, symlink_data, saveopts, upload_docs, build_scripts, build_py, alias, clean, dist_info, install_headers, egg_info, upload, bdist_rpm, check, extract_messages, register, build_ext, easy_install, develop, compile_catalog, install_egg_info, init_catalog, bdist_dumb, install, install_data, bdist_egg, rotate, install_scripts, sdist, setopt, build, install_lib
[41.250s] DEBUG:colcon.colcon_core.task.python.build:Available setuptools 'develop' options: --help, --install-dir, --dry-run, --uninstall, --upgrade, --no-deps, --multi-version, --always-copy, --local-snapshots-ok, --optimize, --prefix, --version, --exclude-scripts, --no-user-cfg, --verbose, --no-find-links, --egg-path, --quiet, --build-directory, --always-unzip, --force-installation-into-system-dir, --script-dir, --site-dirs, --user, --allow-hosts, --install-layout, --index-url, --find-links, --record, --zip-ok, --editable
[41.252s] DEBUG:colcon.colcon_core.event_handler.log_command:Invoking command in '/home/rahul/Mir_robot/build/ros2_aruco': AMENT_PREFIX_PATH=/home/rahul/Mir_robot/install/ros2_aruco_interfaces:${AMENT_PREFIX_PATH} CMAKE_PREFIX_PATH=/home/rahul/Mir_robot/install/ros2_aruco_interfaces LD_LIBRARY_PATH=/home/rahul/Mir_robot/install/ros2_aruco_interfaces/lib:${LD_LIBRARY_PATH} PYTHONPATH=/home/rahul/Mir_robot/build/ros2_aruco/prefix_override:/usr/lib/python3/dist-packages/colcon_core/task/python/colcon_distutils_commands:/home/rahul/Mir_robot/install/ros2_aruco/lib/python3.10/site-packages:/home/rahul/Mir_robot/install/ros2_aruco_interfaces/local/lib/python3.10/dist-packages:${PYTHONPATH} /usr/bin/python3 -W ignore:setup.py install is deprecated -W ignore:easy_install command is deprecated setup.py develop --editable --build-directory /home/rahul/Mir_robot/build/ros2_aruco/build --no-deps symlink_data
[42.728s] Level 1:colcon.colcon_core.shell:create_environment_hook('ros2_aruco', 'pythonpath_develop')
[42.729s] DEBUG:colcon.colcon_core.event_handler.log_command:Invoked command in '/home/rahul/Mir_robot/build/ros2_aruco' returned '0': AMENT_PREFIX_PATH=/home/rahul/Mir_robot/install/ros2_aruco_interfaces:${AMENT_PREFIX_PATH} CMAKE_PREFIX_PATH=/home/rahul/Mir_robot/install/ros2_aruco_interfaces LD_LIBRARY_PATH=/home/rahul/Mir_robot/install/ros2_aruco_interfaces/lib:${LD_LIBRARY_PATH} PYTHONPATH=/home/rahul/Mir_robot/build/ros2_aruco/prefix_override:/usr/lib/python3/dist-packages/colcon_core/task/python/colcon_distutils_commands:/home/rahul/Mir_robot/install/ros2_aruco/lib/python3.10/site-packages:/home/rahul/Mir_robot/install/ros2_aruco_interfaces/local/lib/python3.10/dist-packages:${PYTHONPATH} /usr/bin/python3 -W ignore:setup.py install is deprecated -W ignore:easy_install command is deprecated setup.py develop --editable --build-directory /home/rahul/Mir_robot/build/ros2_aruco/build --no-deps symlink_data
[42.729s] INFO:colcon.colcon_core.shell:Creating environment hook '/home/rahul/Mir_robot/build/ros2_aruco/share/ros2_aruco/hook/pythonpath_develop.ps1'
[42.730s] INFO:colcon.colcon_core.shell:Creating environment descriptor '/home/rahul/Mir_robot/build/ros2_aruco/share/ros2_aruco/hook/pythonpath_develop.dsv'
[42.731s] INFO:colcon.colcon_core.shell:Creating environment hook '/home/rahul/Mir_robot/build/ros2_aruco/share/ros2_aruco/hook/pythonpath_develop.sh'
[42.732s] Level 1:colcon.colcon_core.environment:checking '/home/rahul/Mir_robot/install/ros2_aruco' for CMake module files
[42.733s] Level 1:colcon.colcon_core.environment:checking '/home/rahul/Mir_robot/install/ros2_aruco' for CMake config files
[42.734s] Level 1:colcon.colcon_core.environment:checking '/home/rahul/Mir_robot/install/ros2_aruco/lib'
[42.734s] Level 1:colcon.colcon_core.environment:checking '/home/rahul/Mir_robot/install/ros2_aruco/bin'
[42.735s] Level 1:colcon.colcon_core.environment:checking '/home/rahul/Mir_robot/install/ros2_aruco/lib/pkgconfig/ros2_aruco.pc'
[42.735s] Level 1:colcon.colcon_core.environment:checking '/home/rahul/Mir_robot/install/ros2_aruco/lib/python3.10/site-packages'
[42.735s] Level 1:colcon.colcon_core.shell:create_environment_hook('ros2_aruco', 'pythonpath')
[42.736s] INFO:colcon.colcon_core.shell:Creating environment hook '/home/rahul/Mir_robot/install/ros2_aruco/share/ros2_aruco/hook/pythonpath.ps1'
[42.737s] INFO:colcon.colcon_core.shell:Creating environment descriptor '/home/rahul/Mir_robot/install/ros2_aruco/share/ros2_aruco/hook/pythonpath.dsv'
[42.738s] INFO:colcon.colcon_core.shell:Creating environment hook '/home/rahul/Mir_robot/install/ros2_aruco/share/ros2_aruco/hook/pythonpath.sh'
[42.739s] Level 1:colcon.colcon_core.environment:checking '/home/rahul/Mir_robot/install/ros2_aruco/bin'
[42.739s] Level 1:colcon.colcon_core.environment:create_environment_scripts_only(ros2_aruco)
[42.740s] INFO:colcon.colcon_core.shell:Creating package script '/home/rahul/Mir_robot/install/ros2_aruco/share/ros2_aruco/package.ps1'
[42.742s] INFO:colcon.colcon_core.shell:Creating package descriptor '/home/rahul/Mir_robot/install/ros2_aruco/share/ros2_aruco/package.dsv'
[42.743s] INFO:colcon.colcon_core.shell:Creating package script '/home/rahul/Mir_robot/install/ros2_aruco/share/ros2_aruco/package.sh'
[42.744s] INFO:colcon.colcon_core.shell:Creating package script '/home/rahul/Mir_robot/install/ros2_aruco/share/ros2_aruco/package.bash'
[42.745s] INFO:colcon.colcon_core.shell:Creating package script '/home/rahul/Mir_robot/install/ros2_aruco/share/ros2_aruco/package.zsh'
[42.745s] Level 1:colcon.colcon_core.environment:create_file_with_runtime_dependencies(/home/rahul/Mir_robot/install/ros2_aruco/share/colcon-core/packages/ros2_aruco)
[49.787s] DEBUG:colcon.colcon_core.event_handler.log_command:Invoked command in '/home/rahul/Mir_robot/build/hello_moveit_ur' returned '0': CMAKE_PREFIX_PATH=/opt/ros/humble /usr/bin/cmake --build /home/rahul/Mir_robot/build/hello_moveit_ur -- -j4 -l4
[49.790s] DEBUG:colcon.colcon_core.event_handler.log_command:Invoking command in '/home/rahul/Mir_robot/build/hello_moveit_ur': CMAKE_PREFIX_PATH=/opt/ros/humble /usr/bin/cmake --install /home/rahul/Mir_robot/build/hello_moveit_ur
[50.117s] Level 1:colcon.colcon_core.environment:create_environment_scripts_only(hello_moveit_ur)
[50.118s] Level 1:colcon.colcon_core.environment:checking '/home/rahul/Mir_robot/install/hello_moveit_ur' for CMake module files
[50.119s] Level 1:colcon.colcon_core.environment:checking '/home/rahul/Mir_robot/install/hello_moveit_ur' for CMake config files
[50.120s] DEBUG:colcon.colcon_core.event_handler.log_command:Invoked command in '/home/rahul/Mir_robot/build/hello_moveit_ur' returned '0': CMAKE_PREFIX_PATH=/opt/ros/humble /usr/bin/cmake --install /home/rahul/Mir_robot/build/hello_moveit_ur
[50.121s] Level 1:colcon.colcon_core.shell:create_environment_hook('hello_moveit_ur', 'cmake_prefix_path')
[50.121s] INFO:colcon.colcon_core.shell:Creating environment hook '/home/rahul/Mir_robot/install/hello_moveit_ur/share/hello_moveit_ur/hook/cmake_prefix_path.ps1'
[50.122s] INFO:colcon.colcon_core.shell:Creating environment descriptor '/home/rahul/Mir_robot/install/hello_moveit_ur/share/hello_moveit_ur/hook/cmake_prefix_path.dsv'
[50.123s] INFO:colcon.colcon_core.shell:Creating environment hook '/home/rahul/Mir_robot/install/hello_moveit_ur/share/hello_moveit_ur/hook/cmake_prefix_path.sh'
[50.124s] Level 1:colcon.colcon_core.environment:checking '/home/rahul/Mir_robot/install/hello_moveit_ur/lib'
[50.124s] Level 1:colcon.colcon_core.environment:checking '/home/rahul/Mir_robot/install/hello_moveit_ur/bin'
[50.124s] Level 1:colcon.colcon_core.environment:checking '/home/rahul/Mir_robot/install/hello_moveit_ur/lib/pkgconfig/hello_moveit_ur.pc'
[50.125s] Level 1:colcon.colcon_core.environment:checking '/home/rahul/Mir_robot/install/hello_moveit_ur/lib/python3.10/site-packages'
[50.126s] Level 1:colcon.colcon_core.environment:checking '/home/rahul/Mir_robot/install/hello_moveit_ur/bin'
[50.126s] INFO:colcon.colcon_core.shell:Creating package script '/home/rahul/Mir_robot/install/hello_moveit_ur/share/hello_moveit_ur/package.ps1'
[50.127s] INFO:colcon.colcon_core.shell:Creating package descriptor '/home/rahul/Mir_robot/install/hello_moveit_ur/share/hello_moveit_ur/package.dsv'
[50.128s] INFO:colcon.colcon_core.shell:Creating package script '/home/rahul/Mir_robot/install/hello_moveit_ur/share/hello_moveit_ur/package.sh'
[50.129s] INFO:colcon.colcon_core.shell:Creating package script '/home/rahul/Mir_robot/install/hello_moveit_ur/share/hello_moveit_ur/package.bash'
[50.130s] INFO:colcon.colcon_core.shell:Creating package script '/home/rahul/Mir_robot/install/hello_moveit_ur/share/hello_moveit_ur/package.zsh'
[50.130s] Level 1:colcon.colcon_core.environment:create_file_with_runtime_dependencies(/home/rahul/Mir_robot/install/hello_moveit_ur/share/colcon-core/packages/hello_moveit_ur)
[50.131s] Level 1:colcon.colcon_core.environment:create_environment_scripts_only(hello_moveit_ur)
[50.132s] Level 1:colcon.colcon_core.environment:checking '/home/rahul/Mir_robot/install/hello_moveit_ur' for CMake module files
[50.133s] Level 1:colcon.colcon_core.environment:checking '/home/rahul/Mir_robot/install/hello_moveit_ur' for CMake config files
[50.134s] Level 1:colcon.colcon_core.shell:create_environment_hook('hello_moveit_ur', 'cmake_prefix_path')
[50.134s] INFO:colcon.colcon_core.shell:Creating environment hook '/home/rahul/Mir_robot/install/hello_moveit_ur/share/hello_moveit_ur/hook/cmake_prefix_path.ps1'
[50.135s] INFO:colcon.colcon_core.shell:Creating environment descriptor '/home/rahul/Mir_robot/install/hello_moveit_ur/share/hello_moveit_ur/hook/cmake_prefix_path.dsv'
[50.136s] INFO:colcon.colcon_core.shell:Creating environment hook '/home/rahul/Mir_robot/install/hello_moveit_ur/share/hello_moveit_ur/hook/cmake_prefix_path.sh'
[50.137s] Level 1:colcon.colcon_core.environment:checking '/home/rahul/Mir_robot/install/hello_moveit_ur/lib'
[50.137s] Level 1:colcon.colcon_core.environment:checking '/home/rahul/Mir_robot/install/hello_moveit_ur/bin'
[50.137s] Level 1:colcon.colcon_core.environment:checking '/home/rahul/Mir_robot/install/hello_moveit_ur/lib/pkgconfig/hello_moveit_ur.pc'
[50.138s] Level 1:colcon.colcon_core.environment:checking '/home/rahul/Mir_robot/install/hello_moveit_ur/lib/python3.10/site-packages'
[50.139s] Level 1:colcon.colcon_core.environment:checking '/home/rahul/Mir_robot/install/hello_moveit_ur/bin'
[50.139s] INFO:colcon.colcon_core.shell:Creating package script '/home/rahul/Mir_robot/install/hello_moveit_ur/share/hello_moveit_ur/package.ps1'
[50.141s] INFO:colcon.colcon_core.shell:Creating package descriptor '/home/rahul/Mir_robot/install/hello_moveit_ur/share/hello_moveit_ur/package.dsv'
[50.142s] INFO:colcon.colcon_core.shell:Creating package script '/home/rahul/Mir_robot/install/hello_moveit_ur/share/hello_moveit_ur/package.sh'
[50.143s] INFO:colcon.colcon_core.shell:Creating package script '/home/rahul/Mir_robot/install/hello_moveit_ur/share/hello_moveit_ur/package.bash'
[50.144s] INFO:colcon.colcon_core.shell:Creating package script '/home/rahul/Mir_robot/install/hello_moveit_ur/share/hello_moveit_ur/package.zsh'
[50.145s] Level 1:colcon.colcon_core.environment:create_file_with_runtime_dependencies(/home/rahul/Mir_robot/install/hello_moveit_ur/share/colcon-core/packages/hello_moveit_ur)
[72.263s] DEBUG:colcon.colcon_core.event_handler.log_command:Invoked command in '/home/rahul/Mir_robot/build/ira_laser_tools' returned '0': CMAKE_PREFIX_PATH=/opt/ros/humble /usr/bin/cmake --build /home/rahul/Mir_robot/build/ira_laser_tools -- -j4 -l4
[72.267s] DEBUG:colcon.colcon_core.event_handler.log_command:Invoking command in '/home/rahul/Mir_robot/build/ira_laser_tools': CMAKE_PREFIX_PATH=/opt/ros/humble /usr/bin/cmake --install /home/rahul/Mir_robot/build/ira_laser_tools
[72.594s] Level 1:colcon.colcon_core.environment:create_environment_scripts_only(ira_laser_tools)
[72.594s] Level 1:colcon.colcon_core.environment:checking '/home/rahul/Mir_robot/install/ira_laser_tools' for CMake module files
[72.595s] DEBUG:colcon.colcon_core.event_handler.log_command:Invoked command in '/home/rahul/Mir_robot/build/ira_laser_tools' returned '0': CMAKE_PREFIX_PATH=/opt/ros/humble /usr/bin/cmake --install /home/rahul/Mir_robot/build/ira_laser_tools
[72.596s] Level 1:colcon.colcon_core.environment:checking '/home/rahul/Mir_robot/install/ira_laser_tools' for CMake config files
[72.596s] Level 1:colcon.colcon_core.shell:create_environment_hook('ira_laser_tools', 'cmake_prefix_path')
[72.596s] INFO:colcon.colcon_core.shell:Creating environment hook '/home/rahul/Mir_robot/install/ira_laser_tools/share/ira_laser_tools/hook/cmake_prefix_path.ps1'
[72.599s] INFO:colcon.colcon_core.shell:Creating environment descriptor '/home/rahul/Mir_robot/install/ira_laser_tools/share/ira_laser_tools/hook/cmake_prefix_path.dsv'
[72.602s] INFO:colcon.colcon_core.shell:Creating environment hook '/home/rahul/Mir_robot/install/ira_laser_tools/share/ira_laser_tools/hook/cmake_prefix_path.sh'
[72.603s] Level 1:colcon.colcon_core.environment:checking '/home/rahul/Mir_robot/install/ira_laser_tools/lib'
[72.603s] Level 1:colcon.colcon_core.environment:checking '/home/rahul/Mir_robot/install/ira_laser_tools/bin'
[72.603s] Level 1:colcon.colcon_core.environment:checking '/home/rahul/Mir_robot/install/ira_laser_tools/lib/pkgconfig/ira_laser_tools.pc'
[72.603s] Level 1:colcon.colcon_core.environment:checking '/home/rahul/Mir_robot/install/ira_laser_tools/lib/python3.10/site-packages'
[72.604s] Level 1:colcon.colcon_core.environment:checking '/home/rahul/Mir_robot/install/ira_laser_tools/bin'
[72.604s] INFO:colcon.colcon_core.shell:Creating package script '/home/rahul/Mir_robot/install/ira_laser_tools/share/ira_laser_tools/package.ps1'
[72.605s] INFO:colcon.colcon_core.shell:Creating package descriptor '/home/rahul/Mir_robot/install/ira_laser_tools/share/ira_laser_tools/package.dsv'
[72.606s] INFO:colcon.colcon_core.shell:Creating package script '/home/rahul/Mir_robot/install/ira_laser_tools/share/ira_laser_tools/package.sh'
[72.607s] INFO:colcon.colcon_core.shell:Creating package script '/home/rahul/Mir_robot/install/ira_laser_tools/share/ira_laser_tools/package.bash'
[72.609s] INFO:colcon.colcon_core.shell:Creating package script '/home/rahul/Mir_robot/install/ira_laser_tools/share/ira_laser_tools/package.zsh'
[72.611s] Level 1:colcon.colcon_core.environment:create_file_with_runtime_dependencies(/home/rahul/Mir_robot/install/ira_laser_tools/share/colcon-core/packages/ira_laser_tools)
[72.612s] Level 1:colcon.colcon_core.environment:create_environment_scripts_only(ira_laser_tools)
[72.613s] Level 1:colcon.colcon_core.environment:checking '/home/rahul/Mir_robot/install/ira_laser_tools' for CMake module files
[72.613s] Level 1:colcon.colcon_core.environment:checking '/home/rahul/Mir_robot/install/ira_laser_tools' for CMake config files
[72.614s] Level 1:colcon.colcon_core.shell:create_environment_hook('ira_laser_tools', 'cmake_prefix_path')
[72.614s] INFO:colcon.colcon_core.shell:Creating environment hook '/home/rahul/Mir_robot/install/ira_laser_tools/share/ira_laser_tools/hook/cmake_prefix_path.ps1'
[72.615s] INFO:colcon.colcon_core.shell:Creating environment descriptor '/home/rahul/Mir_robot/install/ira_laser_tools/share/ira_laser_tools/hook/cmake_prefix_path.dsv'
[72.616s] INFO:colcon.colcon_core.shell:Creating environment hook '/home/rahul/Mir_robot/install/ira_laser_tools/share/ira_laser_tools/hook/cmake_prefix_path.sh'
[72.617s] Level 1:colcon.colcon_core.environment:checking '/home/rahul/Mir_robot/install/ira_laser_tools/lib'
[72.617s] Level 1:colcon.colcon_core.environment:checking '/home/rahul/Mir_robot/install/ira_laser_tools/bin'
[72.617s] Level 1:colcon.colcon_core.environment:checking '/home/rahul/Mir_robot/install/ira_laser_tools/lib/pkgconfig/ira_laser_tools.pc'
[72.617s] Level 1:colcon.colcon_core.environment:checking '/home/rahul/Mir_robot/install/ira_laser_tools/lib/python3.10/site-packages'
[72.618s] Level 1:colcon.colcon_core.environment:checking '/home/rahul/Mir_robot/install/ira_laser_tools/bin'
[72.618s] INFO:colcon.colcon_core.shell:Creating package script '/home/rahul/Mir_robot/install/ira_laser_tools/share/ira_laser_tools/package.ps1'
[72.619s] INFO:colcon.colcon_core.shell:Creating package descriptor '/home/rahul/Mir_robot/install/ira_laser_tools/share/ira_laser_tools/package.dsv'
[72.620s] INFO:colcon.colcon_core.shell:Creating package script '/home/rahul/Mir_robot/install/ira_laser_tools/share/ira_laser_tools/package.sh'
[72.621s] INFO:colcon.colcon_core.shell:Creating package script '/home/rahul/Mir_robot/install/ira_laser_tools/share/ira_laser_tools/package.bash'
[72.622s] INFO:colcon.colcon_core.shell:Creating package script '/home/rahul/Mir_robot/install/ira_laser_tools/share/ira_laser_tools/package.zsh'
[72.622s] Level 1:colcon.colcon_core.environment:create_file_with_runtime_dependencies(/home/rahul/Mir_robot/install/ira_laser_tools/share/colcon-core/packages/ira_laser_tools)
[72.623s] INFO:colcon.colcon_ros.task.ament_python.build:Building ROS package in '/home/rahul/Mir_robot/src/mir_robot/mir_robot/mir_driver' with build type 'ament_python'
[72.623s] Level 1:colcon.colcon_core.shell:create_environment_hook('mir_driver', 'ament_prefix_path')
[72.623s] INFO:colcon.colcon_core.shell:Creating environment hook '/home/rahul/Mir_robot/install/mir_driver/share/mir_driver/hook/ament_prefix_path.ps1'
[72.625s] INFO:colcon.colcon_core.shell:Creating environment descriptor '/home/rahul/Mir_robot/install/mir_driver/share/mir_driver/hook/ament_prefix_path.dsv'
[72.625s] INFO:colcon.colcon_core.shell:Creating environment hook '/home/rahul/Mir_robot/install/mir_driver/share/mir_driver/hook/ament_prefix_path.sh'
[72.626s] INFO:colcon.colcon_core.shell:Skip shell extension 'powershell' for command environment: Not usable outside of PowerShell
[72.626s] DEBUG:colcon.colcon_core.shell:Skip shell extension 'dsv' for command environment
[72.636s] INFO:colcon.colcon_ros.task.ament_cmake.build:Building ROS package in '/home/rahul/Mir_robot/src/mir_robot/mir_robot/mir_gazebo' with build type 'ament_cmake'
[72.636s] INFO:colcon.colcon_cmake.task.cmake.build:Building CMake package in '/home/rahul/Mir_robot/src/mir_robot/mir_robot/mir_gazebo'
[72.637s] INFO:colcon.colcon_core.shell:Skip shell extension 'powershell' for command environment: Not usable outside of PowerShell
[72.637s] DEBUG:colcon.colcon_core.shell:Skip shell extension 'dsv' for command environment
[72.652s] DEBUG:colcon.colcon_core.event_handler.log_command:Invoking command in '/home/rahul/Mir_robot/build/mir_gazebo': AMENT_PREFIX_PATH=/home/rahul/Mir_robot/install/mir_description:/home/rahul/Mir_robot/install/ira_laser_tools:${AMENT_PREFIX_PATH} CMAKE_PREFIX_PATH=/home/rahul/Mir_robot/install/mir_description:/home/rahul/Mir_robot/install/ira_laser_tools:/opt/ros/humble /usr/bin/cmake /home/rahul/Mir_robot/src/mir_robot/mir_robot/mir_gazebo -DAMENT_CMAKE_SYMLINK_INSTALL=1 -DCMAKE_INSTALL_PREFIX=/home/rahul/Mir_robot/install/mir_gazebo
[73.533s] INFO:colcon.colcon_core.task.python.build:Building Python package in '/home/rahul/Mir_robot/src/mir_robot/mir_robot/mir_driver'
[73.533s] INFO:colcon.colcon_core.shell:Skip shell extension 'powershell' for command environment: Not usable outside of PowerShell
[73.533s] DEBUG:colcon.colcon_core.shell:Skip shell extension 'dsv' for command environment
[74.252s] DEBUG:colcon.colcon_core.task.python.build:Available setuptools commands: bdist, build_clib, bdist_wheel, test, update_catalog, symlink_data, saveopts, upload_docs, build_scripts, build_py, alias, clean, dist_info, install_headers, egg_info, upload, bdist_rpm, check, extract_messages, register, build_ext, easy_install, develop, compile_catalog, install_egg_info, init_catalog, bdist_dumb, install, install_data, bdist_egg, rotate, install_scripts, sdist, setopt, build, install_lib
[74.712s] DEBUG:colcon.colcon_core.task.python.build:Available setuptools 'develop' options: --help, --install-dir, --dry-run, --uninstall, --upgrade, --no-deps, --multi-version, --always-copy, --local-snapshots-ok, --optimize, --prefix, --version, --exclude-scripts, --no-user-cfg, --verbose, --no-find-links, --egg-path, --quiet, --build-directory, --always-unzip, --force-installation-into-system-dir, --script-dir, --site-dirs, --user, --allow-hosts, --install-layout, --index-url, --find-links, --record, --zip-ok, --editable
[74.715s] DEBUG:colcon.colcon_core.event_handler.log_command:Invoking command in '/home/rahul/Mir_robot/build/mir_driver': AMENT_PREFIX_PATH=/home/rahul/Mir_robot/install/twist_stamper:/home/rahul/Mir_robot/install/mir_msgs:/home/rahul/Mir_robot/install/mir_description:/home/rahul/Mir_robot/install/ira_laser_tools:${AMENT_PREFIX_PATH} CMAKE_PREFIX_PATH=/home/rahul/Mir_robot/install/mir_msgs:/home/rahul/Mir_robot/install/mir_description:/home/rahul/Mir_robot/install/ira_laser_tools LD_LIBRARY_PATH=/home/rahul/Mir_robot/install/mir_msgs/lib:${LD_LIBRARY_PATH} PYTHONPATH=/home/rahul/Mir_robot/build/mir_driver/prefix_override:/usr/lib/python3/dist-packages/colcon_core/task/python/colcon_distutils_commands:/home/rahul/Mir_robot/install/mir_driver/lib/python3.10/site-packages:/home/rahul/Mir_robot/build/twist_stamper:/home/rahul/Mir_robot/install/twist_stamper/lib/python3.10/site-packages:/home/rahul/Mir_robot/install/mir_msgs/local/lib/python3.10/dist-packages:${PYTHONPATH} /usr/bin/python3 -W ignore:setup.py install is deprecated -W ignore:easy_install command is deprecated setup.py develop --editable --build-directory /home/rahul/Mir_robot/build/mir_driver/build --no-deps symlink_data
[75.745s] Level 1:colcon.colcon_core.shell:create_environment_hook('mir_driver', 'pythonpath_develop')
[75.746s] INFO:colcon.colcon_core.shell:Creating environment hook '/home/rahul/Mir_robot/build/mir_driver/share/mir_driver/hook/pythonpath_develop.ps1'
[75.747s] INFO:colcon.colcon_core.shell:Creating environment descriptor '/home/rahul/Mir_robot/build/mir_driver/share/mir_driver/hook/pythonpath_develop.dsv'
[75.745s] DEBUG:colcon.colcon_core.event_handler.log_command:Invoked command in '/home/rahul/Mir_robot/build/mir_driver' returned '0': AMENT_PREFIX_PATH=/home/rahul/Mir_robot/install/twist_stamper:/home/rahul/Mir_robot/install/mir_msgs:/home/rahul/Mir_robot/install/mir_description:/home/rahul/Mir_robot/install/ira_laser_tools:${AMENT_PREFIX_PATH} CMAKE_PREFIX_PATH=/home/rahul/Mir_robot/install/mir_msgs:/home/rahul/Mir_robot/install/mir_description:/home/rahul/Mir_robot/install/ira_laser_tools LD_LIBRARY_PATH=/home/rahul/Mir_robot/install/mir_msgs/lib:${LD_LIBRARY_PATH} PYTHONPATH=/home/rahul/Mir_robot/build/mir_driver/prefix_override:/usr/lib/python3/dist-packages/colcon_core/task/python/colcon_distutils_commands:/home/rahul/Mir_robot/install/mir_driver/lib/python3.10/site-packages:/home/rahul/Mir_robot/build/twist_stamper:/home/rahul/Mir_robot/install/twist_stamper/lib/python3.10/site-packages:/home/rahul/Mir_robot/install/mir_msgs/local/lib/python3.10/dist-packages:${PYTHONPATH} /usr/bin/python3 -W ignore:setup.py install is deprecated -W ignore:easy_install command is deprecated setup.py develop --editable --build-directory /home/rahul/Mir_robot/build/mir_driver/build --no-deps symlink_data
[75.748s] INFO:colcon.colcon_core.shell:Creating environment hook '/home/rahul/Mir_robot/build/mir_driver/share/mir_driver/hook/pythonpath_develop.sh'
[75.749s] Level 1:colcon.colcon_core.environment:checking '/home/rahul/Mir_robot/install/mir_driver' for CMake module files
[75.750s] Level 1:colcon.colcon_core.environment:checking '/home/rahul/Mir_robot/install/mir_driver' for CMake config files
[75.751s] Level 1:colcon.colcon_core.environment:checking '/home/rahul/Mir_robot/install/mir_driver/lib'
[75.751s] Level 1:colcon.colcon_core.environment:checking '/home/rahul/Mir_robot/install/mir_driver/bin'
[75.751s] Level 1:colcon.colcon_core.environment:checking '/home/rahul/Mir_robot/install/mir_driver/lib/pkgconfig/mir_driver.pc'
[75.752s] Level 1:colcon.colcon_core.environment:checking '/home/rahul/Mir_robot/install/mir_driver/lib/python3.10/site-packages'
[75.752s] Level 1:colcon.colcon_core.shell:create_environment_hook('mir_driver', 'pythonpath')
[75.752s] INFO:colcon.colcon_core.shell:Creating environment hook '/home/rahul/Mir_robot/install/mir_driver/share/mir_driver/hook/pythonpath.ps1'
[75.755s] INFO:colcon.colcon_core.shell:Creating environment descriptor '/home/rahul/Mir_robot/install/mir_driver/share/mir_driver/hook/pythonpath.dsv'
[75.755s] INFO:colcon.colcon_core.shell:Creating environment hook '/home/rahul/Mir_robot/install/mir_driver/share/mir_driver/hook/pythonpath.sh'
[75.757s] Level 1:colcon.colcon_core.environment:checking '/home/rahul/Mir_robot/install/mir_driver/bin'
[75.757s] Level 1:colcon.colcon_core.environment:create_environment_scripts_only(mir_driver)
[75.758s] INFO:colcon.colcon_core.shell:Creating package script '/home/rahul/Mir_robot/install/mir_driver/share/mir_driver/package.ps1'
[75.760s] INFO:colcon.colcon_core.shell:Creating package descriptor '/home/rahul/Mir_robot/install/mir_driver/share/mir_driver/package.dsv'
[75.761s] INFO:colcon.colcon_core.shell:Creating package script '/home/rahul/Mir_robot/install/mir_driver/share/mir_driver/package.sh'
[75.762s] INFO:colcon.colcon_core.shell:Creating package script '/home/rahul/Mir_robot/install/mir_driver/share/mir_driver/package.bash'
[75.762s] INFO:colcon.colcon_core.shell:Creating package script '/home/rahul/Mir_robot/install/mir_driver/share/mir_driver/package.zsh'
[75.763s] Level 1:colcon.colcon_core.environment:create_file_with_runtime_dependencies(/home/rahul/Mir_robot/install/mir_driver/share/colcon-core/packages/mir_driver)
[75.764s] INFO:colcon.colcon_ros.task.ament_cmake.build:Building ROS package in '/home/rahul/Mir_robot/src/mir_robot/mir_robot/mir_navigation' with build type 'ament_cmake'
[75.764s] INFO:colcon.colcon_cmake.task.cmake.build:Building CMake package in '/home/rahul/Mir_robot/src/mir_robot/mir_robot/mir_navigation'
[75.765s] INFO:colcon.colcon_core.shell:Skip shell extension 'powershell' for command environment: Not usable outside of PowerShell
[75.765s] DEBUG:colcon.colcon_core.shell:Skip shell extension 'dsv' for command environment
[75.792s] DEBUG:colcon.colcon_core.event_handler.log_command:Invoking command in '/home/rahul/Mir_robot/build/mir_navigation': AMENT_PREFIX_PATH=/home/rahul/Mir_robot/install/mir_driver:/home/rahul/Mir_robot/install/twist_stamper:/home/rahul/Mir_robot/install/mir_msgs:/home/rahul/Mir_robot/install/mir_description:/home/rahul/Mir_robot/install/ira_laser_tools:${AMENT_PREFIX_PATH} CMAKE_PREFIX_PATH=/home/rahul/Mir_robot/install/mir_msgs:/home/rahul/Mir_robot/install/mir_description:/home/rahul/Mir_robot/install/ira_laser_tools:/opt/ros/humble LD_LIBRARY_PATH=/home/rahul/Mir_robot/install/mir_msgs/lib:${LD_LIBRARY_PATH} PYTHONPATH=/home/rahul/Mir_robot/build/mir_driver:/home/rahul/Mir_robot/install/mir_driver/lib/python3.10/site-packages:/home/rahul/Mir_robot/build/twist_stamper:/home/rahul/Mir_robot/install/twist_stamper/lib/python3.10/site-packages:/home/rahul/Mir_robot/install/mir_msgs/local/lib/python3.10/dist-packages:${PYTHONPATH} /usr/bin/cmake /home/rahul/Mir_robot/src/mir_robot/mir_robot/mir_navigation -DAMENT_CMAKE_SYMLINK_INSTALL=1 -DCMAKE_INSTALL_PREFIX=/home/rahul/Mir_robot/install/mir_navigation
[78.464s] DEBUG:colcon.colcon_core.event_handler.log_command:Invoked command in '/home/rahul/Mir_robot/build/realsense_gazebo_plugin' returned '0': CMAKE_PREFIX_PATH=/opt/ros/humble /usr/bin/cmake --build /home/rahul/Mir_robot/build/realsense_gazebo_plugin -- -j4 -l4
[78.468s] DEBUG:colcon.colcon_core.event_handler.log_command:Invoking command in '/home/rahul/Mir_robot/build/realsense_gazebo_plugin': CMAKE_PREFIX_PATH=/opt/ros/humble /usr/bin/cmake --install /home/rahul/Mir_robot/build/realsense_gazebo_plugin
[78.799s] Level 1:colcon.colcon_core.environment:create_environment_scripts_only(realsense_gazebo_plugin)
[78.800s] Level 1:colcon.colcon_core.environment:checking '/home/rahul/Mir_robot/install/realsense_gazebo_plugin' for CMake module files
[78.801s] DEBUG:colcon.colcon_core.event_handler.log_command:Invoked command in '/home/rahul/Mir_robot/build/realsense_gazebo_plugin' returned '0': CMAKE_PREFIX_PATH=/opt/ros/humble /usr/bin/cmake --install /home/rahul/Mir_robot/build/realsense_gazebo_plugin
[78.801s] Level 1:colcon.colcon_core.environment:checking '/home/rahul/Mir_robot/install/realsense_gazebo_plugin' for CMake config files
[78.802s] Level 1:colcon.colcon_core.shell:create_environment_hook('realsense_gazebo_plugin', 'cmake_prefix_path')
[78.802s] INFO:colcon.colcon_core.shell:Creating environment hook '/home/rahul/Mir_robot/install/realsense_gazebo_plugin/share/realsense_gazebo_plugin/hook/cmake_prefix_path.ps1'
[78.803s] INFO:colcon.colcon_core.shell:Creating environment descriptor '/home/rahul/Mir_robot/install/realsense_gazebo_plugin/share/realsense_gazebo_plugin/hook/cmake_prefix_path.dsv'
[78.803s] INFO:colcon.colcon_core.shell:Creating environment hook '/home/rahul/Mir_robot/install/realsense_gazebo_plugin/share/realsense_gazebo_plugin/hook/cmake_prefix_path.sh'
[78.804s] Level 1:colcon.colcon_core.environment:checking '/home/rahul/Mir_robot/install/realsense_gazebo_plugin/lib'
[78.804s] Level 1:colcon.colcon_core.shell:create_environment_hook('realsense_gazebo_plugin', 'ld_library_path_lib')
[78.804s] INFO:colcon.colcon_core.shell:Creating environment hook '/home/rahul/Mir_robot/install/realsense_gazebo_plugin/share/realsense_gazebo_plugin/hook/ld_library_path_lib.ps1'
[78.805s] INFO:colcon.colcon_core.shell:Creating environment descriptor '/home/rahul/Mir_robot/install/realsense_gazebo_plugin/share/realsense_gazebo_plugin/hook/ld_library_path_lib.dsv'
[78.805s] INFO:colcon.colcon_core.shell:Creating environment hook '/home/rahul/Mir_robot/install/realsense_gazebo_plugin/share/realsense_gazebo_plugin/hook/ld_library_path_lib.sh'
[78.806s] Level 1:colcon.colcon_core.environment:checking '/home/rahul/Mir_robot/install/realsense_gazebo_plugin/bin'
[78.806s] Level 1:colcon.colcon_core.environment:checking '/home/rahul/Mir_robot/install/realsense_gazebo_plugin/lib/pkgconfig/realsense_gazebo_plugin.pc'
[78.806s] Level 1:colcon.colcon_core.environment:checking '/home/rahul/Mir_robot/install/realsense_gazebo_plugin/lib/python3.10/site-packages'
[78.807s] Level 1:colcon.colcon_core.environment:checking '/home/rahul/Mir_robot/install/realsense_gazebo_plugin/bin'
[78.808s] INFO:colcon.colcon_core.shell:Creating package script '/home/rahul/Mir_robot/install/realsense_gazebo_plugin/share/realsense_gazebo_plugin/package.ps1'
[78.809s] INFO:colcon.colcon_core.shell:Creating package descriptor '/home/rahul/Mir_robot/install/realsense_gazebo_plugin/share/realsense_gazebo_plugin/package.dsv'
[78.809s] INFO:colcon.colcon_core.shell:Creating package script '/home/rahul/Mir_robot/install/realsense_gazebo_plugin/share/realsense_gazebo_plugin/package.sh'
[78.810s] INFO:colcon.colcon_core.shell:Creating package script '/home/rahul/Mir_robot/install/realsense_gazebo_plugin/share/realsense_gazebo_plugin/package.bash'
[78.810s] INFO:colcon.colcon_core.shell:Creating package script '/home/rahul/Mir_robot/install/realsense_gazebo_plugin/share/realsense_gazebo_plugin/package.zsh'
[78.811s] Level 1:colcon.colcon_core.environment:create_file_with_runtime_dependencies(/home/rahul/Mir_robot/install/realsense_gazebo_plugin/share/colcon-core/packages/realsense_gazebo_plugin)
[78.811s] Level 1:colcon.colcon_core.environment:create_environment_scripts_only(realsense_gazebo_plugin)
[78.812s] Level 1:colcon.colcon_core.environment:checking '/home/rahul/Mir_robot/install/realsense_gazebo_plugin' for CMake module files
[78.812s] Level 1:colcon.colcon_core.environment:checking '/home/rahul/Mir_robot/install/realsense_gazebo_plugin' for CMake config files
[78.813s] Level 1:colcon.colcon_core.shell:create_environment_hook('realsense_gazebo_plugin', 'cmake_prefix_path')
[78.813s] INFO:colcon.colcon_core.shell:Creating environment hook '/home/rahul/Mir_robot/install/realsense_gazebo_plugin/share/realsense_gazebo_plugin/hook/cmake_prefix_path.ps1'
[78.814s] INFO:colcon.colcon_core.shell:Creating environment descriptor '/home/rahul/Mir_robot/install/realsense_gazebo_plugin/share/realsense_gazebo_plugin/hook/cmake_prefix_path.dsv'
[78.814s] INFO:colcon.colcon_core.shell:Creating environment hook '/home/rahul/Mir_robot/install/realsense_gazebo_plugin/share/realsense_gazebo_plugin/hook/cmake_prefix_path.sh'
[78.815s] Level 1:colcon.colcon_core.environment:checking '/home/rahul/Mir_robot/install/realsense_gazebo_plugin/lib'
[78.815s] Level 1:colcon.colcon_core.shell:create_environment_hook('realsense_gazebo_plugin', 'ld_library_path_lib')
[78.815s] INFO:colcon.colcon_core.shell:Creating environment hook '/home/rahul/Mir_robot/install/realsense_gazebo_plugin/share/realsense_gazebo_plugin/hook/ld_library_path_lib.ps1'
[78.816s] INFO:colcon.colcon_core.shell:Creating environment descriptor '/home/rahul/Mir_robot/install/realsense_gazebo_plugin/share/realsense_gazebo_plugin/hook/ld_library_path_lib.dsv'
[78.816s] INFO:colcon.colcon_core.shell:Creating environment hook '/home/rahul/Mir_robot/install/realsense_gazebo_plugin/share/realsense_gazebo_plugin/hook/ld_library_path_lib.sh'
[78.817s] Level 1:colcon.colcon_core.environment:checking '/home/rahul/Mir_robot/install/realsense_gazebo_plugin/bin'
[78.817s] Level 1:colcon.colcon_core.environment:checking '/home/rahul/Mir_robot/install/realsense_gazebo_plugin/lib/pkgconfig/realsense_gazebo_plugin.pc'
[78.817s] Level 1:colcon.colcon_core.environment:checking '/home/rahul/Mir_robot/install/realsense_gazebo_plugin/lib/python3.10/site-packages'
[78.817s] Level 1:colcon.colcon_core.environment:checking '/home/rahul/Mir_robot/install/realsense_gazebo_plugin/bin'
[78.818s] INFO:colcon.colcon_core.shell:Creating package script '/home/rahul/Mir_robot/install/realsense_gazebo_plugin/share/realsense_gazebo_plugin/package.ps1'
[78.819s] INFO:colcon.colcon_core.shell:Creating package descriptor '/home/rahul/Mir_robot/install/realsense_gazebo_plugin/share/realsense_gazebo_plugin/package.dsv'
[78.820s] INFO:colcon.colcon_core.shell:Creating package script '/home/rahul/Mir_robot/install/realsense_gazebo_plugin/share/realsense_gazebo_plugin/package.sh'
[78.821s] INFO:colcon.colcon_core.shell:Creating package script '/home/rahul/Mir_robot/install/realsense_gazebo_plugin/share/realsense_gazebo_plugin/package.bash'
[78.822s] INFO:colcon.colcon_core.shell:Creating package script '/home/rahul/Mir_robot/install/realsense_gazebo_plugin/share/realsense_gazebo_plugin/package.zsh'
[78.822s] Level 1:colcon.colcon_core.environment:create_file_with_runtime_dependencies(/home/rahul/Mir_robot/install/realsense_gazebo_plugin/share/colcon-core/packages/realsense_gazebo_plugin)
[79.779s] DEBUG:colcon.colcon_core.event_handler.log_command:Invoked command in '/home/rahul/Mir_robot/build/mir_navigation' returned '0': AMENT_PREFIX_PATH=/home/rahul/Mir_robot/install/mir_driver:/home/rahul/Mir_robot/install/twist_stamper:/home/rahul/Mir_robot/install/mir_msgs:/home/rahul/Mir_robot/install/mir_description:/home/rahul/Mir_robot/install/ira_laser_tools:${AMENT_PREFIX_PATH} CMAKE_PREFIX_PATH=/home/rahul/Mir_robot/install/mir_msgs:/home/rahul/Mir_robot/install/mir_description:/home/rahul/Mir_robot/install/ira_laser_tools:/opt/ros/humble LD_LIBRARY_PATH=/home/rahul/Mir_robot/install/mir_msgs/lib:${LD_LIBRARY_PATH} PYTHONPATH=/home/rahul/Mir_robot/build/mir_driver:/home/rahul/Mir_robot/install/mir_driver/lib/python3.10/site-packages:/home/rahul/Mir_robot/build/twist_stamper:/home/rahul/Mir_robot/install/twist_stamper/lib/python3.10/site-packages:/home/rahul/Mir_robot/install/mir_msgs/local/lib/python3.10/dist-packages:${PYTHONPATH} /usr/bin/cmake /home/rahul/Mir_robot/src/mir_robot/mir_robot/mir_navigation -DAMENT_CMAKE_SYMLINK_INSTALL=1 -DCMAKE_INSTALL_PREFIX=/home/rahul/Mir_robot/install/mir_navigation
[79.781s] DEBUG:colcon.colcon_core.event_handler.log_command:Invoking command in '/home/rahul/Mir_robot/build/mir_navigation': AMENT_PREFIX_PATH=/home/rahul/Mir_robot/install/mir_driver:/home/rahul/Mir_robot/install/twist_stamper:/home/rahul/Mir_robot/install/mir_msgs:/home/rahul/Mir_robot/install/mir_description:/home/rahul/Mir_robot/install/ira_laser_tools:${AMENT_PREFIX_PATH} CMAKE_PREFIX_PATH=/home/rahul/Mir_robot/install/mir_msgs:/home/rahul/Mir_robot/install/mir_description:/home/rahul/Mir_robot/install/ira_laser_tools:/opt/ros/humble LD_LIBRARY_PATH=/home/rahul/Mir_robot/install/mir_msgs/lib:${LD_LIBRARY_PATH} PYTHONPATH=/home/rahul/Mir_robot/build/mir_driver:/home/rahul/Mir_robot/install/mir_driver/lib/python3.10/site-packages:/home/rahul/Mir_robot/build/twist_stamper:/home/rahul/Mir_robot/install/twist_stamper/lib/python3.10/site-packages:/home/rahul/Mir_robot/install/mir_msgs/local/lib/python3.10/dist-packages:${PYTHONPATH} /usr/bin/cmake --build /home/rahul/Mir_robot/build/mir_navigation -- -j4 -l4
[79.837s] DEBUG:colcon.colcon_core.event_handler.log_command:Invoked command in '/home/rahul/Mir_robot/build/mir_navigation' returned '0': AMENT_PREFIX_PATH=/home/rahul/Mir_robot/install/mir_driver:/home/rahul/Mir_robot/install/twist_stamper:/home/rahul/Mir_robot/install/mir_msgs:/home/rahul/Mir_robot/install/mir_description:/home/rahul/Mir_robot/install/ira_laser_tools:${AMENT_PREFIX_PATH} CMAKE_PREFIX_PATH=/home/rahul/Mir_robot/install/mir_msgs:/home/rahul/Mir_robot/install/mir_description:/home/rahul/Mir_robot/install/ira_laser_tools:/opt/ros/humble LD_LIBRARY_PATH=/home/rahul/Mir_robot/install/mir_msgs/lib:${LD_LIBRARY_PATH} PYTHONPATH=/home/rahul/Mir_robot/build/mir_driver:/home/rahul/Mir_robot/install/mir_driver/lib/python3.10/site-packages:/home/rahul/Mir_robot/build/twist_stamper:/home/rahul/Mir_robot/install/twist_stamper/lib/python3.10/site-packages:/home/rahul/Mir_robot/install/mir_msgs/local/lib/python3.10/dist-packages:${PYTHONPATH} /usr/bin/cmake --build /home/rahul/Mir_robot/build/mir_navigation -- -j4 -l4
[79.839s] DEBUG:colcon.colcon_core.event_handler.log_command:Invoking command in '/home/rahul/Mir_robot/build/mir_navigation': AMENT_PREFIX_PATH=/home/rahul/Mir_robot/install/mir_driver:/home/rahul/Mir_robot/install/twist_stamper:/home/rahul/Mir_robot/install/mir_msgs:/home/rahul/Mir_robot/install/mir_description:/home/rahul/Mir_robot/install/ira_laser_tools:${AMENT_PREFIX_PATH} CMAKE_PREFIX_PATH=/home/rahul/Mir_robot/install/mir_msgs:/home/rahul/Mir_robot/install/mir_description:/home/rahul/Mir_robot/install/ira_laser_tools:/opt/ros/humble LD_LIBRARY_PATH=/home/rahul/Mir_robot/install/mir_msgs/lib:${LD_LIBRARY_PATH} PYTHONPATH=/home/rahul/Mir_robot/build/mir_driver:/home/rahul/Mir_robot/install/mir_driver/lib/python3.10/site-packages:/home/rahul/Mir_robot/build/twist_stamper:/home/rahul/Mir_robot/install/twist_stamper/lib/python3.10/site-packages:/home/rahul/Mir_robot/install/mir_msgs/local/lib/python3.10/dist-packages:${PYTHONPATH} /usr/bin/cmake --install /home/rahul/Mir_robot/build/mir_navigation
[80.267s] Level 1:colcon.colcon_core.environment:create_environment_scripts_only(mir_navigation)
[80.268s] Level 1:colcon.colcon_core.environment:checking '/home/rahul/Mir_robot/install/mir_navigation' for CMake module files
[80.269s] DEBUG:colcon.colcon_core.event_handler.log_command:Invoked command in '/home/rahul/Mir_robot/build/mir_navigation' returned '0': AMENT_PREFIX_PATH=/home/rahul/Mir_robot/install/mir_driver:/home/rahul/Mir_robot/install/twist_stamper:/home/rahul/Mir_robot/install/mir_msgs:/home/rahul/Mir_robot/install/mir_description:/home/rahul/Mir_robot/install/ira_laser_tools:${AMENT_PREFIX_PATH} CMAKE_PREFIX_PATH=/home/rahul/Mir_robot/install/mir_msgs:/home/rahul/Mir_robot/install/mir_description:/home/rahul/Mir_robot/install/ira_laser_tools:/opt/ros/humble LD_LIBRARY_PATH=/home/rahul/Mir_robot/install/mir_msgs/lib:${LD_LIBRARY_PATH} PYTHONPATH=/home/rahul/Mir_robot/build/mir_driver:/home/rahul/Mir_robot/install/mir_driver/lib/python3.10/site-packages:/home/rahul/Mir_robot/build/twist_stamper:/home/rahul/Mir_robot/install/twist_stamper/lib/python3.10/site-packages:/home/rahul/Mir_robot/install/mir_msgs/local/lib/python3.10/dist-packages:${PYTHONPATH} /usr/bin/cmake --install /home/rahul/Mir_robot/build/mir_navigation
[80.270s] Level 1:colcon.colcon_core.environment:checking '/home/rahul/Mir_robot/install/mir_navigation' for CMake config files
[80.271s] Level 1:colcon.colcon_core.shell:create_environment_hook('mir_navigation', 'cmake_prefix_path')
[80.271s] INFO:colcon.colcon_core.shell:Creating environment hook '/home/rahul/Mir_robot/install/mir_navigation/share/mir_navigation/hook/cmake_prefix_path.ps1'
[80.272s] INFO:colcon.colcon_core.shell:Creating environment descriptor '/home/rahul/Mir_robot/install/mir_navigation/share/mir_navigation/hook/cmake_prefix_path.dsv'
[80.272s] INFO:colcon.colcon_core.shell:Creating environment hook '/home/rahul/Mir_robot/install/mir_navigation/share/mir_navigation/hook/cmake_prefix_path.sh'
[80.273s] Level 1:colcon.colcon_core.environment:checking '/home/rahul/Mir_robot/install/mir_navigation/bin'
[80.273s] Level 1:colcon.colcon_core.environment:checking '/home/rahul/Mir_robot/install/mir_navigation/lib/pkgconfig/mir_navigation.pc'
[80.274s] Level 1:colcon.colcon_core.environment:checking '/home/rahul/Mir_robot/install/mir_navigation/lib/python3.10/site-packages'
[80.275s] Level 1:colcon.colcon_core.environment:checking '/home/rahul/Mir_robot/install/mir_navigation/bin'
[80.275s] INFO:colcon.colcon_core.shell:Creating package script '/home/rahul/Mir_robot/install/mir_navigation/share/mir_navigation/package.ps1'
[80.277s] INFO:colcon.colcon_core.shell:Creating package descriptor '/home/rahul/Mir_robot/install/mir_navigation/share/mir_navigation/package.dsv'
[80.277s] INFO:colcon.colcon_core.shell:Creating package script '/home/rahul/Mir_robot/install/mir_navigation/share/mir_navigation/package.sh'
[80.278s] INFO:colcon.colcon_core.shell:Creating package script '/home/rahul/Mir_robot/install/mir_navigation/share/mir_navigation/package.bash'
[80.278s] INFO:colcon.colcon_core.shell:Creating package script '/home/rahul/Mir_robot/install/mir_navigation/share/mir_navigation/package.zsh'
[80.279s] Level 1:colcon.colcon_core.environment:create_file_with_runtime_dependencies(/home/rahul/Mir_robot/install/mir_navigation/share/colcon-core/packages/mir_navigation)
[80.280s] Level 1:colcon.colcon_core.environment:create_environment_scripts_only(mir_navigation)
[80.280s] Level 1:colcon.colcon_core.environment:checking '/home/rahul/Mir_robot/install/mir_navigation' for CMake module files
[80.281s] Level 1:colcon.colcon_core.environment:checking '/home/rahul/Mir_robot/install/mir_navigation' for CMake config files
[80.282s] Level 1:colcon.colcon_core.shell:create_environment_hook('mir_navigation', 'cmake_prefix_path')
[80.282s] INFO:colcon.colcon_core.shell:Creating environment hook '/home/rahul/Mir_robot/install/mir_navigation/share/mir_navigation/hook/cmake_prefix_path.ps1'
[80.283s] INFO:colcon.colcon_core.shell:Creating environment descriptor '/home/rahul/Mir_robot/install/mir_navigation/share/mir_navigation/hook/cmake_prefix_path.dsv'
[80.284s] INFO:colcon.colcon_core.shell:Creating environment hook '/home/rahul/Mir_robot/install/mir_navigation/share/mir_navigation/hook/cmake_prefix_path.sh'
[80.285s] Level 1:colcon.colcon_core.environment:checking '/home/rahul/Mir_robot/install/mir_navigation/bin'
[80.285s] Level 1:colcon.colcon_core.environment:checking '/home/rahul/Mir_robot/install/mir_navigation/lib/pkgconfig/mir_navigation.pc'
[80.285s] Level 1:colcon.colcon_core.environment:checking '/home/rahul/Mir_robot/install/mir_navigation/lib/python3.10/site-packages'
[80.286s] Level 1:colcon.colcon_core.environment:checking '/home/rahul/Mir_robot/install/mir_navigation/bin'
[80.286s] INFO:colcon.colcon_core.shell:Creating package script '/home/rahul/Mir_robot/install/mir_navigation/share/mir_navigation/package.ps1'
[80.287s] INFO:colcon.colcon_core.shell:Creating package descriptor '/home/rahul/Mir_robot/install/mir_navigation/share/mir_navigation/package.dsv'
[80.288s] INFO:colcon.colcon_core.shell:Creating package script '/home/rahul/Mir_robot/install/mir_navigation/share/mir_navigation/package.sh'
[80.288s] INFO:colcon.colcon_core.shell:Creating package script '/home/rahul/Mir_robot/install/mir_navigation/share/mir_navigation/package.bash'
[80.289s] INFO:colcon.colcon_core.shell:Creating package script '/home/rahul/Mir_robot/install/mir_navigation/share/mir_navigation/package.zsh'
[80.289s] Level 1:colcon.colcon_core.environment:create_file_with_runtime_dependencies(/home/rahul/Mir_robot/install/mir_navigation/share/colcon-core/packages/mir_navigation)
[80.313s] DEBUG:colcon.colcon_core.event_handler.log_command:Invoked command in '/home/rahul/Mir_robot/build/mir_gazebo' returned '0': AMENT_PREFIX_PATH=/home/rahul/Mir_robot/install/mir_description:/home/rahul/Mir_robot/install/ira_laser_tools:${AMENT_PREFIX_PATH} CMAKE_PREFIX_PATH=/home/rahul/Mir_robot/install/mir_description:/home/rahul/Mir_robot/install/ira_laser_tools:/opt/ros/humble /usr/bin/cmake /home/rahul/Mir_robot/src/mir_robot/mir_robot/mir_gazebo -DAMENT_CMAKE_SYMLINK_INSTALL=1 -DCMAKE_INSTALL_PREFIX=/home/rahul/Mir_robot/install/mir_gazebo
[80.315s] DEBUG:colcon.colcon_core.event_handler.log_command:Invoking command in '/home/rahul/Mir_robot/build/mir_gazebo': AMENT_PREFIX_PATH=/home/rahul/Mir_robot/install/mir_description:/home/rahul/Mir_robot/install/ira_laser_tools:${AMENT_PREFIX_PATH} CMAKE_PREFIX_PATH=/home/rahul/Mir_robot/install/mir_description:/home/rahul/Mir_robot/install/ira_laser_tools:/opt/ros/humble /usr/bin/cmake --build /home/rahul/Mir_robot/build/mir_gazebo -- -j4 -l4
[80.377s] DEBUG:colcon.colcon_core.event_handler.log_command:Invoked command in '/home/rahul/Mir_robot/build/mir_gazebo' returned '0': AMENT_PREFIX_PATH=/home/rahul/Mir_robot/install/mir_description:/home/rahul/Mir_robot/install/ira_laser_tools:${AMENT_PREFIX_PATH} CMAKE_PREFIX_PATH=/home/rahul/Mir_robot/install/mir_description:/home/rahul/Mir_robot/install/ira_laser_tools:/opt/ros/humble /usr/bin/cmake --build /home/rahul/Mir_robot/build/mir_gazebo -- -j4 -l4
[80.380s] DEBUG:colcon.colcon_core.event_handler.log_command:Invoking command in '/home/rahul/Mir_robot/build/mir_gazebo': AMENT_PREFIX_PATH=/home/rahul/Mir_robot/install/mir_description:/home/rahul/Mir_robot/install/ira_laser_tools:${AMENT_PREFIX_PATH} CMAKE_PREFIX_PATH=/home/rahul/Mir_robot/install/mir_description:/home/rahul/Mir_robot/install/ira_laser_tools:/opt/ros/humble /usr/bin/cmake --install /home/rahul/Mir_robot/build/mir_gazebo
[80.952s] Level 1:colcon.colcon_core.environment:create_environment_scripts_only(mir_gazebo)
[80.952s] Level 1:colcon.colcon_core.environment:checking '/home/rahul/Mir_robot/install/mir_gazebo' for CMake module files
[80.953s] DEBUG:colcon.colcon_core.event_handler.log_command:Invoked command in '/home/rahul/Mir_robot/build/mir_gazebo' returned '0': AMENT_PREFIX_PATH=/home/rahul/Mir_robot/install/mir_description:/home/rahul/Mir_robot/install/ira_laser_tools:${AMENT_PREFIX_PATH} CMAKE_PREFIX_PATH=/home/rahul/Mir_robot/install/mir_description:/home/rahul/Mir_robot/install/ira_laser_tools:/opt/ros/humble /usr/bin/cmake --install /home/rahul/Mir_robot/build/mir_gazebo
[80.953s] Level 1:colcon.colcon_core.environment:checking '/home/rahul/Mir_robot/install/mir_gazebo' for CMake config files
[80.954s] Level 1:colcon.colcon_core.shell:create_environment_hook('mir_gazebo', 'cmake_prefix_path')
[80.954s] INFO:colcon.colcon_core.shell:Creating environment hook '/home/rahul/Mir_robot/install/mir_gazebo/share/mir_gazebo/hook/cmake_prefix_path.ps1'
[80.955s] INFO:colcon.colcon_core.shell:Creating environment descriptor '/home/rahul/Mir_robot/install/mir_gazebo/share/mir_gazebo/hook/cmake_prefix_path.dsv'
[80.955s] INFO:colcon.colcon_core.shell:Creating environment hook '/home/rahul/Mir_robot/install/mir_gazebo/share/mir_gazebo/hook/cmake_prefix_path.sh'
[80.956s] Level 1:colcon.colcon_core.environment:checking '/home/rahul/Mir_robot/install/mir_gazebo/bin'
[80.956s] Level 1:colcon.colcon_core.environment:checking '/home/rahul/Mir_robot/install/mir_gazebo/lib/pkgconfig/mir_gazebo.pc'
[80.956s] Level 1:colcon.colcon_core.environment:checking '/home/rahul/Mir_robot/install/mir_gazebo/lib/python3.10/site-packages'
[80.957s] Level 1:colcon.colcon_core.environment:checking '/home/rahul/Mir_robot/install/mir_gazebo/bin'
[80.957s] INFO:colcon.colcon_core.shell:Creating package script '/home/rahul/Mir_robot/install/mir_gazebo/share/mir_gazebo/package.ps1'
[80.958s] INFO:colcon.colcon_core.shell:Creating package descriptor '/home/rahul/Mir_robot/install/mir_gazebo/share/mir_gazebo/package.dsv'
[80.958s] INFO:colcon.colcon_core.shell:Creating package script '/home/rahul/Mir_robot/install/mir_gazebo/share/mir_gazebo/package.sh'
[80.959s] INFO:colcon.colcon_core.shell:Creating package script '/home/rahul/Mir_robot/install/mir_gazebo/share/mir_gazebo/package.bash'
[80.959s] INFO:colcon.colcon_core.shell:Creating package script '/home/rahul/Mir_robot/install/mir_gazebo/share/mir_gazebo/package.zsh'
[80.959s] Level 1:colcon.colcon_core.environment:create_file_with_runtime_dependencies(/home/rahul/Mir_robot/install/mir_gazebo/share/colcon-core/packages/mir_gazebo)
[80.960s] Level 1:colcon.colcon_core.environment:create_environment_scripts_only(mir_gazebo)
[80.960s] Level 1:colcon.colcon_core.environment:checking '/home/rahul/Mir_robot/install/mir_gazebo' for CMake module files
[80.961s] Level 1:colcon.colcon_core.environment:checking '/home/rahul/Mir_robot/install/mir_gazebo' for CMake config files
[80.962s] Level 1:colcon.colcon_core.shell:create_environment_hook('mir_gazebo', 'cmake_prefix_path')
[80.962s] INFO:colcon.colcon_core.shell:Creating environment hook '/home/rahul/Mir_robot/install/mir_gazebo/share/mir_gazebo/hook/cmake_prefix_path.ps1'
[80.962s] INFO:colcon.colcon_core.shell:Creating environment descriptor '/home/rahul/Mir_robot/install/mir_gazebo/share/mir_gazebo/hook/cmake_prefix_path.dsv'
[80.963s] INFO:colcon.colcon_core.shell:Creating environment hook '/home/rahul/Mir_robot/install/mir_gazebo/share/mir_gazebo/hook/cmake_prefix_path.sh'
[80.963s] Level 1:colcon.colcon_core.environment:checking '/home/rahul/Mir_robot/install/mir_gazebo/bin'
[80.964s] Level 1:colcon.colcon_core.environment:checking '/home/rahul/Mir_robot/install/mir_gazebo/lib/pkgconfig/mir_gazebo.pc'
[80.964s] Level 1:colcon.colcon_core.environment:checking '/home/rahul/Mir_robot/install/mir_gazebo/lib/python3.10/site-packages'
[80.964s] Level 1:colcon.colcon_core.environment:checking '/home/rahul/Mir_robot/install/mir_gazebo/bin'
[80.964s] INFO:colcon.colcon_core.shell:Creating package script '/home/rahul/Mir_robot/install/mir_gazebo/share/mir_gazebo/package.ps1'
[80.965s] INFO:colcon.colcon_core.shell:Creating package descriptor '/home/rahul/Mir_robot/install/mir_gazebo/share/mir_gazebo/package.dsv'
[80.966s] INFO:colcon.colcon_core.shell:Creating package script '/home/rahul/Mir_robot/install/mir_gazebo/share/mir_gazebo/package.sh'
[80.966s] INFO:colcon.colcon_core.shell:Creating package script '/home/rahul/Mir_robot/install/mir_gazebo/share/mir_gazebo/package.bash'
[80.967s] INFO:colcon.colcon_core.shell:Creating package script '/home/rahul/Mir_robot/install/mir_gazebo/share/mir_gazebo/package.zsh'
[80.967s] Level 1:colcon.colcon_core.environment:create_file_with_runtime_dependencies(/home/rahul/Mir_robot/install/mir_gazebo/share/colcon-core/packages/mir_gazebo)
[80.968s] INFO:colcon.colcon_ros.task.ament_cmake.build:Building ROS package in '/home/rahul/Mir_robot/src/mir_robot/mir_robot/mir_robot' with build type 'ament_cmake'
[80.968s] INFO:colcon.colcon_cmake.task.cmake.build:Building CMake package in '/home/rahul/Mir_robot/src/mir_robot/mir_robot/mir_robot'
[80.968s] INFO:colcon.colcon_core.shell:Skip shell extension 'powershell' for command environment: Not usable outside of PowerShell
[80.968s] DEBUG:colcon.colcon_core.shell:Skip shell extension 'dsv' for command environment
[80.983s] DEBUG:colcon.colcon_core.event_handler.log_command:Invoking command in '/home/rahul/Mir_robot/build/mir_robot': AMENT_PREFIX_PATH=/home/rahul/Mir_robot/install/mir_gazebo:/home/rahul/Mir_robot/install/mir_description:/home/rahul/Mir_robot/install/ira_laser_tools:${AMENT_PREFIX_PATH} CMAKE_PREFIX_PATH=/home/rahul/Mir_robot/install/mir_gazebo:/home/rahul/Mir_robot/install/mir_description:/home/rahul/Mir_robot/install/ira_laser_tools:/opt/ros/humble /usr/bin/cmake /home/rahul/Mir_robot/src/mir_robot/mir_robot/mir_robot -DAMENT_CMAKE_SYMLINK_INSTALL=1 -DCMAKE_INSTALL_PREFIX=/home/rahul/Mir_robot/install/mir_robot
[81.754s] DEBUG:colcon.colcon_core.event_handler.log_command:Invoked command in '/home/rahul/Mir_robot/build/mir_robot' returned '0': AMENT_PREFIX_PATH=/home/rahul/Mir_robot/install/mir_gazebo:/home/rahul/Mir_robot/install/mir_description:/home/rahul/Mir_robot/install/ira_laser_tools:${AMENT_PREFIX_PATH} CMAKE_PREFIX_PATH=/home/rahul/Mir_robot/install/mir_gazebo:/home/rahul/Mir_robot/install/mir_description:/home/rahul/Mir_robot/install/ira_laser_tools:/opt/ros/humble /usr/bin/cmake /home/rahul/Mir_robot/src/mir_robot/mir_robot/mir_robot -DAMENT_CMAKE_SYMLINK_INSTALL=1 -DCMAKE_INSTALL_PREFIX=/home/rahul/Mir_robot/install/mir_robot
[81.756s] DEBUG:colcon.colcon_core.event_handler.log_command:Invoking command in '/home/rahul/Mir_robot/build/mir_robot': AMENT_PREFIX_PATH=/home/rahul/Mir_robot/install/mir_gazebo:/home/rahul/Mir_robot/install/mir_description:/home/rahul/Mir_robot/install/ira_laser_tools:${AMENT_PREFIX_PATH} CMAKE_PREFIX_PATH=/home/rahul/Mir_robot/install/mir_gazebo:/home/rahul/Mir_robot/install/mir_description:/home/rahul/Mir_robot/install/ira_laser_tools:/opt/ros/humble /usr/bin/cmake --build /home/rahul/Mir_robot/build/mir_robot -- -j4 -l4
[81.805s] DEBUG:colcon.colcon_core.event_handler.log_command:Invoked command in '/home/rahul/Mir_robot/build/mir_robot' returned '0': AMENT_PREFIX_PATH=/home/rahul/Mir_robot/install/mir_gazebo:/home/rahul/Mir_robot/install/mir_description:/home/rahul/Mir_robot/install/ira_laser_tools:${AMENT_PREFIX_PATH} CMAKE_PREFIX_PATH=/home/rahul/Mir_robot/install/mir_gazebo:/home/rahul/Mir_robot/install/mir_description:/home/rahul/Mir_robot/install/ira_laser_tools:/opt/ros/humble /usr/bin/cmake --build /home/rahul/Mir_robot/build/mir_robot -- -j4 -l4
[81.807s] DEBUG:colcon.colcon_core.event_handler.log_command:Invoking command in '/home/rahul/Mir_robot/build/mir_robot': AMENT_PREFIX_PATH=/home/rahul/Mir_robot/install/mir_gazebo:/home/rahul/Mir_robot/install/mir_description:/home/rahul/Mir_robot/install/ira_laser_tools:${AMENT_PREFIX_PATH} CMAKE_PREFIX_PATH=/home/rahul/Mir_robot/install/mir_gazebo:/home/rahul/Mir_robot/install/mir_description:/home/rahul/Mir_robot/install/ira_laser_tools:/opt/ros/humble /usr/bin/cmake --install /home/rahul/Mir_robot/build/mir_robot
[81.993s] Level 1:colcon.colcon_core.environment:create_environment_scripts_only(mir_robot)
[81.993s] Level 1:colcon.colcon_core.environment:checking '/home/rahul/Mir_robot/install/mir_robot' for CMake module files
[81.994s] DEBUG:colcon.colcon_core.event_handler.log_command:Invoked command in '/home/rahul/Mir_robot/build/mir_robot' returned '0': AMENT_PREFIX_PATH=/home/rahul/Mir_robot/install/mir_gazebo:/home/rahul/Mir_robot/install/mir_description:/home/rahul/Mir_robot/install/ira_laser_tools:${AMENT_PREFIX_PATH} CMAKE_PREFIX_PATH=/home/rahul/Mir_robot/install/mir_gazebo:/home/rahul/Mir_robot/install/mir_description:/home/rahul/Mir_robot/install/ira_laser_tools:/opt/ros/humble /usr/bin/cmake --install /home/rahul/Mir_robot/build/mir_robot
[81.994s] Level 1:colcon.colcon_core.environment:checking '/home/rahul/Mir_robot/install/mir_robot' for CMake config files
[81.994s] Level 1:colcon.colcon_core.shell:create_environment_hook('mir_robot', 'cmake_prefix_path')
[81.994s] INFO:colcon.colcon_core.shell:Creating environment hook '/home/rahul/Mir_robot/install/mir_robot/share/mir_robot/hook/cmake_prefix_path.ps1'
[81.995s] INFO:colcon.colcon_core.shell:Creating environment descriptor '/home/rahul/Mir_robot/install/mir_robot/share/mir_robot/hook/cmake_prefix_path.dsv'
[81.995s] INFO:colcon.colcon_core.shell:Creating environment hook '/home/rahul/Mir_robot/install/mir_robot/share/mir_robot/hook/cmake_prefix_path.sh'
[81.996s] Level 1:colcon.colcon_core.environment:checking '/home/rahul/Mir_robot/install/mir_robot/bin'
[81.996s] Level 1:colcon.colcon_core.environment:checking '/home/rahul/Mir_robot/install/mir_robot/lib/pkgconfig/mir_robot.pc'
[81.996s] Level 1:colcon.colcon_core.environment:checking '/home/rahul/Mir_robot/install/mir_robot/lib/python3.10/site-packages'
[81.997s] Level 1:colcon.colcon_core.environment:checking '/home/rahul/Mir_robot/install/mir_robot/bin'
[81.997s] INFO:colcon.colcon_core.shell:Creating package script '/home/rahul/Mir_robot/install/mir_robot/share/mir_robot/package.ps1'
[81.997s] INFO:colcon.colcon_core.shell:Creating package descriptor '/home/rahul/Mir_robot/install/mir_robot/share/mir_robot/package.dsv'
[81.998s] INFO:colcon.colcon_core.shell:Creating package script '/home/rahul/Mir_robot/install/mir_robot/share/mir_robot/package.sh'
[81.998s] INFO:colcon.colcon_core.shell:Creating package script '/home/rahul/Mir_robot/install/mir_robot/share/mir_robot/package.bash'
[81.999s] INFO:colcon.colcon_core.shell:Creating package script '/home/rahul/Mir_robot/install/mir_robot/share/mir_robot/package.zsh'
[81.999s] Level 1:colcon.colcon_core.environment:create_file_with_runtime_dependencies(/home/rahul/Mir_robot/install/mir_robot/share/colcon-core/packages/mir_robot)
[82.000s] Level 1:colcon.colcon_core.environment:create_environment_scripts_only(mir_robot)
[82.000s] Level 1:colcon.colcon_core.environment:checking '/home/rahul/Mir_robot/install/mir_robot' for CMake module files
[82.000s] Level 1:colcon.colcon_core.environment:checking '/home/rahul/Mir_robot/install/mir_robot' for CMake config files
[82.001s] Level 1:colcon.colcon_core.shell:create_environment_hook('mir_robot', 'cmake_prefix_path')
[82.001s] INFO:colcon.colcon_core.shell:Creating environment hook '/home/rahul/Mir_robot/install/mir_robot/share/mir_robot/hook/cmake_prefix_path.ps1'
[82.001s] INFO:colcon.colcon_core.shell:Creating environment descriptor '/home/rahul/Mir_robot/install/mir_robot/share/mir_robot/hook/cmake_prefix_path.dsv'
[82.002s] INFO:colcon.colcon_core.shell:Creating environment hook '/home/rahul/Mir_robot/install/mir_robot/share/mir_robot/hook/cmake_prefix_path.sh'
[82.002s] Level 1:colcon.colcon_core.environment:checking '/home/rahul/Mir_robot/install/mir_robot/bin'
[82.002s] Level 1:colcon.colcon_core.environment:checking '/home/rahul/Mir_robot/install/mir_robot/lib/pkgconfig/mir_robot.pc'
[82.003s] Level 1:colcon.colcon_core.environment:checking '/home/rahul/Mir_robot/install/mir_robot/lib/python3.10/site-packages'
[82.003s] Level 1:colcon.colcon_core.environment:checking '/home/rahul/Mir_robot/install/mir_robot/bin'
[82.003s] INFO:colcon.colcon_core.shell:Creating package script '/home/rahul/Mir_robot/install/mir_robot/share/mir_robot/package.ps1'
[82.004s] INFO:colcon.colcon_core.shell:Creating package descriptor '/home/rahul/Mir_robot/install/mir_robot/share/mir_robot/package.dsv'
[82.004s] INFO:colcon.colcon_core.shell:Creating package script '/home/rahul/Mir_robot/install/mir_robot/share/mir_robot/package.sh'
[82.005s] INFO:colcon.colcon_core.shell:Creating package script '/home/rahul/Mir_robot/install/mir_robot/share/mir_robot/package.bash'
[82.005s] INFO:colcon.colcon_core.shell:Creating package script '/home/rahul/Mir_robot/install/mir_robot/share/mir_robot/package.zsh'
[82.006s] Level 1:colcon.colcon_core.environment:create_file_with_runtime_dependencies(/home/rahul/Mir_robot/install/mir_robot/share/colcon-core/packages/mir_robot)
[82.010s] DEBUG:colcon.colcon_parallel_executor.executor.parallel:closing loop
[82.010s] DEBUG:colcon.colcon_parallel_executor.executor.parallel:loop closed
[82.011s] DEBUG:colcon.colcon_parallel_executor.executor.parallel:run_until_complete finished with '0'
[82.011s] DEBUG:colcon.colcon_core.event_reactor:joining thread
[82.052s] INFO:colcon.colcon_core.plugin_system:Skipping extension 'colcon_notification.desktop_notification.terminal_notifier': Not used on non-Darwin systems
[82.052s] INFO:colcon.colcon_core.plugin_system:Skipping extension 'colcon_notification.desktop_notification.win32': Not used on non-Windows systems
[82.052s] INFO:colcon.colcon_notification.desktop_notification:Sending desktop notification using 'notify2'
[82.074s] DEBUG:colcon.colcon_core.event_reactor:joined thread
[82.074s] INFO:colcon.colcon_core.shell:Creating prefix script '/home/rahul/Mir_robot/install/local_setup.ps1'
[82.075s] INFO:colcon.colcon_core.shell:Creating prefix util module '/home/rahul/Mir_robot/install/_local_setup_util_ps1.py'
[82.079s] INFO:colcon.colcon_core.shell:Creating prefix chain script '/home/rahul/Mir_robot/install/setup.ps1'
[82.080s] INFO:colcon.colcon_core.shell:Creating prefix script '/home/rahul/Mir_robot/install/local_setup.sh'
[82.081s] INFO:colcon.colcon_core.shell:Creating prefix util module '/home/rahul/Mir_robot/install/_local_setup_util_sh.py'
[82.082s] INFO:colcon.colcon_core.shell:Creating prefix chain script '/home/rahul/Mir_robot/install/setup.sh'
[82.083s] INFO:colcon.colcon_core.shell:Creating prefix script '/home/rahul/Mir_robot/install/local_setup.bash'
[82.084s] INFO:colcon.colcon_core.shell:Creating prefix chain script '/home/rahul/Mir_robot/install/setup.bash'
[82.085s] INFO:colcon.colcon_core.shell:Creating prefix script '/home/rahul/Mir_robot/install/local_setup.zsh'
[82.086s] INFO:colcon.colcon_core.shell:Creating prefix chain script '/home/rahul/Mir_robot/install/setup.zsh'
